building,date,method,capacity_kw,baseline_energy_eur,baseline_excess_kwh,solver_failed,replay_infeasible,export_attempt_hours,minimum_grid_kw,replayed_energy_eur,replayed_excess_kwh
Wolf_retail_Marcella,2017-01-01,previous_day,14.094250000000002,24.54285,0.0,False,False,0,0.6349999999999998,22.09885,0.0
Wolf_retail_Marcella,2017-01-01,previous_week,14.094250000000002,24.54285,0.0,False,False,0,0.46499999999999986,22.09885,0.0
Wolf_retail_Marcella,2017-01-01,ridge,14.094250000000002,24.54285,0.0,False,True,3,-0.06500000000000039,,
Wolf_retail_Marcella,2017-01-01,gradient_boosting,14.094250000000002,24.54285,0.0,False,True,2,-0.06500000000000039,,
Wolf_retail_Marcella,2017-01-01,perfect_foresight,14.094250000000002,24.54285,0.0,False,False,0,0.004999999999999893,22.10185,0.0
Wolf_retail_Marcella,2017-01-02,previous_day,14.094250000000002,47.800900000000006,2.4414999999999942,False,False,0,4.57,45.35990000000001,1.9732499999999966
Wolf_retail_Marcella,2017-01-02,previous_week,14.094250000000002,47.800900000000006,2.4414999999999942,False,False,0,4.1775,45.35690000000001,1.9732499999999966
Wolf_retail_Marcella,2017-01-02,ridge,14.094250000000002,47.800900000000006,2.4414999999999942,False,False,0,4.1775,45.35690000000001,1.9732499999999966
Wolf_retail_Marcella,2017-01-02,gradient_boosting,14.094250000000002,47.800900000000006,2.4414999999999942,False,False,0,4.1775,45.35690000000001,1.9732499999999966
Wolf_retail_Marcella,2017-01-02,perfect_foresight,14.094250000000002,47.800900000000006,2.4414999999999942,False,False,0,4.1775,45.35690000000001,0.0032499999999959783
Wolf_retail_Marcella,2017-01-03,previous_day,14.094250000000002,52.114650000000005,2.758999999999995,False,False,0,6.9725,49.67065000000001,1.1757499999999972
Wolf_retail_Marcella,2017-01-03,previous_week,14.094250000000002,52.114650000000005,2.758999999999995,False,False,0,6.9725,49.67065000000001,2.758999999999995
Wolf_retail_Marcella,2017-01-03,ridge,14.094250000000002,52.114650000000005,2.758999999999995,False,False,0,6.9725,49.67065000000001,2.758999999999995
Wolf_retail_Marcella,2017-01-03,gradient_boosting,14.094250000000002,52.114650000000005,2.758999999999995,False,False,0,6.9725,49.67065000000001,2.758999999999995
Wolf_retail_Marcella,2017-01-03,perfect_foresight,14.094250000000002,52.114650000000005,2.758999999999995,False,False,0,6.9725,49.67065,0.0032499999999977547
Wolf_retail_Marcella,2017-01-04,previous_day,14.094250000000002,15.147699999999999,0.0,False,True,3,-3.2975000000000003,,
Wolf_retail_Marcella,2017-01-04,previous_week,14.094250000000002,15.147699999999999,0.0,False,True,3,-3.2975000000000003,,
Wolf_retail_Marcella,2017-01-04,ridge,14.094250000000002,15.147699999999999,0.0,False,True,3,-3.2975000000000003,,
Wolf_retail_Marcella,2017-01-04,gradient_boosting,14.094250000000002,15.147699999999999,0.0,False,True,3,-3.2975000000000003,,
Wolf_retail_Marcella,2017-01-04,perfect_foresight,14.094250000000002,15.147699999999999,0.0,False,False,0,-0.002500000000000391,12.7052,0.0
Wolf_retail_Marcella,2017-01-05,previous_day,14.094250000000002,23.667600000000004,0.0,False,True,3,-0.825,,
Wolf_retail_Marcella,2017-01-05,previous_week,14.094250000000002,23.667600000000004,0.0,False,True,3,-3.9450000000000003,,
Wolf_retail_Marcella,2017-01-05,ridge,14.094250000000002,23.667600000000004,0.0,False,True,3,-3.9450000000000003,,
Wolf_retail_Marcella,2017-01-05,gradient_boosting,14.094250000000002,23.667600000000004,0.0,False,True,3,-3.9450000000000003,,
Wolf_retail_Marcella,2017-01-05,perfect_foresight,14.094250000000002,23.667600000000004,0.0,False,False,0,-0.0024999999999999467,21.22735,0.0
Wolf_retail_Marcella,2017-01-06,previous_day,14.094250000000002,39.2628,0.0,False,False,0,3.8275,36.821799999999996,0.0
Wolf_retail_Marcella,2017-01-06,previous_week,14.094250000000002,39.2628,0.0,False,False,0,3.8275,36.8228,0.0
Wolf_retail_Marcella,2017-01-06,ridge,14.094250000000002,39.2628,0.0,False,False,0,3.8275,36.8188,0.0
Wolf_retail_Marcella,2017-01-06,gradient_boosting,14.094250000000002,39.2628,0.0,False,False,0,3.8275,36.8188,0.0
Wolf_retail_Marcella,2017-01-06,perfect_foresight,14.094250000000002,39.2628,0.0,False,False,0,3.8275,36.8188,0.0
Wolf_retail_Marcella,2017-01-07,previous_day,14.094250000000002,10.6388,0.0,False,True,3,-4.8125,,
Wolf_retail_Marcella,2017-01-07,previous_week,14.094250000000002,10.6388,0.0,False,True,4,-3.7825,,
Wolf_retail_Marcella,2017-01-07,ridge,14.094250000000002,10.6388,0.0,False,True,3,-4.8125,,
Wolf_retail_Marcella,2017-01-07,gradient_boosting,14.094250000000002,10.6388,0.0,False,True,3,-4.8125,,
Wolf_retail_Marcella,2017-01-07,perfect_foresight,14.094250000000002,10.6388,0.0,False,False,0,-0.004999999999999893,8.86955,0.0
Wolf_retail_Marcella,2017-01-08,previous_day,14.094250000000002,39.85410000000001,0.0,False,False,0,5.3025,38.0821,0.0
Wolf_retail_Marcella,2017-01-08,previous_week,14.094250000000002,39.85410000000001,0.0,False,False,0,1.9575000000000005,37.4131,0.0
Wolf_retail_Marcella,2017-01-08,ridge,14.094250000000002,39.85410000000001,0.0,False,False,0,1.9275000000000002,37.4101,0.0
Wolf_retail_Marcella,2017-01-08,gradient_boosting,14.094250000000002,39.85410000000001,0.0,False,False,0,4.3875,37.457100000000004,0.0
Wolf_retail_Marcella,2017-01-08,perfect_foresight,14.094250000000002,39.85410000000001,0.0,False,False,0,1.9275000000000002,37.4101,0.0
Wolf_retail_Marcella,2017-01-09,previous_day,14.094250000000002,31.628400000000003,0.0,False,False,0,1.54,29.184400000000007,0.0
Wolf_retail_Marcella,2017-01-09,previous_week,14.094250000000002,31.628400000000003,0.0,False,False,0,1.54,29.184400000000004,0.0
Wolf_retail_Marcella,2017-01-09,ridge,14.094250000000002,31.628400000000003,0.0,False,False,0,1.54,29.184400000000007,0.0
Wolf_retail_Marcella,2017-01-09,gradient_boosting,14.094250000000002,31.628400000000003,0.0,False,False,0,1.54,29.184400000000007,0.0
Wolf_retail_Marcella,2017-01-09,perfect_foresight,14.094250000000002,31.628400000000003,0.0,False,False,0,1.54,29.184400000000007,0.0
Wolf_retail_Marcella,2017-01-10,previous_day,14.094250000000002,17.308299999999996,0.0,False,True,3,-1.8475000000000001,,
Wolf_retail_Marcella,2017-01-10,previous_week,14.094250000000002,17.308299999999996,0.0,False,True,2,-1.8475000000000001,,
Wolf_retail_Marcella,2017-01-10,ridge,14.094250000000002,17.308299999999996,0.0,False,True,3,-1.8475000000000001,,
Wolf_retail_Marcella,2017-01-10,gradient_boosting,14.094250000000002,17.308299999999996,0.0,False,True,3,-1.8475000000000001,,
Wolf_retail_Marcella,2017-01-10,perfect_foresight,14.094250000000002,17.308299999999996,0.0,False,False,0,-0.004999999999999893,14.865799999999998,0.0
Wolf_retail_Marcella,2017-01-11,previous_day,14.094250000000002,36.17020000000001,0.0,False,False,0,4.0649999999999995,33.726200000000006,0.0
Wolf_retail_Marcella,2017-01-11,previous_week,14.094250000000002,36.17020000000001,0.0,False,False,0,3.9475,33.726200000000006,0.0
Wolf_retail_Marcella,2017-01-11,ridge,14.094250000000002,36.17020000000001,0.0,False,False,0,2.415,33.726200000000006,0.0
Wolf_retail_Marcella,2017-01-11,gradient_boosting,14.094250000000002,36.17020000000001,0.0,False,False,0,2.415,33.726200000000006,0.0
Wolf_retail_Marcella,2017-01-11,perfect_foresight,14.094250000000002,36.17020000000001,0.0,False,False,0,2.415,33.726200000000006,0.0
Wolf_retail_Marcella,2017-01-12,previous_day,14.094250000000002,48.095699999999994,1.3864999999999963,False,False,0,5.8275,45.65169999999999,1.3864999999999963
Wolf_retail_Marcella,2017-01-12,previous_week,14.094250000000002,48.095699999999994,1.3864999999999963,False,False,0,5.8275,45.654699999999984,0.6707499999999982
Wolf_retail_Marcella,2017-01-12,ridge,14.094250000000002,48.095699999999994,1.3864999999999963,False,False,0,5.8275,45.65169999999999,1.3864999999999963
Wolf_retail_Marcella,2017-01-12,gradient_boosting,14.094250000000002,48.095699999999994,1.3864999999999963,False,False,0,5.8275,45.65169999999999,1.3864999999999963
Wolf_retail_Marcella,2017-01-12,perfect_foresight,14.094250000000002,48.095699999999994,1.3864999999999963,False,False,0,5.8275,45.66969999999999,0.0007499999999982521
Wolf_retail_Marcella,2017-01-13,previous_day,14.094250000000002,51.45229999999999,3.873749999999985,False,False,0,5.5975,49.0263,2.90224999999999
Wolf_retail_Marcella,2017-01-13,previous_week,14.094250000000002,51.45229999999999,3.873749999999985,False,False,0,5.5975,49.00829999999999,3.3704999999999874
Wolf_retail_Marcella,2017-01-13,ridge,14.094250000000002,51.45229999999999,3.873749999999985,False,False,0,5.5975,49.00829999999999,3.3704999999999874
Wolf_retail_Marcella,2017-01-13,gradient_boosting,14.094250000000002,51.45229999999999,3.873749999999985,False,False,0,5.5975,49.00829999999999,3.3704999999999874
Wolf_retail_Marcella,2017-01-13,perfect_foresight,14.094250000000002,51.45229999999999,3.873749999999985,False,False,0,5.5975,49.12829999999999,0.00399999999999423
Wolf_retail_Marcella,2017-01-14,previous_day,14.094250000000002,23.03335,0.0,False,True,2,-1.0074999999999998,,
Wolf_retail_Marcella,2017-01-14,previous_week,14.094250000000002,23.03335,0.0,False,False,0,2.7925,21.261349999999997,0.0
Wolf_retail_Marcella,2017-01-14,ridge,14.094250000000002,23.03335,0.0,False,True,3,-1.0074999999999998,,
Wolf_retail_Marcella,2017-01-14,gradient_boosting,14.094250000000002,23.03335,0.0,False,True,3,-1.0074999999999998,,
Wolf_retail_Marcella,2017-01-14,perfect_foresight,14.094250000000002,23.03335,0.0,False,False,0,-0.004999999999999893,20.59085,0.0
Wolf_retail_Marcella,2017-01-15,previous_day,14.094250000000002,21.451800000000002,0.0,False,True,2,-0.6025,,
Wolf_retail_Marcella,2017-01-15,previous_week,14.094250000000002,21.451800000000002,0.0,False,True,3,-0.9524999999999997,,
Wolf_retail_Marcella,2017-01-15,ridge,14.094250000000002,21.451800000000002,0.0,False,True,3,-0.9524999999999997,,
Wolf_retail_Marcella,2017-01-15,gradient_boosting,14.094250000000002,21.451800000000002,0.0,False,True,3,-0.9524999999999997,,
Wolf_retail_Marcella,2017-01-15,perfect_foresight,14.094250000000002,21.451800000000002,0.0,False,False,0,-0.0024999999999995026,19.00855,0.0
Wolf_retail_Marcella,2017-01-16,previous_day,14.094250000000002,46.879650000000005,1.1882499999999983,False,False,0,4.4125,44.435649999999995,1.1882499999999983
Wolf_retail_Marcella,2017-01-16,previous_week,14.094250000000002,46.879650000000005,1.1882499999999983,False,False,0,4.4125,44.435649999999995,1.1882499999999983
Wolf_retail_Marcella,2017-01-16,ridge,14.094250000000002,46.879650000000005,1.1882499999999983,False,False,0,4.4125,44.435649999999995,1.1882499999999983
Wolf_retail_Marcella,2017-01-16,gradient_boosting,14.094250000000002,46.879650000000005,1.1882499999999983,False,False,0,4.4125,44.435649999999995,1.1882499999999983
Wolf_retail_Marcella,2017-01-16,perfect_foresight,14.094250000000002,46.879650000000005,1.1882499999999983,False,False,0,4.4125,44.435649999999995,0.0
Wolf_retail_Marcella,2017-01-17,previous_day,14.094250000000002,46.18045,0.19824999999999804,False,False,0,4.55,43.736450000000005,0.19824999999999804
Wolf_retail_Marcella,2017-01-17,previous_week,14.094250000000002,46.18045,0.19824999999999804,False,False,0,4.55,43.736450000000005,0.19824999999999804
Wolf_retail_Marcella,2017-01-17,ridge,14.094250000000002,46.18045,0.19824999999999804,False,False,0,4.55,43.736450000000005,0.19824999999999804
Wolf_retail_Marcella,2017-01-17,gradient_boosting,14.094250000000002,46.18045,0.19824999999999804,False,False,0,4.55,43.736450000000005,0.19824999999999804
Wolf_retail_Marcella,2017-01-17,perfect_foresight,14.094250000000002,46.18045,0.19824999999999804,False,False,0,4.55,43.74045,0.0
Wolf_retail_Marcella,2017-01-18,previous_day,14.094250000000002,41.8951,0.0,False,False,0,4.565,39.455099999999995,0.0
Wolf_retail_Marcella,2017-01-18,previous_week,14.094250000000002,41.8951,0.0,False,False,0,4.565,39.4511,0.0
Wolf_retail_Marcella,2017-01-18,ridge,14.094250000000002,41.8951,0.0,False,False,0,4.565,39.4511,0.0
Wolf_retail_Marcella,2017-01-18,gradient_boosting,14.094250000000002,41.8951,0.0,False,False,0,4.565,39.4511,0.0
Wolf_retail_Marcella,2017-01-18,perfect_foresight,14.094250000000002,41.8951,0.0,False,False,0,4.565,39.4511,0.0
Wolf_retail_Marcella,2017-01-19,previous_day,14.094250000000002,41.30375,0.0,False,False,0,4.5775,38.859750000000005,0.0
Wolf_retail_Marcella,2017-01-19,previous_week,14.094250000000002,41.30375,0.0,False,False,0,4.5775,38.87775,0.0
Wolf_retail_Marcella,2017-01-19,ridge,14.094250000000002,41.30375,0.0,False,False,0,4.5775,38.859750000000005,0.0
Wolf_retail_Marcella,2017-01-19,gradient_boosting,14.094250000000002,41.30375,0.0,False,False,0,4.5775,38.859750000000005,0.0
Wolf_retail_Marcella,2017-01-19,perfect_foresight,14.094250000000002,41.30375,0.0,False,False,0,4.5775,38.859750000000005,0.0
Wolf_retail_Marcella,2017-01-20,previous_day,14.094250000000002,48.98049999999999,3.341249999999988,False,False,0,4.845,46.5365,2.8954999999999913
Wolf_retail_Marcella,2017-01-20,previous_week,14.094250000000002,48.98049999999999,3.341249999999988,False,False,0,4.845,46.6565,0.5914999999999964
Wolf_retail_Marcella,2017-01-20,ridge,14.094250000000002,48.98049999999999,3.341249999999988,False,False,0,4.845,46.5365,2.8954999999999913
Wolf_retail_Marcella,2017-01-20,gradient_boosting,14.094250000000002,48.98049999999999,3.341249999999988,False,False,0,4.845,46.5365,2.8954999999999913
Wolf_retail_Marcella,2017-01-20,perfect_foresight,14.094250000000002,48.98049999999999,3.341249999999988,False,False,0,4.845,46.63849999999999,0.00399999999999423
Wolf_retail_Marcella,2017-01-21,previous_day,14.094250000000002,24.573050000000002,0.0,False,True,2,-0.46999999999999975,,
Wolf_retail_Marcella,2017-01-21,previous_week,14.094250000000002,24.573050000000002,0.0,False,False,0,0.1200000000000001,22.12905,0.0
Wolf_retail_Marcella,2017-01-21,ridge,14.094250000000002,24.573050000000002,0.0,False,True,3,-0.46999999999999975,,
Wolf_retail_Marcella,2017-01-21,gradient_boosting,14.094250000000002,24.573050000000002,0.0,False,True,3,-0.46999999999999975,,
Wolf_retail_Marcella,2017-01-21,perfect_foresight,14.094250000000002,24.573050000000002,0.0,False,False,0,-0.002500000000000391,22.1298,0.0
Wolf_retail_Marcella,2017-01-22,previous_day,14.094250000000002,24.418549999999996,0.0,False,True,2,-0.15250000000000075,,
Wolf_retail_Marcella,2017-01-22,previous_week,14.094250000000002,24.418549999999996,0.0,False,False,0,0.22499999999999964,21.974549999999997,0.0
Wolf_retail_Marcella,2017-01-22,ridge,14.094250000000002,24.418549999999996,0.0,False,True,3,-0.5750000000000002,,
Wolf_retail_Marcella,2017-01-22,gradient_boosting,14.094250000000002,24.418549999999996,0.0,False,False,0,0.5449999999999999,21.97455,0.0
Wolf_retail_Marcella,2017-01-22,perfect_foresight,14.094250000000002,24.418549999999996,0.0,False,False,0,-0.002500000000000391,21.975299999999997,0.0
Wolf_retail_Marcella,2017-01-23,previous_day,14.094250000000002,49.913100000000014,2.911499999999995,False,False,0,5.14,47.46910000000001,2.911499999999995
Wolf_retail_Marcella,2017-01-23,previous_week,14.094250000000002,49.913100000000014,2.911499999999995,False,False,0,5.14,47.469100000000005,1.7214999999999954
Wolf_retail_Marcella,2017-01-23,ridge,14.094250000000002,49.913100000000014,2.911499999999995,False,False,0,5.14,47.46910000000001,2.911499999999995
Wolf_retail_Marcella,2017-01-23,gradient_boosting,14.094250000000002,49.913100000000014,2.911499999999995,False,False,0,5.14,47.46910000000001,2.911499999999995
Wolf_retail_Marcella,2017-01-23,perfect_foresight,14.094250000000002,49.913100000000014,2.911499999999995,False,False,0,5.14,47.50510000000001,0.003999999999996007
Wolf_retail_Marcella,2017-01-24,previous_day,14.094250000000002,44.104649999999985,0.0,False,False,0,5.635,41.69664999999999,0.0
Wolf_retail_Marcella,2017-01-24,previous_week,14.094250000000002,44.104649999999985,0.0,False,False,0,5.635,41.66464999999999,0.0
Wolf_retail_Marcella,2017-01-24,ridge,14.094250000000002,44.104649999999985,0.0,False,False,0,5.635,41.66064999999999,0.0
Wolf_retail_Marcella,2017-01-24,gradient_boosting,14.094250000000002,44.104649999999985,0.0,False,False,0,5.635,41.662649999999985,0.0
Wolf_retail_Marcella,2017-01-24,perfect_foresight,14.094250000000002,44.104649999999985,0.0,False,False,0,5.635,41.66064999999999,0.0
Wolf_retail_Marcella,2017-01-25,previous_day,14.094250000000002,40.157900000000005,0.0,False,False,0,4.26,37.7139,0.0
Wolf_retail_Marcella,2017-01-25,previous_week,14.094250000000002,40.157900000000005,0.0,False,False,0,4.26,37.7139,0.0
Wolf_retail_Marcella,2017-01-25,ridge,14.094250000000002,40.157900000000005,0.0,False,False,0,4.26,37.7139,0.0
Wolf_retail_Marcella,2017-01-25,gradient_boosting,14.094250000000002,40.157900000000005,0.0,False,False,0,4.26,37.7139,0.0
Wolf_retail_Marcella,2017-01-25,perfect_foresight,14.094250000000002,40.157900000000005,0.0,False,False,0,4.26,37.7139,0.0
Wolf_retail_Marcella,2017-01-26,previous_day,14.094250000000002,46.70965000000001,1.4832499999999982,False,False,0,4.9475,44.26565000000001,1.4832499999999982
Wolf_retail_Marcella,2017-01-26,previous_week,14.094250000000002,46.70965000000001,1.4832499999999982,False,False,0,4.9475,44.26565000000001,1.4832499999999982
Wolf_retail_Marcella,2017-01-26,ridge,14.094250000000002,46.70965000000001,1.4832499999999982,False,False,0,4.9475,44.26565000000001,1.4832499999999982
Wolf_retail_Marcella,2017-01-26,gradient_boosting,14.094250000000002,46.70965000000001,1.4832499999999982,False,False,0,4.9475,44.26565000000001,1.4832499999999982
Wolf_retail_Marcella,2017-01-26,perfect_foresight,14.094250000000002,46.70965000000001,1.4832499999999982,False,False,0,4.9475,44.26565000000001,0.0032499999999977547
Wolf_retail_Marcella,2017-01-27,previous_day,14.094250000000002,53.83559999999999,4.433749999999989,False,False,0,4.9875,51.391600000000004,2.9537499999999888
Wolf_retail_Marcella,2017-01-27,previous_week,14.094250000000002,53.83559999999999,4.433749999999989,False,False,0,4.9875,51.4936,2.053999999999995
Wolf_retail_Marcella,2017-01-27,ridge,14.094250000000002,53.83559999999999,4.433749999999989,False,False,0,4.9875,51.3916,4.39374999999999
Wolf_retail_Marcella,2017-01-27,gradient_boosting,14.094250000000002,53.83559999999999,4.433749999999989,False,False,0,4.9875,51.3916,4.39374999999999
Wolf_retail_Marcella,2017-01-27,perfect_foresight,14.094250000000002,53.83559999999999,4.433749999999989,False,False,0,4.9875,51.4426,0.003999999999996007
Wolf_retail_Marcella,2017-01-28,previous_day,14.094250000000002,36.31909999999999,0.0,False,False,0,1.5925000000000002,33.9261,0.0
Wolf_retail_Marcella,2017-01-28,previous_week,14.094250000000002,36.31909999999999,0.0,False,False,0,2.0625,33.875099999999996,0.0
Wolf_retail_Marcella,2017-01-28,ridge,14.094250000000002,36.31909999999999,0.0,False,False,0,1.5925000000000002,33.8751,0.0
Wolf_retail_Marcella,2017-01-28,gradient_boosting,14.094250000000002,36.31909999999999,0.0,False,False,0,1.5925000000000002,33.875099999999996,0.0
Wolf_retail_Marcella,2017-01-28,perfect_foresight,14.094250000000002,36.31909999999999,0.0,False,False,0,1.5925000000000002,33.8751,0.0
Wolf_retail_Marcella,2017-01-29,previous_day,14.094250000000002,36.86095,0.0,False,False,0,2.4225000000000003,34.41695,0.0
Wolf_retail_Marcella,2017-01-29,previous_week,14.094250000000002,36.86095,0.0,False,False,0,2.9275,34.41695,0.0
Wolf_retail_Marcella,2017-01-29,ridge,14.094250000000002,36.86095,0.0,False,False,0,2.4225000000000003,34.41695,0.0
Wolf_retail_Marcella,2017-01-29,gradient_boosting,14.094250000000002,36.86095,0.0,False,False,0,2.4225000000000003,34.41695,0.0
Wolf_retail_Marcella,2017-01-29,perfect_foresight,14.094250000000002,36.86095,0.0,False,False,0,2.4225000000000003,34.41695,0.0
Wolf_retail_Marcella,2017-01-30,previous_day,14.094250000000002,61.915049999999994,30.407499999999978,False,False,0,7.715,59.47105,22.740249999999982
Wolf_retail_Marcella,2017-01-30,previous_week,14.094250000000002,61.915049999999994,30.407499999999978,False,False,0,7.715,59.50705,21.32949999999998
Wolf_retail_Marcella,2017-01-30,ridge,14.094250000000002,61.915049999999994,30.407499999999978,False,False,0,7.715,59.47105,22.740249999999982
Wolf_retail_Marcella,2017-01-30,gradient_boosting,14.094250000000002,61.915049999999994,30.407499999999978,False,False,0,7.715,59.46805,22.020249999999983
Wolf_retail_Marcella,2017-01-30,perfect_foresight,14.094250000000002,61.915049999999994,30.407499999999978,False,False,0,7.715,59.95305,15.375249999999983
Wolf_retail_Marcella,2017-01-31,previous_day,14.094250000000002,48.949299999999994,0.9272499999999919,False,False,0,6.0025,46.987300000000005,0.25574999999999726
Wolf_retail_Marcella,2017-01-31,previous_week,14.094250000000002,48.949299999999994,0.9272499999999919,False,False,0,6.0025,46.5053,0.9272499999999919
Wolf_retail_Marcella,2017-01-31,ridge,14.094250000000002,48.949299999999994,0.9272499999999919,False,False,0,6.0025,46.5053,0.9272499999999919
Wolf_retail_Marcella,2017-01-31,gradient_boosting,14.094250000000002,48.949299999999994,0.9272499999999919,False,False,0,6.0025,46.819300000000005,0.25574999999999726
Wolf_retail_Marcella,2017-01-31,perfect_foresight,14.094250000000002,48.949299999999994,0.9272499999999919,False,False,0,6.0025,46.5213,0.0032499999999977547
Wolf_retail_Marcella,2017-02-01,previous_day,14.094250000000002,41.5683,0.0,False,False,0,4.4725,39.140299999999996,0.0
Wolf_retail_Marcella,2017-02-01,previous_week,14.094250000000002,41.5683,0.0,False,False,0,4.4725,39.1243,0.0
Wolf_retail_Marcella,2017-02-01,ridge,14.094250000000002,41.5683,0.0,False,False,0,4.4725,39.1243,0.0
Wolf_retail_Marcella,2017-02-01,gradient_boosting,14.094250000000002,41.5683,0.0,False,False,0,4.4725,39.1243,0.0
Wolf_retail_Marcella,2017-02-01,perfect_foresight,14.094250000000002,41.5683,0.0,False,False,0,4.4725,39.1243,0.0
Wolf_retail_Marcella,2017-02-02,previous_day,14.094250000000002,50.05445000000001,2.817749999999986,False,False,0,5.0325,47.61045000000001,2.3744999999999887
Wolf_retail_Marcella,2017-02-02,previous_week,14.094250000000002,50.05445000000001,2.817749999999986,False,False,0,5.0325,47.61045000000001,1.2387499999999907
Wolf_retail_Marcella,2017-02-02,ridge,14.094250000000002,50.05445000000001,2.817749999999986,False,False,0,5.0325,47.61045000000001,2.3744999999999887
Wolf_retail_Marcella,2017-02-02,gradient_boosting,14.094250000000002,50.05445000000001,2.817749999999986,False,False,0,5.0325,47.61045000000001,2.3744999999999887
Wolf_retail_Marcella,2017-02-02,perfect_foresight,14.094250000000002,50.05445000000001,2.817749999999986,False,False,0,5.0325,47.71545,0.0
Wolf_retail_Marcella,2017-02-03,previous_day,14.094250000000002,52.446600000000004,2.2947499999999934,False,False,0,6.5025,50.1076,1.148249999999999
Wolf_retail_Marcella,2017-02-03,previous_week,14.094250000000002,52.446600000000004,2.2947499999999934,False,False,0,6.5025,50.0536,0.13824999999999932
Wolf_retail_Marcella,2017-02-03,ridge,14.094250000000002,52.446600000000004,2.2947499999999934,False,False,0,6.5025,50.0026,2.2389999999999954
Wolf_retail_Marcella,2017-02-03,gradient_boosting,14.094250000000002,52.446600000000004,2.2947499999999934,False,False,0,6.5025,50.0026,2.2389999999999954
Wolf_retail_Marcella,2017-02-03,perfect_foresight,14.094250000000002,52.446600000000004,2.2947499999999934,False,False,0,6.5025,50.0026,0.0007499999999964757
Wolf_retail_Marcella,2017-02-04,previous_day,14.094250000000002,12.461400000000001,0.0,False,True,3,-4.3525,,
Wolf_retail_Marcella,2017-02-04,previous_week,14.094250000000002,12.461400000000001,0.0,False,True,3,-4.75,,
Wolf_retail_Marcella,2017-02-04,ridge,14.094250000000002,12.461400000000001,0.0,False,True,3,-4.75,,
Wolf_retail_Marcella,2017-02-04,gradient_boosting,14.094250000000002,12.461400000000001,0.0,False,True,3,-4.75,,
Wolf_retail_Marcella,2017-02-04,perfect_foresight,14.094250000000002,12.461400000000001,0.0,False,False,0,-0.004999999999999893,10.75115,0.0
Wolf_retail_Marcella,2017-02-05,previous_day,14.094250000000002,31.218049999999998,0.0,False,False,0,2.875,29.506049999999995,0.0
Wolf_retail_Marcella,2017-02-05,previous_week,14.094250000000002,31.218049999999998,0.0,False,True,1,-1.475,,
Wolf_retail_Marcella,2017-02-05,ridge,14.094250000000002,31.218049999999998,0.0,False,True,1,-1.475,,
Wolf_retail_Marcella,2017-02-05,gradient_boosting,14.094250000000002,31.218049999999998,0.0,False,False,0,0.6349999999999998,28.774049999999995,0.0
Wolf_retail_Marcella,2017-02-05,perfect_foresight,14.094250000000002,31.218049999999998,0.0,False,False,0,0.004999999999999893,28.77405,0.0
Wolf_retail_Marcella,2017-02-06,previous_day,14.094250000000002,30.513350000000003,0.0,False,False,0,0.5350000000000001,28.069350000000004,0.0
Wolf_retail_Marcella,2017-02-06,previous_week,14.094250000000002,30.513350000000003,0.0,False,False,0,1.17,28.551350000000006,0.0
Wolf_retail_Marcella,2017-02-06,ridge,14.094250000000002,30.513350000000003,0.0,False,False,0,0.5350000000000001,28.069350000000004,0.0
Wolf_retail_Marcella,2017-02-06,gradient_boosting,14.094250000000002,30.513350000000003,0.0,False,False,0,0.5350000000000001,28.069350000000004,0.0
Wolf_retail_Marcella,2017-02-06,perfect_foresight,14.094250000000002,30.513350000000003,0.0,False,False,0,0.5350000000000001,28.069350000000004,0.0
Wolf_retail_Marcella,2017-02-07,previous_day,14.094250000000002,11.022150000000002,0.0,False,True,3,-4.7275,,
Wolf_retail_Marcella,2017-02-07,previous_week,14.094250000000002,11.022150000000002,0.0,False,True,3,-4.7275,,
Wolf_retail_Marcella,2017-02-07,ridge,14.094250000000002,11.022150000000002,0.0,False,True,3,-4.7275,,
Wolf_retail_Marcella,2017-02-07,gradient_boosting,14.094250000000002,11.022150000000002,0.0,False,True,3,-4.7275,,
Wolf_retail_Marcella,2017-02-07,perfect_foresight,14.094250000000002,11.022150000000002,0.0,False,False,0,-0.0050000000000000044,8.92815,0.0
Wolf_retail_Marcella,2017-02-08,previous_day,14.094250000000002,37.95975,0.0,False,False,0,3.9350000000000005,35.86274999999999,0.0
Wolf_retail_Marcella,2017-02-08,previous_week,14.094250000000002,37.95975,0.0,False,False,0,0.19500000000000028,35.51575,0.0
Wolf_retail_Marcella,2017-02-08,ridge,14.094250000000002,37.95975,0.0,False,False,0,0.19500000000000028,35.51575,0.0
Wolf_retail_Marcella,2017-02-08,gradient_boosting,14.094250000000002,37.95975,0.0,False,False,0,0.19500000000000028,35.51575,0.0
Wolf_retail_Marcella,2017-02-08,perfect_foresight,14.094250000000002,37.95975,0.0,False,False,0,0.19500000000000028,35.51575,0.0
Wolf_retail_Marcella,2017-02-09,previous_day,14.094250000000002,12.913699999999999,0.0,False,True,3,-4.2475000000000005,,
Wolf_retail_Marcella,2017-02-09,previous_week,14.094250000000002,12.913699999999999,0.0,False,True,3,-4.2475000000000005,,
Wolf_retail_Marcella,2017-02-09,ridge,14.094250000000002,12.913699999999999,0.0,False,True,3,-4.2475000000000005,,
Wolf_retail_Marcella,2017-02-09,gradient_boosting,14.094250000000002,12.913699999999999,0.0,False,True,3,-4.2475000000000005,,
Wolf_retail_Marcella,2017-02-09,perfect_foresight,14.094250000000002,12.913699999999999,0.0,False,False,0,0.0,10.6647,0.0
Wolf_retail_Marcella,2017-02-10,previous_day,14.094250000000002,35.27015,0.0,False,False,0,3.56,33.02115,0.0
Wolf_retail_Marcella,2017-02-10,previous_week,14.094250000000002,35.27015,0.0,False,False,0,2.035,32.82615,0.0
Wolf_retail_Marcella,2017-02-10,ridge,14.094250000000002,35.27015,0.0,False,False,0,2.035,32.82615,0.0
Wolf_retail_Marcella,2017-02-10,gradient_boosting,14.094250000000002,35.27015,0.0,False,False,0,2.035,32.82615,0.0
Wolf_retail_Marcella,2017-02-10,perfect_foresight,14.094250000000002,35.27015,0.0,False,False,0,2.035,32.82615,0.0
Wolf_retail_Marcella,2017-02-11,previous_day,14.094250000000002,36.82365,0.0,False,False,0,3.5425000000000004,34.379650000000005,0.0
Wolf_retail_Marcella,2017-02-11,previous_week,14.094250000000002,36.82365,0.0,False,False,0,3.33,35.111650000000004,0.0
Wolf_retail_Marcella,2017-02-11,ridge,14.094250000000002,36.82365,0.0,False,False,0,3.5425000000000004,34.379650000000005,0.0
Wolf_retail_Marcella,2017-02-11,gradient_boosting,14.094250000000002,36.82365,0.0,False,False,0,4.34,34.376650000000005,0.0
Wolf_retail_Marcella,2017-02-11,perfect_foresight,14.094250000000002,36.82365,0.0,False,False,0,3.5425000000000004,34.379650000000005,0.0
Wolf_retail_Marcella,2017-02-12,previous_day,14.094250000000002,21.066200000000002,0.0,False,True,3,-1.1775000000000002,,
Wolf_retail_Marcella,2017-02-12,previous_week,14.094250000000002,21.066200000000002,0.0,False,True,2,-0.9900000000000002,,
Wolf_retail_Marcella,2017-02-12,ridge,14.094250000000002,21.066200000000002,0.0,False,True,3,-1.1775000000000002,,
Wolf_retail_Marcella,2017-02-12,gradient_boosting,14.094250000000002,21.066200000000002,0.0,False,False,0,0.18249999999999966,18.619200000000006,0.0
Wolf_retail_Marcella,2017-02-12,perfect_foresight,14.094250000000002,21.066200000000002,0.0,False,False,0,-0.004999999999999893,18.623700000000003,0.0
Wolf_retail_Marcella,2017-02-13,previous_day,14.094250000000002,47.9228,0.503999999999996,False,False,0,5.0475,45.47880000000001,0.503999999999996
Wolf_retail_Marcella,2017-02-13,previous_week,14.094250000000002,47.9228,0.503999999999996,False,False,0,5.0475,45.4788,0.503999999999996
Wolf_retail_Marcella,2017-02-13,ridge,14.094250000000002,47.9228,0.503999999999996,False,False,0,5.0475,45.4788,0.503999999999996
Wolf_retail_Marcella,2017-02-13,gradient_boosting,14.094250000000002,47.9228,0.503999999999996,False,False,0,5.0475,45.4788,0.503999999999996
Wolf_retail_Marcella,2017-02-13,perfect_foresight,14.094250000000002,47.9228,0.503999999999996,False,False,0,5.0475,45.4758,0.0
Wolf_retail_Marcella,2017-02-14,previous_day,14.094250000000002,48.86494999999999,0.9454999999999902,False,False,0,5.015,46.41795,0.5564999999999962
Wolf_retail_Marcella,2017-02-14,previous_week,14.094250000000002,48.86494999999999,0.9454999999999902,False,False,0,5.015,46.767950000000006,0.0
Wolf_retail_Marcella,2017-02-14,ridge,14.094250000000002,48.86494999999999,0.9454999999999902,False,False,0,5.015,46.42095,0.7564999999999955
Wolf_retail_Marcella,2017-02-14,gradient_boosting,14.094250000000002,48.86494999999999,0.9454999999999902,False,False,0,5.015,46.42095,0.7564999999999955
Wolf_retail_Marcella,2017-02-14,perfect_foresight,14.094250000000002,48.86494999999999,0.9454999999999902,False,False,0,5.015,46.42095,0.0007499999999982521
Wolf_retail_Marcella,2017-02-15,previous_day,14.094250000000002,42.493550000000006,0.0,False,False,0,4.9475,40.049549999999996,0.0
Wolf_retail_Marcella,2017-02-15,previous_week,14.094250000000002,42.493550000000006,0.0,False,False,0,4.9475,40.049549999999996,0.0
Wolf_retail_Marcella,2017-02-15,ridge,14.094250000000002,42.493550000000006,0.0,False,False,0,4.9475,40.049549999999996,0.0
Wolf_retail_Marcella,2017-02-15,gradient_boosting,14.094250000000002,42.493550000000006,0.0,False,False,0,4.9475,40.049549999999996,0.0
Wolf_retail_Marcella,2017-02-15,perfect_foresight,14.094250000000002,42.493550000000006,0.0,False,False,0,4.9475,40.049549999999996,0.0
Wolf_retail_Marcella,2017-02-16,previous_day,14.094250000000002,48.90105,0.8382499999999968,False,False,0,5.375,46.45705,0.8382499999999968
Wolf_retail_Marcella,2017-02-16,previous_week,14.094250000000002,48.90105,0.8382499999999968,False,False,0,5.375,46.65205,0.8382499999999968
Wolf_retail_Marcella,2017-02-16,ridge,14.094250000000002,48.90105,0.8382499999999968,False,False,0,5.375,46.45705,0.8382499999999968
Wolf_retail_Marcella,2017-02-16,gradient_boosting,14.094250000000002,48.90105,0.8382499999999968,False,False,0,5.375,46.45705,0.8382499999999968
Wolf_retail_Marcella,2017-02-16,perfect_foresight,14.094250000000002,48.90105,0.8382499999999968,False,False,0,5.375,46.47905,0.0007499999999982521
Wolf_retail_Marcella,2017-02-17,previous_day,14.094250000000002,45.0781,0.373249999999997,False,False,0,4.765,42.6561,0.373249999999997
Wolf_retail_Marcella,2017-02-17,previous_week,14.094250000000002,45.0781,0.373249999999997,False,False,0,4.765,42.634100000000004,0.373249999999997
Wolf_retail_Marcella,2017-02-17,ridge,14.094250000000002,45.0781,0.373249999999997,False,False,0,4.765,42.634100000000004,0.373249999999997
Wolf_retail_Marcella,2017-02-17,gradient_boosting,14.094250000000002,45.0781,0.373249999999997,False,False,0,4.765,42.634100000000004,0.373249999999997
Wolf_retail_Marcella,2017-02-17,perfect_foresight,14.094250000000002,45.0781,0.373249999999997,False,False,0,4.765,42.634100000000004,0.0032499999999977547
Wolf_retail_Marcella,2017-02-18,previous_day,14.094250000000002,21.0696,0.0,False,True,3,-1.9425,,
Wolf_retail_Marcella,2017-02-18,previous_week,14.094250000000002,21.0696,0.0,False,True,3,-1.9425,,
Wolf_retail_Marcella,2017-02-18,ridge,14.094250000000002,21.0696,0.0,False,True,3,-1.9425,,
Wolf_retail_Marcella,2017-02-18,gradient_boosting,14.094250000000002,21.0696,0.0,False,True,3,-1.6524999999999999,,
Wolf_retail_Marcella,2017-02-18,perfect_foresight,14.094250000000002,21.0696,0.0,False,False,0,-0.004999999999999893,18.627850000000002,0.0
Wolf_retail_Marcella,2017-02-19,previous_day,14.094250000000002,20.95585,0.0,False,False,0,0.05999999999999961,18.51185,0.0
Wolf_retail_Marcella,2017-02-19,previous_week,14.094250000000002,20.95585,0.0,False,True,2,-0.34000000000000075,,
Wolf_retail_Marcella,2017-02-19,ridge,14.094250000000002,20.95585,0.0,False,True,3,-1.1099999999999999,,
Wolf_retail_Marcella,2017-02-19,gradient_boosting,14.094250000000002,20.95585,0.0,False,True,2,-0.9400000000000004,,
Wolf_retail_Marcella,2017-02-19,perfect_foresight,14.094250000000002,20.95585,0.0,False,False,0,0.0,18.51185,0.0
Wolf_retail_Marcella,2017-02-20,previous_day,14.094250000000002,44.64905,0.0,False,False,0,4.5825,42.20505,0.0
Wolf_retail_Marcella,2017-02-20,previous_week,14.094250000000002,44.64905,0.0,False,False,0,4.5825,42.20205,0.0
Wolf_retail_Marcella,2017-02-20,ridge,14.094250000000002,44.64905,0.0,False,False,0,4.5825,42.20505,0.0
Wolf_retail_Marcella,2017-02-20,gradient_boosting,14.094250000000002,44.64905,0.0,False,False,0,4.5825,42.20505,0.0
Wolf_retail_Marcella,2017-02-20,perfect_foresight,14.094250000000002,44.64905,0.0,False,False,0,4.5825,42.20505,0.0
Wolf_retail_Marcella,2017-02-21,previous_day,14.094250000000002,44.58115,0.0,False,False,0,4.34,42.137150000000005,0.0
Wolf_retail_Marcella,2017-02-21,previous_week,14.094250000000002,44.58115,0.0,False,False,0,4.34,42.137150000000005,0.0
Wolf_retail_Marcella,2017-02-21,ridge,14.094250000000002,44.58115,0.0,False,False,0,4.34,42.137150000000005,0.0
Wolf_retail_Marcella,2017-02-21,gradient_boosting,14.094250000000002,44.58115,0.0,False,False,0,4.34,42.137150000000005,0.0
Wolf_retail_Marcella,2017-02-21,perfect_foresight,14.094250000000002,44.58115,0.0,False,False,0,4.34,42.137150000000005,0.0
Wolf_retail_Marcella,2017-02-22,previous_day,14.094250000000002,43.32605000000001,0.0,False,False,0,5.914999999999999,40.882050000000014,0.0
Wolf_retail_Marcella,2017-02-22,previous_week,14.094250000000002,43.32605000000001,0.0,False,False,0,5.914999999999999,40.882050000000014,0.0
Wolf_retail_Marcella,2017-02-22,ridge,14.094250000000002,43.32605000000001,0.0,False,False,0,5.914999999999999,40.882050000000014,0.0
Wolf_retail_Marcella,2017-02-22,gradient_boosting,14.094250000000002,43.32605000000001,0.0,False,False,0,5.914999999999999,40.882050000000014,0.0
Wolf_retail_Marcella,2017-02-22,perfect_foresight,14.094250000000002,43.32605000000001,0.0,False,False,0,5.914999999999999,40.882050000000014,0.0
Wolf_retail_Marcella,2017-02-23,previous_day,14.094250000000002,49.067750000000004,2.0389999999999944,False,False,0,4.68,46.62375,2.0389999999999944
Wolf_retail_Marcella,2017-02-23,previous_week,14.094250000000002,49.067750000000004,2.0389999999999944,False,False,0,4.68,46.64575,2.247249999999992
Wolf_retail_Marcella,2017-02-23,ridge,14.094250000000002,49.067750000000004,2.0389999999999944,False,False,0,4.68,46.62375,2.0389999999999944
Wolf_retail_Marcella,2017-02-23,gradient_boosting,14.094250000000002,49.067750000000004,2.0389999999999944,False,False,0,4.68,46.62375,2.0389999999999944
Wolf_retail_Marcella,2017-02-23,perfect_foresight,14.094250000000002,49.067750000000004,2.0389999999999944,False,False,0,4.68,46.623749999999994,0.0032499999999977547
Wolf_retail_Marcella,2017-02-24,previous_day,14.094250000000002,48.22054999999999,0.6914999999999942,False,False,0,5.255,45.77655,0.0
Wolf_retail_Marcella,2017-02-24,previous_week,14.094250000000002,48.22054999999999,0.6914999999999942,False,False,0,5.255,45.77655,0.321499999999995
Wolf_retail_Marcella,2017-02-24,ridge,14.094250000000002,48.22054999999999,0.6914999999999942,False,False,0,5.255,45.77654999999999,0.6914999999999942
Wolf_retail_Marcella,2017-02-24,gradient_boosting,14.094250000000002,48.22054999999999,0.6914999999999942,False,False,0,5.255,45.77654999999999,0.6914999999999942
Wolf_retail_Marcella,2017-02-24,perfect_foresight,14.094250000000002,48.22054999999999,0.6914999999999942,False,False,0,5.255,45.77354999999999,0.0
Wolf_retail_Marcella,2017-02-25,previous_day,14.094250000000002,21.52575,0.0,False,True,3,-2.415,,
Wolf_retail_Marcella,2017-02-25,previous_week,14.094250000000002,21.52575,0.0,False,True,3,-0.4750000000000001,,
Wolf_retail_Marcella,2017-02-25,ridge,14.094250000000002,21.52575,0.0,False,True,3,-2.415,,
Wolf_retail_Marcella,2017-02-25,gradient_boosting,14.094250000000002,21.52575,0.0,False,True,3,-1.4249999999999998,,
Wolf_retail_Marcella,2017-02-25,perfect_foresight,14.094250000000002,21.52575,0.0,False,False,0,-0.002500000000000391,19.083249999999996,0.0
Wolf_retail_Marcella,2017-02-26,previous_day,14.094250000000002,21.90595,0.0,False,True,1,-0.14250000000000007,,
Wolf_retail_Marcella,2017-02-26,previous_week,14.094250000000002,21.90595,0.0,False,True,3,-0.2224999999999997,,
Wolf_retail_Marcella,2017-02-26,ridge,14.094250000000002,21.90595,0.0,False,True,3,-1.17,,
Wolf_retail_Marcella,2017-02-26,gradient_boosting,14.094250000000002,21.90595,0.0,False,True,3,-1.165,,
Wolf_retail_Marcella,2017-02-26,perfect_foresight,14.094250000000002,21.90595,0.0,False,False,0,-0.0024999999999999467,19.462700000000005,0.0
Wolf_retail_Marcella,2017-02-27,previous_day,14.094250000000002,56.47829999999998,12.183499999999983,False,False,0,4.99,54.034299999999995,7.85549999999999
Wolf_retail_Marcella,2017-02-27,previous_week,14.094250000000002,56.47829999999998,12.183499999999983,False,False,0,4.99,54.03429999999999,8.89624999999999
Wolf_retail_Marcella,2017-02-27,ridge,14.094250000000002,56.47829999999998,12.183499999999983,False,False,0,4.99,54.03429999999999,8.89624999999999
Wolf_retail_Marcella,2017-02-27,gradient_boosting,14.094250000000002,56.47829999999998,12.183499999999983,False,False,0,4.99,54.03429999999999,8.89624999999999
Wolf_retail_Marcella,2017-02-27,perfect_foresight,14.094250000000002,56.47829999999998,12.183499999999983,False,False,0,4.99,54.2713,0.01049999999998974
Wolf_retail_Marcella,2017-02-28,previous_day,14.094250000000002,58.607299999999995,13.880999999999979,False,False,0,7.815,56.4003,9.13799999999999
Wolf_retail_Marcella,2017-02-28,previous_week,14.094250000000002,58.607299999999995,13.880999999999979,False,False,0,7.815,56.1633,12.780249999999983
Wolf_retail_Marcella,2017-02-28,ridge,14.094250000000002,58.607299999999995,13.880999999999979,False,False,0,7.815,56.1633,12.780249999999983
Wolf_retail_Marcella,2017-02-28,gradient_boosting,14.094250000000002,58.607299999999995,13.880999999999979,False,False,0,7.815,56.1633,11.830249999999984
Wolf_retail_Marcella,2017-02-28,perfect_foresight,14.094250000000002,58.607299999999995,13.880999999999979,False,False,0,7.815,57.12029999999999,0.0054999999999907345
Wolf_retail_Marcella,2017-03-01,previous_day,14.094250000000002,50.532349999999994,3.091249999999988,False,False,0,5.3975,49.04535,1.656499999999994
Wolf_retail_Marcella,2017-03-01,previous_week,14.094250000000002,50.532349999999994,3.091249999999988,False,False,0,5.3975,48.08835,2.93799999999999
Wolf_retail_Marcella,2017-03-01,ridge,14.094250000000002,50.532349999999994,3.091249999999988,False,False,0,5.3975,48.08835,2.93799999999999
Wolf_retail_Marcella,2017-03-01,gradient_boosting,14.094250000000002,50.532349999999994,3.091249999999988,False,False,0,5.3975,48.08835,2.93799999999999
Wolf_retail_Marcella,2017-03-01,perfect_foresight,14.094250000000002,50.532349999999994,3.091249999999988,False,False,0,5.3975,48.191349999999986,0.00399999999999423
Wolf_retail_Marcella,2017-03-02,previous_day,14.094250000000002,51.24615000000001,3.9804999999999886,False,False,0,5.135,48.905150000000006,1.206499999999993
Wolf_retail_Marcella,2017-03-02,previous_week,14.094250000000002,51.24615000000001,3.9804999999999886,False,False,0,5.135,48.80215000000001,1.6239999999999934
Wolf_retail_Marcella,2017-03-02,ridge,14.094250000000002,51.24615000000001,3.9804999999999886,False,False,0,5.135,48.802150000000005,3.61474999999999
Wolf_retail_Marcella,2017-03-02,gradient_boosting,14.094250000000002,51.24615000000001,3.9804999999999886,False,False,0,5.135,48.802150000000005,3.61474999999999
Wolf_retail_Marcella,2017-03-02,perfect_foresight,14.094250000000002,51.24615000000001,3.9804999999999886,False,False,0,5.135,48.814150000000005,0.0007499999999964757
Wolf_retail_Marcella,2017-03-03,previous_day,14.094250000000002,50.8977,1.5614999999999952,False,False,0,6.07,48.46569999999999,0.5357499999999984
Wolf_retail_Marcella,2017-03-03,previous_week,14.094250000000002,50.8977,1.5614999999999952,False,False,0,6.07,48.4507,0.0432499999999969
Wolf_retail_Marcella,2017-03-03,ridge,14.094250000000002,50.8977,1.5614999999999952,False,False,0,6.07,48.4537,0.7132499999999968
Wolf_retail_Marcella,2017-03-03,gradient_boosting,14.094250000000002,50.8977,1.5614999999999952,False,False,0,6.07,48.4537,0.7132499999999968
Wolf_retail_Marcella,2017-03-03,perfect_foresight,14.094250000000002,50.8977,1.5614999999999952,False,False,0,6.07,48.4537,0.0032499999999977547
Wolf_retail_Marcella,2017-03-04,previous_day,14.094250000000002,37.67715,0.0,False,False,0,3.1750000000000007,35.233149999999995,0.0
Wolf_retail_Marcella,2017-03-04,previous_week,14.094250000000002,37.67715,0.0,False,False,0,4.3075,35.233149999999995,0.0
Wolf_retail_Marcella,2017-03-04,ridge,14.094250000000002,37.67715,0.0,False,False,0,3.1750000000000007,35.233149999999995,0.0
Wolf_retail_Marcella,2017-03-04,gradient_boosting,14.094250000000002,37.67715,0.0,False,False,0,3.1750000000000007,35.233149999999995,0.0
Wolf_retail_Marcella,2017-03-04,perfect_foresight,14.094250000000002,37.67715,0.0,False,False,0,3.1750000000000007,35.233149999999995,0.0
Wolf_retail_Marcella,2017-03-05,previous_day,14.094250000000002,26.44375,0.0,False,True,3,-1.9375,,
Wolf_retail_Marcella,2017-03-05,previous_week,14.094250000000002,26.44375,0.0,False,True,2,-0.7774999999999999,,
Wolf_retail_Marcella,2017-03-05,ridge,14.094250000000002,26.44375,0.0,False,True,3,-1.9375,,
Wolf_retail_Marcella,2017-03-05,gradient_boosting,14.094250000000002,26.44375,0.0,False,True,3,-1.9375,,
Wolf_retail_Marcella,2017-03-05,perfect_foresight,14.094250000000002,26.44375,0.0,False,False,0,-0.004999999999999893,23.999,0.0
Wolf_retail_Marcella,2017-03-06,previous_day,14.094250000000002,13.516300000000001,0.0,False,True,3,-3.4875000000000003,,
Wolf_retail_Marcella,2017-03-06,previous_week,14.094250000000002,13.516300000000001,0.0,False,True,3,-1.915,,
Wolf_retail_Marcella,2017-03-06,ridge,14.094250000000002,13.516300000000001,0.0,False,True,3,-4.0375,,
Wolf_retail_Marcella,2017-03-06,gradient_boosting,14.094250000000002,13.516300000000001,0.0,False,True,3,-4.0375,,
Wolf_retail_Marcella,2017-03-06,perfect_foresight,14.094250000000002,13.516300000000001,0.0,False,False,0,-0.004999999999999893,11.213550000000001,0.0
Wolf_retail_Marcella,2017-03-07,previous_day,14.094250000000002,39.769549999999995,0.0,False,False,0,3.41,37.464549999999996,0.0
Wolf_retail_Marcella,2017-03-07,previous_week,14.094250000000002,39.769549999999995,0.0,False,False,0,3.41,38.28255,0.0
Wolf_retail_Marcella,2017-03-07,ridge,14.094250000000002,39.769549999999995,0.0,False,False,0,3.41,37.32555,0.0
Wolf_retail_Marcella,2017-03-07,gradient_boosting,14.094250000000002,39.769549999999995,0.0,False,False,0,3.41,37.32555,0.0
Wolf_retail_Marcella,2017-03-07,perfect_foresight,14.094250000000002,39.769549999999995,0.0,False,False,0,3.41,37.32555,0.0
Wolf_retail_Marcella,2017-03-08,previous_day,14.094250000000002,42.95255,0.0,False,False,0,4.119999999999999,40.508550000000014,0.0
Wolf_retail_Marcella,2017-03-08,previous_week,14.094250000000002,42.95255,0.0,False,False,0,4.119999999999999,40.61155000000001,0.0
Wolf_retail_Marcella,2017-03-08,ridge,14.094250000000002,42.95255,0.0,False,False,0,4.119999999999999,40.508550000000014,0.0
Wolf_retail_Marcella,2017-03-08,gradient_boosting,14.094250000000002,42.95255,0.0,False,False,0,4.119999999999999,40.508550000000014,0.0
Wolf_retail_Marcella,2017-03-08,perfect_foresight,14.094250000000002,42.95255,0.0,False,False,0,4.119999999999999,40.508550000000014,0.0
Wolf_retail_Marcella,2017-03-09,previous_day,14.094250000000002,13.359949999999998,0.0,False,True,3,-4.07,,
Wolf_retail_Marcella,2017-03-09,previous_week,14.094250000000002,13.359949999999998,0.0,False,True,2,-4.07,,
Wolf_retail_Marcella,2017-03-09,ridge,14.094250000000002,13.359949999999998,0.0,False,True,3,-4.07,,
Wolf_retail_Marcella,2017-03-09,gradient_boosting,14.094250000000002,13.359949999999998,0.0,False,True,3,-4.07,,
Wolf_retail_Marcella,2017-03-09,perfect_foresight,14.094250000000002,13.359949999999998,0.0,False,False,0,-0.004999999999999893,11.1622,0.0
Wolf_retail_Marcella,2017-03-10,previous_day,14.094250000000002,36.3688,0.0,False,False,0,3.8825000000000003,34.1688,0.0
Wolf_retail_Marcella,2017-03-10,previous_week,14.094250000000002,36.3688,0.0,False,False,0,2.2125000000000004,33.9248,0.0
Wolf_retail_Marcella,2017-03-10,ridge,14.094250000000002,36.3688,0.0,False,False,0,2.2125000000000004,33.9248,0.0
Wolf_retail_Marcella,2017-03-10,gradient_boosting,14.094250000000002,36.3688,0.0,False,False,0,2.2125000000000004,33.9248,0.0
Wolf_retail_Marcella,2017-03-10,perfect_foresight,14.094250000000002,36.3688,0.0,False,False,0,2.2125000000000004,33.9248,0.0
Wolf_retail_Marcella,2017-03-11,previous_day,14.094250000000002,37.51965,0.0,False,False,0,4.2925,35.075649999999996,0.0
Wolf_retail_Marcella,2017-03-11,previous_week,14.094250000000002,37.51965,0.0,False,False,0,4.2925,35.075649999999996,0.0
Wolf_retail_Marcella,2017-03-11,ridge,14.094250000000002,37.51965,0.0,False,False,0,4.2925,35.075649999999996,0.0
Wolf_retail_Marcella,2017-03-11,gradient_boosting,14.094250000000002,37.51965,0.0,False,False,0,4.2925,35.075649999999996,0.0
Wolf_retail_Marcella,2017-03-11,perfect_foresight,14.094250000000002,37.51965,0.0,False,False,0,4.2925,35.075649999999996,0.0
Wolf_retail_Marcella,2017-03-12,previous_day,14.094250000000002,21.01355,0.0,False,True,3,-0.9275000000000002,,
Wolf_retail_Marcella,2017-03-12,previous_week,14.094250000000002,21.01355,0.0,False,True,1,-0.16250000000000053,,
Wolf_retail_Marcella,2017-03-12,ridge,14.094250000000002,21.01355,0.0,False,True,3,-0.9275000000000002,,
Wolf_retail_Marcella,2017-03-12,gradient_boosting,14.094250000000002,21.01355,0.0,False,True,3,-0.9275000000000002,,
Wolf_retail_Marcella,2017-03-12,perfect_foresight,14.094250000000002,21.01355,0.0,False,False,0,-0.002500000000000391,18.570300000000003,0.0
Wolf_retail_Marcella,2017-03-13,previous_day,14.094250000000002,36.5774,0.0,False,False,0,4.4275,34.133399999999995,0.0
Wolf_retail_Marcella,2017-03-13,previous_week,14.094250000000002,36.5774,0.0,False,False,0,4.4275,34.2724,0.0
Wolf_retail_Marcella,2017-03-13,ridge,14.094250000000002,36.5774,0.0,False,False,0,3.59,34.133399999999995,0.0
Wolf_retail_Marcella,2017-03-13,gradient_boosting,14.094250000000002,36.5774,0.0,False,False,0,3.59,34.133399999999995,0.0
Wolf_retail_Marcella,2017-03-13,perfect_foresight,14.094250000000002,36.5774,0.0,False,False,0,3.59,34.133399999999995,0.0
Wolf_retail_Marcella,2017-03-14,previous_day,14.094250000000002,31.177449999999997,0.0,False,False,0,0.6600000000000001,28.733449999999998,0.0
Wolf_retail_Marcella,2017-03-14,previous_week,14.094250000000002,31.177449999999997,0.0,False,False,0,0.6600000000000001,28.733449999999998,0.0
Wolf_retail_Marcella,2017-03-14,ridge,14.094250000000002,31.177449999999997,0.0,False,False,0,0.6600000000000001,28.733449999999998,0.0
Wolf_retail_Marcella,2017-03-14,gradient_boosting,14.094250000000002,31.177449999999997,0.0,False,False,0,0.6600000000000001,28.733449999999998,0.0
Wolf_retail_Marcella,2017-03-14,perfect_foresight,14.094250000000002,31.177449999999997,0.0,False,False,0,0.6600000000000001,28.733449999999998,0.0
Wolf_retail_Marcella,2017-03-15,previous_day,14.094250000000002,31.13855,0.0,False,False,0,1.75,28.694549999999996,0.0
Wolf_retail_Marcella,2017-03-15,previous_week,14.094250000000002,31.13855,0.0,False,False,0,1.75,28.694549999999996,0.0
Wolf_retail_Marcella,2017-03-15,ridge,14.094250000000002,31.13855,0.0,False,False,0,1.75,28.694549999999996,0.0
Wolf_retail_Marcella,2017-03-15,gradient_boosting,14.094250000000002,31.13855,0.0,False,False,0,1.75,28.694549999999996,0.0
Wolf_retail_Marcella,2017-03-15,perfect_foresight,14.094250000000002,31.13855,0.0,False,False,0,1.75,28.694549999999996,0.0
Wolf_retail_Marcella,2017-03-16,previous_day,14.094250000000002,34.03545,0.0,False,False,0,2.4299999999999997,31.591449999999995,0.0
Wolf_retail_Marcella,2017-03-16,previous_week,14.094250000000002,34.03545,0.0,False,False,0,3.8824999999999994,31.835449999999998,0.0
Wolf_retail_Marcella,2017-03-16,ridge,14.094250000000002,34.03545,0.0,False,False,0,2.4299999999999997,31.591449999999995,0.0
Wolf_retail_Marcella,2017-03-16,gradient_boosting,14.094250000000002,34.03545,0.0,False,False,0,2.4299999999999997,31.591449999999995,0.0
Wolf_retail_Marcella,2017-03-16,perfect_foresight,14.094250000000002,34.03545,0.0,False,False,0,2.4299999999999997,31.591449999999995,0.0
Wolf_retail_Marcella,2017-03-17,previous_day,14.094250000000002,34.0381,0.0,False,False,0,1.6174999999999997,31.5941,0.0
Wolf_retail_Marcella,2017-03-17,previous_week,14.094250000000002,34.0381,0.0,False,False,0,1.6174999999999997,31.5941,0.0
Wolf_retail_Marcella,2017-03-17,ridge,14.094250000000002,34.0381,0.0,False,False,0,1.6174999999999997,31.5941,0.0
Wolf_retail_Marcella,2017-03-17,gradient_boosting,14.094250000000002,34.0381,0.0,False,False,0,1.6174999999999997,31.5941,0.0
Wolf_retail_Marcella,2017-03-17,perfect_foresight,14.094250000000002,34.0381,0.0,False,False,0,1.6174999999999997,31.5941,0.0
Wolf_retail_Marcella,2017-03-18,previous_day,14.094250000000002,18.165200000000002,0.0,False,True,3,-2.625,,
Wolf_retail_Marcella,2017-03-18,previous_week,14.094250000000002,18.165200000000002,0.0,False,True,3,-2.625,,
Wolf_retail_Marcella,2017-03-18,ridge,14.094250000000002,18.165200000000002,0.0,False,True,3,-2.625,,
Wolf_retail_Marcella,2017-03-18,gradient_boosting,14.094250000000002,18.165200000000002,0.0,False,True,1,-0.18500000000000005,,
Wolf_retail_Marcella,2017-03-18,perfect_foresight,14.094250000000002,18.165200000000002,0.0,False,False,0,-0.004999999999999893,15.723450000000001,0.0
Wolf_retail_Marcella,2017-03-19,previous_day,14.094250000000002,15.915799999999999,0.0,False,True,5,-1.085,,
Wolf_retail_Marcella,2017-03-19,previous_week,14.094250000000002,15.915799999999999,0.0,False,True,4,-2.2975000000000003,,
Wolf_retail_Marcella,2017-03-19,ridge,14.094250000000002,15.915799999999999,0.0,False,True,3,-3.2275,,
Wolf_retail_Marcella,2017-03-19,gradient_boosting,14.094250000000002,15.915799999999999,0.0,False,True,3,-3.2275,,
Wolf_retail_Marcella,2017-03-19,perfect_foresight,14.094250000000002,15.915799999999999,0.0,False,False,0,-0.004999999999999893,13.471799999999998,0.0
Wolf_retail_Marcella,2017-03-20,previous_day,14.094250000000002,41.13194999999999,0.0,False,False,0,4.2925,38.68494999999999,0.0
Wolf_retail_Marcella,2017-03-20,previous_week,14.094250000000002,41.13194999999999,0.0,False,False,0,4.2925,38.687949999999994,0.0
Wolf_retail_Marcella,2017-03-20,ridge,14.094250000000002,41.13194999999999,0.0,False,False,0,4.2925,38.687949999999994,0.0
Wolf_retail_Marcella,2017-03-20,gradient_boosting,14.094250000000002,41.13194999999999,0.0,False,False,0,4.2925,38.687949999999994,0.0
Wolf_retail_Marcella,2017-03-20,perfect_foresight,14.094250000000002,41.13194999999999,0.0,False,False,0,4.2925,38.687949999999994,0.0
Wolf_retail_Marcella,2017-03-21,previous_day,14.094250000000002,44.291900000000005,0.18824999999999825,False,False,0,5.14,41.847899999999996,0.18824999999999825
Wolf_retail_Marcella,2017-03-21,previous_week,14.094250000000002,44.291900000000005,0.18824999999999825,False,False,0,5.14,41.847899999999996,0.18824999999999825
Wolf_retail_Marcella,2017-03-21,ridge,14.094250000000002,44.291900000000005,0.18824999999999825,False,False,0,5.14,41.847899999999996,0.18824999999999825
Wolf_retail_Marcella,2017-03-21,gradient_boosting,14.094250000000002,44.291900000000005,0.18824999999999825,False,False,0,5.14,41.847899999999996,0.18824999999999825
Wolf_retail_Marcella,2017-03-21,perfect_foresight,14.094250000000002,44.291900000000005,0.18824999999999825,False,False,0,5.14,41.847899999999996,0.0
Wolf_retail_Marcella,2017-03-22,previous_day,14.094250000000002,50.79965,2.651999999999985,False,False,0,5.7775,48.35564999999999,1.9154999999999909
Wolf_retail_Marcella,2017-03-22,previous_week,14.094250000000002,50.79965,2.651999999999985,False,False,0,5.7775,48.35564999999999,2.0672499999999925
Wolf_retail_Marcella,2017-03-22,ridge,14.094250000000002,50.79965,2.651999999999985,False,False,0,5.7775,48.35564999999999,2.0672499999999925
Wolf_retail_Marcella,2017-03-22,gradient_boosting,14.094250000000002,50.79965,2.651999999999985,False,False,0,5.7775,48.35564999999999,2.0672499999999925
Wolf_retail_Marcella,2017-03-22,perfect_foresight,14.094250000000002,50.79965,2.651999999999985,False,False,0,5.7775,48.37664999999999,0.0014999999999947278
Wolf_retail_Marcella,2017-03-23,previous_day,14.094250000000002,46.576250000000016,0.4657499999999981,False,False,0,4.9375,44.15325000000001,0.4657499999999981
Wolf_retail_Marcella,2017-03-23,previous_week,14.094250000000002,46.576250000000016,0.4657499999999981,False,False,0,4.9375,44.132250000000006,0.4657499999999981
Wolf_retail_Marcella,2017-03-23,ridge,14.094250000000002,46.576250000000016,0.4657499999999981,False,False,0,4.9375,44.132250000000006,0.4657499999999981
Wolf_retail_Marcella,2017-03-23,gradient_boosting,14.094250000000002,46.576250000000016,0.4657499999999981,False,False,0,4.9375,44.132250000000006,0.4657499999999981
Wolf_retail_Marcella,2017-03-23,perfect_foresight,14.094250000000002,46.576250000000016,0.4657499999999981,False,False,0,4.9375,44.132250000000006,0.0
Wolf_retail_Marcella,2017-03-24,previous_day,14.094250000000002,41.86965,0.0,False,False,0,4.3149999999999995,39.42565,0.0
Wolf_retail_Marcella,2017-03-24,previous_week,14.094250000000002,41.86965,0.0,False,False,0,4.3149999999999995,39.425650000000005,0.0
Wolf_retail_Marcella,2017-03-24,ridge,14.094250000000002,41.86965,0.0,False,False,0,4.3149999999999995,39.425650000000005,0.0
Wolf_retail_Marcella,2017-03-24,gradient_boosting,14.094250000000002,41.86965,0.0,False,False,0,4.3149999999999995,39.425650000000005,0.0
Wolf_retail_Marcella,2017-03-24,perfect_foresight,14.094250000000002,41.86965,0.0,False,False,0,4.3149999999999995,39.425650000000005,0.0
Wolf_retail_Marcella,2017-03-25,previous_day,14.094250000000002,18.02545,0.0,False,True,3,-3.885,,
Wolf_retail_Marcella,2017-03-25,previous_week,14.094250000000002,18.02545,0.0,False,True,4,-1.8425,,
Wolf_retail_Marcella,2017-03-25,ridge,14.094250000000002,18.02545,0.0,False,True,3,-3.885,,
Wolf_retail_Marcella,2017-03-25,gradient_boosting,14.094250000000002,18.02545,0.0,False,True,4,-1.695,,
Wolf_retail_Marcella,2017-03-25,perfect_foresight,14.094250000000002,18.02545,0.0,False,False,0,-0.004999999999999893,15.660449999999999,0.0
Wolf_retail_Marcella,2017-03-29,previous_day,14.094250000000002,32.65055,0.0,False,False,0,1.7999999999999998,30.20655000000001,0.0
Wolf_retail_Marcella,2017-03-29,previous_week,14.094250000000002,32.65055,0.0,False,False,0,1.7999999999999998,30.227550000000008,0.0
Wolf_retail_Marcella,2017-03-29,ridge,14.094250000000002,32.65055,0.0,False,False,0,1.7999999999999998,30.20655000000001,0.0
Wolf_retail_Marcella,2017-03-29,gradient_boosting,14.094250000000002,32.65055,0.0,False,False,0,1.7999999999999998,30.20655000000001,0.0
Wolf_retail_Marcella,2017-03-29,perfect_foresight,14.094250000000002,32.65055,0.0,False,False,0,1.7999999999999998,30.20655000000001,0.0
Wolf_retail_Marcella,2017-03-30,previous_day,14.094250000000002,33.0043,0.0,False,False,0,2.8925,30.5603,0.0
Wolf_retail_Marcella,2017-03-30,previous_week,14.094250000000002,33.0043,0.0,False,False,0,3.1174999999999997,30.560300000000005,0.0
Wolf_retail_Marcella,2017-03-30,ridge,14.094250000000002,33.0043,0.0,False,False,0,2.8925,30.5603,0.0
Wolf_retail_Marcella,2017-03-30,gradient_boosting,14.094250000000002,33.0043,0.0,False,False,0,2.8925,30.5603,0.0
Wolf_retail_Marcella,2017-03-30,perfect_foresight,14.094250000000002,33.0043,0.0,False,False,0,2.8925,30.5603,0.0
Wolf_retail_Marcella,2017-03-31,previous_day,14.094250000000002,29.5127,0.0,False,False,0,0.1974999999999998,27.068699999999996,0.0
Wolf_retail_Marcella,2017-03-31,previous_week,14.094250000000002,29.5127,0.0,False,False,0,0.1974999999999998,27.068699999999996,0.0
Wolf_retail_Marcella,2017-03-31,ridge,14.094250000000002,29.5127,0.0,False,False,0,0.1974999999999998,27.068699999999996,0.0
Wolf_retail_Marcella,2017-03-31,gradient_boosting,14.094250000000002,29.5127,0.0,False,False,0,0.1974999999999998,27.068699999999996,0.0
Wolf_retail_Marcella,2017-03-31,perfect_foresight,14.094250000000002,29.5127,0.0,False,False,0,0.1974999999999998,27.068699999999996,0.0
Wolf_retail_Marcella,2017-04-01,previous_day,14.094250000000002,51.39565,5.961249999999989,False,False,0,4.9525,48.95165,5.350499999999991
Wolf_retail_Marcella,2017-04-01,previous_week,14.094250000000002,51.39565,5.961249999999989,False,False,0,4.9525,49.02765,2.0047499999999925
Wolf_retail_Marcella,2017-04-01,ridge,14.094250000000002,51.39565,5.961249999999989,False,False,0,4.9525,48.95165,5.350499999999991
Wolf_retail_Marcella,2017-04-01,gradient_boosting,14.094250000000002,51.39565,5.961249999999989,False,False,0,4.9525,48.95165,5.350499999999991
Wolf_retail_Marcella,2017-04-01,perfect_foresight,14.094250000000002,51.39565,5.961249999999989,False,False,0,4.9525,49.151650000000004,0.006499999999995509
Wolf_retail_Marcella,2017-04-03,previous_day,14.094250000000002,23.068299999999997,0.0,False,True,2,-0.4375,,
Wolf_retail_Marcella,2017-04-03,previous_week,14.094250000000002,23.068299999999997,0.0,False,True,3,-0.5875000000000004,,
Wolf_retail_Marcella,2017-04-03,ridge,14.094250000000002,23.068299999999997,0.0,False,True,3,-0.5875000000000004,,
Wolf_retail_Marcella,2017-04-03,gradient_boosting,14.094250000000002,23.068299999999997,0.0,False,True,3,-0.5875000000000004,,
Wolf_retail_Marcella,2017-04-03,perfect_foresight,14.094250000000002,23.068299999999997,0.0,False,False,0,-0.002500000000000391,20.625049999999995,0.0
Wolf_retail_Marcella,2017-04-04,previous_day,14.094250000000002,35.90675,0.0,False,False,0,2.3874999999999993,33.46275000000001,0.0
Wolf_retail_Marcella,2017-04-04,previous_week,14.094250000000002,35.90675,0.0,False,False,0,1.8075,33.462750000000014,0.0
Wolf_retail_Marcella,2017-04-04,ridge,14.094250000000002,35.90675,0.0,False,False,0,1.8075,33.462750000000014,0.0
Wolf_retail_Marcella,2017-04-04,gradient_boosting,14.094250000000002,35.90675,0.0,False,False,0,1.8075,33.462750000000014,0.0
Wolf_retail_Marcella,2017-04-04,perfect_foresight,14.094250000000002,35.90675,0.0,False,False,0,1.8075,33.462750000000014,0.0
Wolf_retail_Marcella,2017-04-05,previous_day,14.094250000000002,30.599949999999996,0.0,False,True,2,-0.9950000000000001,,
Wolf_retail_Marcella,2017-04-05,previous_week,14.094250000000002,30.599949999999996,0.0,False,True,2,-0.9950000000000001,,
Wolf_retail_Marcella,2017-04-05,ridge,14.094250000000002,30.599949999999996,0.0,False,True,2,-0.9950000000000001,,
Wolf_retail_Marcella,2017-04-05,gradient_boosting,14.094250000000002,30.599949999999996,0.0,False,True,2,-0.9950000000000001,,
Wolf_retail_Marcella,2017-04-05,perfect_foresight,14.094250000000002,30.599949999999996,0.0,False,False,0,-0.0024999999999995026,28.156699999999994,0.0
Wolf_retail_Marcella,2017-04-06,previous_day,14.094250000000002,13.0391,0.0,False,True,3,-4.4925,,
Wolf_retail_Marcella,2017-04-06,previous_week,14.094250000000002,13.0391,0.0,False,True,3,-4.4925,,
Wolf_retail_Marcella,2017-04-06,ridge,14.094250000000002,13.0391,0.0,False,True,3,-4.4925,,
Wolf_retail_Marcella,2017-04-06,gradient_boosting,14.094250000000002,13.0391,0.0,False,True,3,-4.4925,,
Wolf_retail_Marcella,2017-04-06,perfect_foresight,14.094250000000002,13.0391,0.0,False,False,0,-0.004999999999999893,10.7651,0.0
Wolf_retail_Marcella,2017-04-07,previous_day,14.094250000000002,32.8786,0.0,False,False,0,3.3125,30.601600000000005,0.0
Wolf_retail_Marcella,2017-04-07,previous_week,14.094250000000002,32.8786,0.0,False,False,0,1.0875000000000004,30.434600000000003,0.0
Wolf_retail_Marcella,2017-04-07,ridge,14.094250000000002,32.8786,0.0,False,False,0,1.0875000000000004,30.434600000000003,0.0
Wolf_retail_Marcella,2017-04-07,gradient_boosting,14.094250000000002,32.8786,0.0,False,False,0,1.0875000000000004,30.434600000000003,0.0
Wolf_retail_Marcella,2017-04-07,perfect_foresight,14.094250000000002,32.8786,0.0,False,False,0,1.0875000000000004,30.434600000000003,0.0
Wolf_retail_Marcella,2017-04-08,previous_day,14.094250000000002,40.24345,0.0,False,False,0,3.494999999999999,37.79945000000001,0.0
Wolf_retail_Marcella,2017-04-08,previous_week,14.094250000000002,40.24345,0.0,False,False,0,4.3975,37.99945,0.0
Wolf_retail_Marcella,2017-04-08,ridge,14.094250000000002,40.24345,0.0,False,False,0,3.494999999999999,37.79945000000001,0.0
Wolf_retail_Marcella,2017-04-08,gradient_boosting,14.094250000000002,40.24345,0.0,False,False,0,3.494999999999999,37.79945,0.0
Wolf_retail_Marcella,2017-04-08,perfect_foresight,14.094250000000002,40.24345,0.0,False,False,0,3.494999999999999,37.79945000000001,0.0
Wolf_retail_Marcella,2017-04-10,previous_day,14.094250000000002,38.637899999999995,0.0,False,False,0,2.8625,36.95889999999999,0.0
Wolf_retail_Marcella,2017-04-10,previous_week,14.094250000000002,38.637899999999995,0.0,False,False,0,3.0725,36.19389999999999,0.0
Wolf_retail_Marcella,2017-04-10,ridge,14.094250000000002,38.637899999999995,0.0,False,False,0,2.4825,36.19389999999999,0.0
Wolf_retail_Marcella,2017-04-10,gradient_boosting,14.094250000000002,38.637899999999995,0.0,False,False,0,2.4825,36.19389999999999,0.0
Wolf_retail_Marcella,2017-04-10,perfect_foresight,14.094250000000002,38.637899999999995,0.0,False,False,0,2.4825,36.19389999999999,0.0
Wolf_retail_Marcella,2017-04-11,previous_day,14.094250000000002,20.002550000000003,0.0,False,True,3,-1.6875,,
Wolf_retail_Marcella,2017-04-11,previous_week,14.094250000000002,20.002550000000003,0.0,False,True,3,-1.6875,,
Wolf_retail_Marcella,2017-04-11,ridge,14.094250000000002,20.002550000000003,0.0,False,True,3,-1.6875,,
Wolf_retail_Marcella,2017-04-11,gradient_boosting,14.094250000000002,20.002550000000003,0.0,False,True,3,-1.6875,,
Wolf_retail_Marcella,2017-04-11,perfect_foresight,14.094250000000002,20.002550000000003,0.0,False,False,0,0.0,17.558549999999997,0.0
Wolf_retail_Marcella,2017-04-12,previous_day,14.094250000000002,44.722550000000005,0.0,False,False,0,4.41,42.27855,0.0
Wolf_retail_Marcella,2017-04-12,previous_week,14.094250000000002,44.722550000000005,0.0,False,False,0,4.41,42.27855000000001,0.0
Wolf_retail_Marcella,2017-04-12,ridge,14.094250000000002,44.722550000000005,0.0,False,False,0,4.41,42.27855000000001,0.0
Wolf_retail_Marcella,2017-04-12,gradient_boosting,14.094250000000002,44.722550000000005,0.0,False,False,0,4.41,42.27855000000001,0.0
Wolf_retail_Marcella,2017-04-12,perfect_foresight,14.094250000000002,44.722550000000005,0.0,False,False,0,4.41,42.27855000000001,0.0
Wolf_retail_Marcella,2017-04-13,previous_day,14.094250000000002,34.5267,0.0,False,False,0,3.4525000000000006,32.082699999999996,0.0
Wolf_retail_Marcella,2017-04-13,previous_week,14.094250000000002,34.5267,0.0,False,False,0,3.7024999999999997,32.249700000000004,0.0
Wolf_retail_Marcella,2017-04-13,ridge,14.094250000000002,34.5267,0.0,False,False,0,3.4525000000000006,32.082699999999996,0.0
Wolf_retail_Marcella,2017-04-13,gradient_boosting,14.094250000000002,34.5267,0.0,False,False,0,3.4525000000000006,32.082699999999996,0.0
Wolf_retail_Marcella,2017-04-13,perfect_foresight,14.094250000000002,34.5267,0.0,False,False,0,3.4525000000000006,32.082699999999996,0.0
Wolf_retail_Marcella,2017-04-14,previous_day,14.094250000000002,21.165950000000002,0.0,False,True,3,-2.9125,,
Wolf_retail_Marcella,2017-04-14,previous_week,14.094250000000002,21.165950000000002,0.0,False,True,3,-2.9125,,
Wolf_retail_Marcella,2017-04-14,ridge,14.094250000000002,21.165950000000002,0.0,False,True,3,-2.9125,,
Wolf_retail_Marcella,2017-04-14,gradient_boosting,14.094250000000002,21.165950000000002,0.0,False,True,3,-2.9125,,
Wolf_retail_Marcella,2017-04-14,perfect_foresight,14.094250000000002,21.165950000000002,0.0,False,False,0,-0.0024999999999999467,18.723450000000003,0.0
Wolf_retail_Marcella,2017-04-15,previous_day,14.094250000000002,14.61875,0.0,False,True,4,-2.555,,
Wolf_retail_Marcella,2017-04-15,previous_week,14.094250000000002,14.61875,0.0,False,True,3,-4.0075,,
Wolf_retail_Marcella,2017-04-15,ridge,14.094250000000002,14.61875,0.0,False,True,3,-4.0075,,
Wolf_retail_Marcella,2017-04-15,gradient_boosting,14.094250000000002,14.61875,0.0,False,True,4,-2.725,,
Wolf_retail_Marcella,2017-04-15,perfect_foresight,14.094250000000002,14.61875,0.0,False,False,0,-0.0024999999999999467,12.442250000000001,0.0
Wolf_retail_Marcella,2017-04-16,previous_day,14.094250000000002,15.910449999999999,0.0,False,True,2,-0.7474999999999998,,
Wolf_retail_Marcella,2017-04-16,previous_week,14.094250000000002,15.910449999999999,0.0,False,True,3,-3.6375,,
Wolf_retail_Marcella,2017-04-16,ridge,14.094250000000002,15.910449999999999,0.0,False,True,3,-3.6375,,
Wolf_retail_Marcella,2017-04-16,gradient_boosting,14.094250000000002,15.910449999999999,0.0,False,True,3,-3.6375,,
Wolf_retail_Marcella,2017-04-16,perfect_foresight,14.094250000000002,15.910449999999999,0.0,False,False,0,-0.0024999999999999467,13.46645,0.0
Wolf_retail_Marcella,2017-04-17,previous_day,14.094250000000002,27.240799999999993,0.0,False,False,0,2.4325,24.793799999999997,0.0
Wolf_retail_Marcella,2017-04-17,previous_week,14.094250000000002,27.240799999999993,0.0,False,True,1,-0.22499999999999964,,
Wolf_retail_Marcella,2017-04-17,ridge,14.094250000000002,27.240799999999993,0.0,False,True,1,-0.22499999999999964,,
Wolf_retail_Marcella,2017-04-17,gradient_boosting,14.094250000000002,27.240799999999993,0.0,False,True,1,-0.22499999999999964,,
Wolf_retail_Marcella,2017-04-17,perfect_foresight,14.094250000000002,27.240799999999993,0.0,False,False,0,-0.004999999999999893,24.795299999999997,0.0
Wolf_retail_Marcella,2017-04-18,previous_day,14.094250000000002,36.7053,0.0,False,False,0,0.6375000000000002,34.2583,0.0
Wolf_retail_Marcella,2017-04-18,previous_week,14.094250000000002,36.7053,0.0,False,False,0,2.1075000000000004,34.2613,0.0
Wolf_retail_Marcella,2017-04-18,ridge,14.094250000000002,36.7053,0.0,False,False,0,0.6375000000000002,34.2613,0.0
Wolf_retail_Marcella,2017-04-18,gradient_boosting,14.094250000000002,36.7053,0.0,False,False,0,0.6375000000000002,34.2613,0.0
Wolf_retail_Marcella,2017-04-18,perfect_foresight,14.094250000000002,36.7053,0.0,False,False,0,0.6375000000000002,34.2613,0.0
Wolf_retail_Marcella,2017-04-19,previous_day,14.094250000000002,40.553899999999985,0.0,False,False,0,4.289999999999999,38.10989999999999,0.0
Wolf_retail_Marcella,2017-04-19,previous_week,14.094250000000002,40.553899999999985,0.0,False,False,0,4.289999999999999,38.10989999999999,0.0
Wolf_retail_Marcella,2017-04-19,ridge,14.094250000000002,40.553899999999985,0.0,False,False,0,4.289999999999999,38.10989999999999,0.0
Wolf_retail_Marcella,2017-04-19,gradient_boosting,14.094250000000002,40.553899999999985,0.0,False,False,0,4.289999999999999,38.10989999999999,0.0
Wolf_retail_Marcella,2017-04-19,perfect_foresight,14.094250000000002,40.553899999999985,0.0,False,False,0,4.289999999999999,38.10989999999999,0.0
Wolf_retail_Marcella,2017-04-20,previous_day,14.094250000000002,35.55514999999999,0.0,False,False,0,2.2424999999999997,33.11115,0.0
Wolf_retail_Marcella,2017-04-20,previous_week,14.094250000000002,35.55514999999999,0.0,False,False,0,2.2424999999999997,33.11115,0.0
Wolf_retail_Marcella,2017-04-20,ridge,14.094250000000002,35.55514999999999,0.0,False,False,0,2.2424999999999997,33.11115,0.0
Wolf_retail_Marcella,2017-04-20,gradient_boosting,14.094250000000002,35.55514999999999,0.0,False,False,0,2.2424999999999997,33.11115,0.0
Wolf_retail_Marcella,2017-04-20,perfect_foresight,14.094250000000002,35.55514999999999,0.0,False,False,0,2.2424999999999997,33.11115,0.0
Wolf_retail_Marcella,2017-04-21,previous_day,14.094250000000002,36.63715,0.0,False,False,0,4.407500000000001,34.19315,0.0
Wolf_retail_Marcella,2017-04-21,previous_week,14.094250000000002,36.63715,0.0,False,False,0,2.3200000000000003,34.19315,0.0
Wolf_retail_Marcella,2017-04-21,ridge,14.094250000000002,36.63715,0.0,False,False,0,4.407500000000001,34.19315,0.0
Wolf_retail_Marcella,2017-04-21,gradient_boosting,14.094250000000002,36.63715,0.0,False,False,0,4.407500000000001,34.19315,0.0
Wolf_retail_Marcella,2017-04-21,perfect_foresight,14.094250000000002,36.63715,0.0,False,False,0,4.407500000000001,34.19315,0.0
Wolf_retail_Marcella,2017-04-22,previous_day,14.094250000000002,17.224999999999998,0.0,False,True,3,-3.7199999999999998,,
Wolf_retail_Marcella,2017-04-22,previous_week,14.094250000000002,17.224999999999998,0.0,False,False,0,0.29000000000000004,15.047,0.0
Wolf_retail_Marcella,2017-04-22,ridge,14.094250000000002,17.224999999999998,0.0,False,True,3,-3.7199999999999998,,
Wolf_retail_Marcella,2017-04-22,gradient_boosting,14.094250000000002,17.224999999999998,0.0,False,True,1,-1.16,,
Wolf_retail_Marcella,2017-04-22,perfect_foresight,14.094250000000002,17.224999999999998,0.0,False,False,0,-0.004999999999999893,14.781749999999999,0.0
Wolf_retail_Marcella,2017-04-23,previous_day,14.094250000000002,14.98705,0.0,False,True,3,-1.5725000000000002,,
Wolf_retail_Marcella,2017-04-23,previous_week,14.094250000000002,14.98705,0.0,False,True,2,-0.5749999999999997,,
Wolf_retail_Marcella,2017-04-23,ridge,14.094250000000002,14.98705,0.0,False,True,3,-3.5825,,
Wolf_retail_Marcella,2017-04-23,gradient_boosting,14.094250000000002,14.98705,0.0,False,True,3,-3.5825,,
Wolf_retail_Marcella,2017-04-23,perfect_foresight,14.094250000000002,14.98705,0.0,False,False,0,-0.004999999999999893,12.54305,0.0
Wolf_retail_Marcella,2017-04-24,previous_day,14.094250000000002,38.0368,0.0,False,False,0,4.29,35.5898,0.0
Wolf_retail_Marcella,2017-04-24,previous_week,14.094250000000002,38.0368,0.0,False,False,0,1.0175,35.5898,0.0
Wolf_retail_Marcella,2017-04-24,ridge,14.094250000000002,38.0368,0.0,False,False,0,1.0175,35.5928,0.0
Wolf_retail_Marcella,2017-04-24,gradient_boosting,14.094250000000002,38.0368,0.0,False,False,0,1.0175,35.5928,0.0
Wolf_retail_Marcella,2017-04-24,perfect_foresight,14.094250000000002,38.0368,0.0,False,False,0,1.0175,35.5928,0.0
Wolf_retail_Marcella,2017-04-25,previous_day,14.094250000000002,38.95505000000001,0.0,False,False,0,2.4699999999999998,36.511050000000004,0.17324999999999768
Wolf_retail_Marcella,2017-04-25,previous_week,14.094250000000002,38.95505000000001,0.0,False,False,0,2.4699999999999998,36.51105,0.17324999999999768
Wolf_retail_Marcella,2017-04-25,ridge,14.094250000000002,38.95505000000001,0.0,False,False,0,2.4699999999999998,36.511050000000004,0.17324999999999768
Wolf_retail_Marcella,2017-04-25,gradient_boosting,14.094250000000002,38.95505000000001,0.0,False,False,0,2.4699999999999998,36.511050000000004,0.17324999999999768
Wolf_retail_Marcella,2017-04-25,perfect_foresight,14.094250000000002,38.95505000000001,0.0,False,False,0,2.4699999999999998,36.51225,0.0032499999999977547
Wolf_retail_Marcella,2017-04-26,previous_day,14.094250000000002,40.58910000000001,0.0,False,False,0,4.8575,38.146300000000004,0.0
Wolf_retail_Marcella,2017-04-26,previous_week,14.094250000000002,40.58910000000001,0.0,False,False,0,4.8575,38.1451,0.0
Wolf_retail_Marcella,2017-04-26,ridge,14.094250000000002,40.58910000000001,0.0,False,False,0,4.8575,38.1451,0.0
Wolf_retail_Marcella,2017-04-26,gradient_boosting,14.094250000000002,40.58910000000001,0.0,False,False,0,4.8575,38.1451,0.0
Wolf_retail_Marcella,2017-04-26,perfect_foresight,14.094250000000002,40.58910000000001,0.0,False,False,0,4.8575,38.1451,0.0
Wolf_retail_Marcella,2017-04-27,previous_day,14.094250000000002,36.800149999999995,0.0,False,False,0,4.1175,34.35615,0.0
Wolf_retail_Marcella,2017-04-27,previous_week,14.094250000000002,36.800149999999995,0.0,False,False,0,4.1175,34.35615,0.0
Wolf_retail_Marcella,2017-04-27,ridge,14.094250000000002,36.800149999999995,0.0,False,False,0,4.1175,34.35615,0.0
Wolf_retail_Marcella,2017-04-27,gradient_boosting,14.094250000000002,36.800149999999995,0.0,False,False,0,4.1175,34.35615,0.0
Wolf_retail_Marcella,2017-04-27,perfect_foresight,14.094250000000002,36.800149999999995,0.0,False,False,0,4.1175,34.35615,0.0
Wolf_retail_Marcella,2017-04-28,previous_day,14.094250000000002,41.74289999999999,0.0,False,False,0,4.735,39.298899999999996,0.0
Wolf_retail_Marcella,2017-04-28,previous_week,14.094250000000002,41.74289999999999,0.0,False,False,0,4.735,39.298899999999996,0.0
Wolf_retail_Marcella,2017-04-28,ridge,14.094250000000002,41.74289999999999,0.0,False,False,0,4.735,39.298899999999996,0.0
Wolf_retail_Marcella,2017-04-28,gradient_boosting,14.094250000000002,41.74289999999999,0.0,False,False,0,4.735,39.298899999999996,0.0
Wolf_retail_Marcella,2017-04-28,perfect_foresight,14.094250000000002,41.74289999999999,0.0,False,False,0,4.735,39.298899999999996,0.0
Wolf_retail_Marcella,2017-04-29,previous_day,14.094250000000002,26.63795,0.0,False,False,0,0.08750000000000036,24.193949999999997,0.0
Wolf_retail_Marcella,2017-04-29,previous_week,14.094250000000002,26.63795,0.0,False,False,0,0.7949999999999999,24.19095,0.0
Wolf_retail_Marcella,2017-04-29,ridge,14.094250000000002,26.63795,0.0,False,False,0,0.08750000000000036,24.193949999999997,0.0
Wolf_retail_Marcella,2017-04-29,gradient_boosting,14.094250000000002,26.63795,0.0,False,False,0,0.08750000000000036,24.193949999999997,0.0
Wolf_retail_Marcella,2017-04-29,perfect_foresight,14.094250000000002,26.63795,0.0,False,False,0,0.08750000000000036,24.193949999999997,0.0
Wolf_retail_Marcella,2017-04-30,previous_day,14.094250000000002,25.05475,0.0,False,True,2,-2.1075,,
Wolf_retail_Marcella,2017-04-30,previous_week,14.094250000000002,25.05475,0.0,False,False,0,1.4725000000000001,22.60775,0.0
Wolf_retail_Marcella,2017-04-30,ridge,14.094250000000002,25.05475,0.0,False,True,2,-2.1075,,
Wolf_retail_Marcella,2017-04-30,gradient_boosting,14.094250000000002,25.05475,0.0,False,True,2,-2.1075,,
Wolf_retail_Marcella,2017-04-30,perfect_foresight,14.094250000000002,25.05475,0.0,False,False,0,0.0024999999999999467,22.61375,0.0
Wolf_retail_Marcella,2017-05-01,previous_day,14.094250000000002,50.296499999999995,2.726499999999996,False,False,0,4.9975,47.8555,2.726499999999996
Wolf_retail_Marcella,2017-05-01,previous_week,14.094250000000002,50.296499999999995,2.726499999999996,False,False,0,4.9975,47.8525,2.726499999999996
Wolf_retail_Marcella,2017-05-01,ridge,14.094250000000002,50.296499999999995,2.726499999999996,False,False,0,4.9975,47.8525,2.726499999999996
Wolf_retail_Marcella,2017-05-01,gradient_boosting,14.094250000000002,50.296499999999995,2.726499999999996,False,False,0,4.9975,47.8525,2.726499999999996
Wolf_retail_Marcella,2017-05-01,perfect_foresight,14.094250000000002,50.296499999999995,2.726499999999996,False,False,0,4.9975,47.8525,0.0
Wolf_retail_Marcella,2017-05-02,previous_day,14.094250000000002,27.207649999999997,0.0,False,True,2,-0.20749999999999957,,
Wolf_retail_Marcella,2017-05-02,previous_week,14.094250000000002,27.207649999999997,0.0,False,True,3,-0.3875000000000002,,
Wolf_retail_Marcella,2017-05-02,ridge,14.094250000000002,27.207649999999997,0.0,False,True,3,-0.3875000000000002,,
Wolf_retail_Marcella,2017-05-02,gradient_boosting,14.094250000000002,27.207649999999997,0.0,False,True,3,-0.3875000000000002,,
Wolf_retail_Marcella,2017-05-02,perfect_foresight,14.094250000000002,27.207649999999997,0.0,False,False,0,-0.002500000000000391,24.764400000000002,0.0
Wolf_retail_Marcella,2017-05-03,previous_day,14.094250000000002,24.720449999999996,0.0,False,True,1,-0.5825000000000005,,
Wolf_retail_Marcella,2017-05-03,previous_week,14.094250000000002,24.720449999999996,0.0,False,True,3,-0.7625000000000002,,
Wolf_retail_Marcella,2017-05-03,ridge,14.094250000000002,24.720449999999996,0.0,False,True,3,-0.7625000000000002,,
Wolf_retail_Marcella,2017-05-03,gradient_boosting,14.094250000000002,24.720449999999996,0.0,False,True,3,-0.7625000000000002,,
Wolf_retail_Marcella,2017-05-03,perfect_foresight,14.094250000000002,24.720449999999996,0.0,False,False,0,-0.002500000000000391,22.2772,0.0
Wolf_retail_Marcella,2017-05-04,previous_day,14.094250000000002,35.622099999999996,0.0,False,False,0,3.4449999999999994,33.17809999999999,0.0
Wolf_retail_Marcella,2017-05-04,previous_week,14.094250000000002,35.622099999999996,0.0,False,False,0,2.6849999999999996,33.1781,0.0
Wolf_retail_Marcella,2017-05-04,ridge,14.094250000000002,35.622099999999996,0.0,False,False,0,2.6849999999999996,33.1781,0.0
Wolf_retail_Marcella,2017-05-04,gradient_boosting,14.094250000000002,35.622099999999996,0.0,False,False,0,2.6849999999999996,33.1781,0.0
Wolf_retail_Marcella,2017-05-04,perfect_foresight,14.094250000000002,35.622099999999996,0.0,False,False,0,2.6849999999999996,33.1781,0.0
Wolf_retail_Marcella,2017-05-05,previous_day,14.094250000000002,27.403400000000005,0.0,False,True,1,-1.815,,
Wolf_retail_Marcella,2017-05-05,previous_week,14.094250000000002,27.403400000000005,0.0,False,True,1,-1.815,,
Wolf_retail_Marcella,2017-05-05,ridge,14.094250000000002,27.403400000000005,0.0,False,True,1,-1.815,,
Wolf_retail_Marcella,2017-05-05,gradient_boosting,14.094250000000002,27.403400000000005,0.0,False,True,1,-1.815,,
Wolf_retail_Marcella,2017-05-05,perfect_foresight,14.094250000000002,27.403400000000005,0.0,False,False,0,-0.004999999999999893,24.960900000000002,0.0
Wolf_retail_Marcella,2017-05-06,previous_day,14.094250000000002,25.430349999999997,0.0,False,True,1,-0.17999999999999972,,
Wolf_retail_Marcella,2017-05-06,previous_week,14.094250000000002,25.430349999999997,0.0,False,True,2,-0.6449999999999996,,
Wolf_retail_Marcella,2017-05-06,ridge,14.094250000000002,25.430349999999997,0.0,False,True,2,-0.5549999999999997,,
Wolf_retail_Marcella,2017-05-06,gradient_boosting,14.094250000000002,25.430349999999997,0.0,False,False,0,0.8350000000000004,22.983349999999998,0.0
Wolf_retail_Marcella,2017-05-06,perfect_foresight,14.094250000000002,25.430349999999997,0.0,False,False,0,-0.004999999999999893,22.984849999999998,0.0
Wolf_retail_Marcella,2017-05-07,previous_day,14.094250000000002,29.084750000000007,0.0,False,False,0,1.4749999999999996,26.637750000000004,0.0
Wolf_retail_Marcella,2017-05-07,previous_week,14.094250000000002,29.084750000000007,0.0,False,False,0,1.4749999999999996,26.643750000000004,0.0
Wolf_retail_Marcella,2017-05-07,ridge,14.094250000000002,29.084750000000007,0.0,False,False,0,0.3550000000000004,26.640750000000004,0.0
Wolf_retail_Marcella,2017-05-07,gradient_boosting,14.094250000000002,29.084750000000007,0.0,False,False,0,0.3550000000000004,26.640750000000004,0.0
Wolf_retail_Marcella,2017-05-07,perfect_foresight,14.094250000000002,29.084750000000007,0.0,False,False,0,0.3550000000000004,26.640750000000004,0.0
Wolf_retail_Marcella,2017-05-08,previous_day,14.094250000000002,16.12435,0.0,False,True,3,-2.5725,,
Wolf_retail_Marcella,2017-05-08,previous_week,14.094250000000002,16.12435,0.0,False,True,2,-2.5725,,
Wolf_retail_Marcella,2017-05-08,ridge,14.094250000000002,16.12435,0.0,False,True,3,-2.5725,,
Wolf_retail_Marcella,2017-05-08,gradient_boosting,14.094250000000002,16.12435,0.0,False,True,3,-2.5725,,
Wolf_retail_Marcella,2017-05-08,perfect_foresight,14.094250000000002,16.12435,0.0,False,False,0,-0.004999999999999893,13.682599999999997,0.0
Wolf_retail_Marcella,2017-05-09,previous_day,14.094250000000002,39.110600000000005,0.0,False,False,0,4.335,36.6666,0.0
Wolf_retail_Marcella,2017-05-09,previous_week,14.094250000000002,39.110600000000005,0.0,False,False,0,3.0249999999999995,36.6666,0.0
Wolf_retail_Marcella,2017-05-09,ridge,14.094250000000002,39.110600000000005,0.0,False,False,0,2.825,36.6666,0.0
Wolf_retail_Marcella,2017-05-09,gradient_boosting,14.094250000000002,39.110600000000005,0.0,False,False,0,2.825,36.6666,0.0
Wolf_retail_Marcella,2017-05-09,perfect_foresight,14.094250000000002,39.110600000000005,0.0,False,False,0,2.825,36.6666,0.0
Wolf_retail_Marcella,2017-05-10,previous_day,14.094250000000002,35.12535,0.0,False,False,0,1.8150000000000004,32.68135000000001,0.0
Wolf_retail_Marcella,2017-05-10,previous_week,14.094250000000002,35.12535,0.0,False,False,0,2.4299999999999997,32.68135,0.0
Wolf_retail_Marcella,2017-05-10,ridge,14.094250000000002,35.12535,0.0,False,False,0,1.8150000000000004,32.68135000000001,0.0
Wolf_retail_Marcella,2017-05-10,gradient_boosting,14.094250000000002,35.12535,0.0,False,False,0,1.8150000000000004,32.68135000000001,0.0
Wolf_retail_Marcella,2017-05-10,perfect_foresight,14.094250000000002,35.12535,0.0,False,False,0,1.8150000000000004,32.68135000000001,0.0
Wolf_retail_Marcella,2017-05-11,previous_day,14.094250000000002,20.10195,0.0,False,True,3,-1.3475000000000001,,
Wolf_retail_Marcella,2017-05-11,previous_week,14.094250000000002,20.10195,0.0,False,True,3,-1.3475000000000001,,
Wolf_retail_Marcella,2017-05-11,ridge,14.094250000000002,20.10195,0.0,False,True,3,-1.3475000000000001,,
Wolf_retail_Marcella,2017-05-11,gradient_boosting,14.094250000000002,20.10195,0.0,False,True,3,-1.3475000000000001,,
Wolf_retail_Marcella,2017-05-11,perfect_foresight,14.094250000000002,20.10195,0.0,False,False,0,0.0,17.66095,0.0
Wolf_retail_Marcella,2017-05-12,previous_day,14.094250000000002,43.71435000000001,0.0,False,False,0,4.0775,41.27335,0.0
Wolf_retail_Marcella,2017-05-12,previous_week,14.094250000000002,43.71435000000001,0.0,False,False,0,4.0775,41.27035000000001,0.0
Wolf_retail_Marcella,2017-05-12,ridge,14.094250000000002,43.71435000000001,0.0,False,False,0,4.0775,41.27035,0.0
Wolf_retail_Marcella,2017-05-12,gradient_boosting,14.094250000000002,43.71435000000001,0.0,False,False,0,4.0775,41.27035,0.0
Wolf_retail_Marcella,2017-05-12,perfect_foresight,14.094250000000002,43.71435000000001,0.0,False,False,0,4.0775,41.27035,0.0
Wolf_retail_Marcella,2017-05-13,previous_day,14.094250000000002,17.027499999999996,0.0,False,True,3,-2.98,,
Wolf_retail_Marcella,2017-05-13,previous_week,14.094250000000002,17.027499999999996,0.0,False,True,3,-2.3400000000000003,,
Wolf_retail_Marcella,2017-05-13,ridge,14.094250000000002,17.027499999999996,0.0,False,True,3,-2.98,,
Wolf_retail_Marcella,2017-05-13,gradient_boosting,14.094250000000002,17.027499999999996,0.0,False,True,3,-2.98,,
Wolf_retail_Marcella,2017-05-13,perfect_foresight,14.094250000000002,17.027499999999996,0.0,False,False,0,-0.0024999999999999467,14.584249999999999,0.0
Wolf_retail_Marcella,2017-05-14,previous_day,14.094250000000002,12.4285,0.0,False,True,5,-2.9800000000000004,,
Wolf_retail_Marcella,2017-05-14,previous_week,14.094250000000002,12.4285,0.0,False,True,3,-4.3225,,
Wolf_retail_Marcella,2017-05-14,ridge,14.094250000000002,12.4285,0.0,False,True,3,-4.3225,,
Wolf_retail_Marcella,2017-05-14,gradient_boosting,14.094250000000002,12.4285,0.0,False,True,3,-4.3225,,
Wolf_retail_Marcella,2017-05-14,perfect_foresight,14.094250000000002,12.4285,0.0,False,False,0,-0.004999999999999893,10.414500000000002,0.0
Wolf_retail_Marcella,2017-05-15,previous_day,14.094250000000002,37.91835000000001,0.0,False,False,0,3.8400000000000003,35.899350000000005,0.0
Wolf_retail_Marcella,2017-05-15,previous_week,14.094250000000002,37.91835000000001,0.0,False,False,0,4.32,35.47435000000001,0.0
Wolf_retail_Marcella,2017-05-15,ridge,14.094250000000002,37.91835000000001,0.0,False,False,0,4.32,35.47435000000001,0.0
Wolf_retail_Marcella,2017-05-15,gradient_boosting,14.094250000000002,37.91835000000001,0.0,False,False,0,4.32,35.47435000000001,0.0
Wolf_retail_Marcella,2017-05-15,perfect_foresight,14.094250000000002,37.91835000000001,0.0,False,False,0,4.32,35.47435000000001,0.0
Wolf_retail_Marcella,2017-05-16,previous_day,14.094250000000002,30.244950000000006,0.0,False,False,0,0.9974999999999996,27.800950000000004,0.0
Wolf_retail_Marcella,2017-05-16,previous_week,14.094250000000002,30.244950000000006,0.0,False,False,0,0.9974999999999996,27.800950000000004,0.0
Wolf_retail_Marcella,2017-05-16,ridge,14.094250000000002,30.244950000000006,0.0,False,False,0,0.9974999999999996,27.800950000000004,0.0
Wolf_retail_Marcella,2017-05-16,gradient_boosting,14.094250000000002,30.244950000000006,0.0,False,False,0,0.9974999999999996,27.800950000000004,0.0
Wolf_retail_Marcella,2017-05-16,perfect_foresight,14.094250000000002,30.244950000000006,0.0,False,False,0,0.9974999999999996,27.800950000000004,0.0
Wolf_retail_Marcella,2017-05-17,previous_day,14.094250000000002,34.31475,0.0,False,False,0,0.7874999999999996,31.870750000000005,0.0
Wolf_retail_Marcella,2017-05-17,previous_week,14.094250000000002,34.31475,0.0,False,False,0,0.7874999999999996,31.87075,0.0
Wolf_retail_Marcella,2017-05-17,ridge,14.094250000000002,34.31475,0.0,False,False,0,0.7874999999999996,31.87075,0.0
Wolf_retail_Marcella,2017-05-17,gradient_boosting,14.094250000000002,34.31475,0.0,False,False,0,0.7874999999999996,31.87075,0.0
Wolf_retail_Marcella,2017-05-17,perfect_foresight,14.094250000000002,34.31475,0.0,False,False,0,0.7874999999999996,31.87075,0.0
Wolf_retail_Marcella,2017-05-18,previous_day,14.094250000000002,37.01715,0.0,False,False,0,2.0250000000000004,34.57315000000001,0.0
Wolf_retail_Marcella,2017-05-18,previous_week,14.094250000000002,37.01715,0.0,False,False,0,3.3550000000000004,34.57615000000001,0.0
Wolf_retail_Marcella,2017-05-18,ridge,14.094250000000002,37.01715,0.0,False,False,0,2.0250000000000004,34.57315000000001,0.0
Wolf_retail_Marcella,2017-05-18,gradient_boosting,14.094250000000002,37.01715,0.0,False,False,0,2.0250000000000004,34.57315000000001,0.0
Wolf_retail_Marcella,2017-05-18,perfect_foresight,14.094250000000002,37.01715,0.0,False,False,0,2.0250000000000004,34.57315000000001,0.0
Wolf_retail_Marcella,2017-05-19,previous_day,14.094250000000002,28.4597,0.0,False,True,2,-0.9325000000000001,,
Wolf_retail_Marcella,2017-05-19,previous_week,14.094250000000002,28.4597,0.0,False,True,2,-0.9325000000000001,,
Wolf_retail_Marcella,2017-05-19,ridge,14.094250000000002,28.4597,0.0,False,True,2,-0.9325000000000001,,
Wolf_retail_Marcella,2017-05-19,gradient_boosting,14.094250000000002,28.4597,0.0,False,True,2,-0.9325000000000001,,
Wolf_retail_Marcella,2017-05-19,perfect_foresight,14.094250000000002,28.4597,0.0,False,False,0,-0.002500000000000391,26.0172,0.0
Wolf_retail_Marcella,2017-05-20,previous_day,14.094250000000002,13.0815,0.0,False,True,3,-4.385,,
Wolf_retail_Marcella,2017-05-20,previous_week,14.094250000000002,13.0815,0.0,False,True,4,-2.6950000000000003,,
Wolf_retail_Marcella,2017-05-20,ridge,14.094250000000002,13.0815,0.0,False,True,3,-4.385,,
Wolf_retail_Marcella,2017-05-20,gradient_boosting,14.094250000000002,13.0815,0.0,False,True,3,-4.385,,
Wolf_retail_Marcella,2017-05-20,perfect_foresight,14.094250000000002,13.0815,0.0,False,False,0,-0.004999999999999893,11.104750000000001,0.0
Wolf_retail_Marcella,2017-05-21,previous_day,14.094250000000002,13.5892,0.0,False,True,2,-0.8075000000000001,,
Wolf_retail_Marcella,2017-05-21,previous_week,14.094250000000002,13.5892,0.0,False,True,2,-0.44750000000000023,,
Wolf_retail_Marcella,2017-05-21,ridge,14.094250000000002,13.5892,0.0,False,True,3,-3.42,,
Wolf_retail_Marcella,2017-05-21,gradient_boosting,14.094250000000002,13.5892,0.0,False,True,4,-2.06,,
Wolf_retail_Marcella,2017-05-21,perfect_foresight,14.094250000000002,13.5892,0.0,False,False,0,-0.0024999999999999467,11.145950000000001,0.0
Wolf_retail_Marcella,2017-05-22,previous_day,14.094250000000002,31.777050000000003,0.0,False,False,0,3.9525,29.33305,0.0
Wolf_retail_Marcella,2017-05-22,previous_week,14.094250000000002,31.777050000000003,0.0,False,False,0,0.9074999999999998,29.333050000000004,0.0
Wolf_retail_Marcella,2017-05-22,ridge,14.094250000000002,31.777050000000003,0.0,False,False,0,0.9074999999999998,29.33305,0.0
Wolf_retail_Marcella,2017-05-22,gradient_boosting,14.094250000000002,31.777050000000003,0.0,False,False,0,0.9074999999999998,29.333050000000004,0.0
Wolf_retail_Marcella,2017-05-22,perfect_foresight,14.094250000000002,31.777050000000003,0.0,False,False,0,0.9074999999999998,29.333050000000004,0.0
Wolf_retail_Marcella,2017-05-23,previous_day,14.094250000000002,32.77485,0.0,False,False,0,3.2650000000000006,30.330849999999998,0.0
Wolf_retail_Marcella,2017-05-23,previous_week,14.094250000000002,32.77485,0.0,False,False,0,3.2650000000000006,30.330849999999998,0.0
Wolf_retail_Marcella,2017-05-23,ridge,14.094250000000002,32.77485,0.0,False,False,0,3.2650000000000006,30.330849999999998,0.0
Wolf_retail_Marcella,2017-05-23,gradient_boosting,14.094250000000002,32.77485,0.0,False,False,0,3.2650000000000006,30.330849999999998,0.0
Wolf_retail_Marcella,2017-05-23,perfect_foresight,14.094250000000002,32.77485,0.0,False,False,0,3.2650000000000006,30.330849999999998,0.0
Wolf_retail_Marcella,2017-05-24,previous_day,14.094250000000002,36.567,1.3082499999999975,False,False,0,1.9000000000000004,34.123000000000005,1.3082499999999975
Wolf_retail_Marcella,2017-05-24,previous_week,14.094250000000002,36.567,1.3082499999999975,False,False,0,1.9000000000000004,34.123000000000005,1.3082499999999975
Wolf_retail_Marcella,2017-05-24,ridge,14.094250000000002,36.567,1.3082499999999975,False,False,0,1.9000000000000004,34.123000000000005,1.3082499999999975
Wolf_retail_Marcella,2017-05-24,gradient_boosting,14.094250000000002,36.567,1.3082499999999975,False,False,0,1.9000000000000004,34.123000000000005,1.3082499999999975
Wolf_retail_Marcella,2017-05-24,perfect_foresight,14.094250000000002,36.567,1.3082499999999975,False,False,0,1.9000000000000004,34.123000000000005,0.0
Wolf_retail_Marcella,2017-05-25,previous_day,14.094250000000002,36.806749999999994,0.0,False,False,0,1.2874999999999996,34.36275,0.0
Wolf_retail_Marcella,2017-05-25,previous_week,14.094250000000002,36.806749999999994,0.0,False,False,0,1.2874999999999996,34.36275,0.0
Wolf_retail_Marcella,2017-05-25,ridge,14.094250000000002,36.806749999999994,0.0,False,False,0,1.2874999999999996,34.36275,0.0
Wolf_retail_Marcella,2017-05-25,gradient_boosting,14.094250000000002,36.806749999999994,0.0,False,False,0,1.2874999999999996,34.36275,0.0
Wolf_retail_Marcella,2017-05-25,perfect_foresight,14.094250000000002,36.806749999999994,0.0,False,False,0,1.2874999999999996,34.36275,0.0
Wolf_retail_Marcella,2017-05-26,previous_day,14.094250000000002,38.6544,0.0,False,False,0,2.715,36.21039999999999,0.0
Wolf_retail_Marcella,2017-05-26,previous_week,14.094250000000002,38.6544,0.0,False,False,0,2.715,36.2104,0.0
Wolf_retail_Marcella,2017-05-26,ridge,14.094250000000002,38.6544,0.0,False,False,0,2.715,36.21039999999999,0.0
Wolf_retail_Marcella,2017-05-26,gradient_boosting,14.094250000000002,38.6544,0.0,False,False,0,2.715,36.21039999999999,0.0
Wolf_retail_Marcella,2017-05-26,perfect_foresight,14.094250000000002,38.6544,0.0,False,False,0,2.715,36.21039999999999,0.0
Wolf_retail_Marcella,2017-05-27,previous_day,14.094250000000002,22.749000000000002,0.0,False,True,3,-0.2649999999999997,,
Wolf_retail_Marcella,2017-05-27,previous_week,14.094250000000002,22.749000000000002,0.0,False,False,0,1.2225000000000001,20.770000000000003,0.0
Wolf_retail_Marcella,2017-05-27,ridge,14.094250000000002,22.749000000000002,0.0,False,True,3,-0.2649999999999997,,
Wolf_retail_Marcella,2017-05-27,gradient_boosting,14.094250000000002,22.749000000000002,0.0,False,True,3,-0.2649999999999997,,
Wolf_retail_Marcella,2017-05-27,perfect_foresight,14.094250000000002,22.749000000000002,0.0,False,False,0,-0.004999999999999893,20.305750000000003,0.0
Wolf_retail_Marcella,2017-05-28,previous_day,14.094250000000002,17.086100000000005,0.0,False,True,3,-2.6225,,
Wolf_retail_Marcella,2017-05-28,previous_week,14.094250000000002,17.086100000000005,0.0,False,True,1,-0.3374999999999999,,
Wolf_retail_Marcella,2017-05-28,ridge,14.094250000000002,17.086100000000005,0.0,False,True,3,-2.7425,,
Wolf_retail_Marcella,2017-05-28,gradient_boosting,14.094250000000002,17.086100000000005,0.0,False,True,3,-2.7425,,
Wolf_retail_Marcella,2017-05-28,perfect_foresight,14.094250000000002,17.086100000000005,0.0,False,False,0,-0.0024999999999999467,14.6436,0.0
Wolf_retail_Marcella,2017-05-29,previous_day,14.094250000000002,35.12825,0.0,False,False,0,4.735,32.68425,0.0
Wolf_retail_Marcella,2017-05-29,previous_week,14.094250000000002,35.12825,0.0,False,False,0,3.215,32.68424999999999,0.0
Wolf_retail_Marcella,2017-05-29,ridge,14.094250000000002,35.12825,0.0,False,False,0,3.215,32.68424999999999,0.0
Wolf_retail_Marcella,2017-05-29,gradient_boosting,14.094250000000002,35.12825,0.0,False,False,0,3.215,32.68424999999999,0.0
Wolf_retail_Marcella,2017-05-29,perfect_foresight,14.094250000000002,35.12825,0.0,False,False,0,3.215,32.68424999999999,0.0
Wolf_retail_Marcella,2017-05-30,previous_day,14.094250000000002,29.634199999999996,0.0,False,False,0,1.9349999999999996,27.190199999999997,0.0
Wolf_retail_Marcella,2017-05-30,previous_week,14.094250000000002,29.634199999999996,0.0,False,False,0,1.9349999999999996,27.190199999999997,0.0
Wolf_retail_Marcella,2017-05-30,ridge,14.094250000000002,29.634199999999996,0.0,False,False,0,1.9349999999999996,27.190199999999997,0.0
Wolf_retail_Marcella,2017-05-30,gradient_boosting,14.094250000000002,29.634199999999996,0.0,False,False,0,1.9349999999999996,27.190199999999997,0.0
Wolf_retail_Marcella,2017-05-30,perfect_foresight,14.094250000000002,29.634199999999996,0.0,False,False,0,1.9349999999999996,27.190199999999997,0.0
Wolf_retail_Marcella,2017-05-31,previous_day,14.094250000000002,26.971850000000003,0.0,False,True,1,-0.3049999999999997,,
Wolf_retail_Marcella,2017-05-31,previous_week,14.094250000000002,26.971850000000003,0.0,False,True,1,-0.3049999999999997,,
Wolf_retail_Marcella,2017-05-31,ridge,14.094250000000002,26.971850000000003,0.0,False,True,1,-0.3049999999999997,,
Wolf_retail_Marcella,2017-05-31,gradient_boosting,14.094250000000002,26.971850000000003,0.0,False,True,1,-0.3049999999999997,,
Wolf_retail_Marcella,2017-05-31,perfect_foresight,14.094250000000002,26.971850000000003,0.0,False,False,0,-0.004999999999999893,24.526349999999997,0.0
Wolf_retail_Marcella,2017-06-01,previous_day,14.094250000000002,48.782650000000004,2.4714999999999954,False,False,0,5.0575,46.33565,2.4714999999999954
Wolf_retail_Marcella,2017-06-01,previous_week,14.094250000000002,48.782650000000004,2.4714999999999954,False,False,0,5.0575,46.33865,2.4714999999999954
Wolf_retail_Marcella,2017-06-01,ridge,14.094250000000002,48.782650000000004,2.4714999999999954,False,False,0,5.0575,46.33865,2.4714999999999954
Wolf_retail_Marcella,2017-06-01,gradient_boosting,14.094250000000002,48.782650000000004,2.4714999999999954,False,False,0,5.0575,46.33865,2.4714999999999954
Wolf_retail_Marcella,2017-06-01,perfect_foresight,14.094250000000002,48.782650000000004,2.4714999999999954,False,False,0,5.0575,46.37165,0.0032499999999977547
Wolf_retail_Marcella,2017-06-02,previous_day,14.094250000000002,53.765499999999996,8.906749999999978,False,False,0,6.0325,51.3545,5.222999999999988
Wolf_retail_Marcella,2017-06-02,previous_week,14.094250000000002,53.765499999999996,8.906749999999978,False,False,0,6.0325,51.32149999999999,6.391999999999987
Wolf_retail_Marcella,2017-06-02,ridge,14.094250000000002,53.765499999999996,8.906749999999978,False,False,0,6.0325,51.32149999999999,6.391999999999987
Wolf_retail_Marcella,2017-06-02,gradient_boosting,14.094250000000002,53.765499999999996,8.906749999999978,False,False,0,6.0325,51.32149999999999,6.391999999999987
Wolf_retail_Marcella,2017-06-02,perfect_foresight,14.094250000000002,53.765499999999996,8.906749999999978,False,False,0,6.0325,51.63249999999999,0.007999999999990237
Wolf_retail_Marcella,2017-06-03,previous_day,14.094250000000002,48.66360000000001,1.4697499999999923,False,False,0,5.0375,46.53060000000001,0.0
Wolf_retail_Marcella,2017-06-03,previous_week,14.094250000000002,48.66360000000001,1.4697499999999923,False,False,0,5.0375,46.21660000000001,1.4697499999999923
Wolf_retail_Marcella,2017-06-03,ridge,14.094250000000002,48.66360000000001,1.4697499999999923,False,False,0,5.0375,46.219600000000014,1.4697499999999923
Wolf_retail_Marcella,2017-06-03,gradient_boosting,14.094250000000002,48.66360000000001,1.4697499999999923,False,False,0,5.0375,46.219600000000014,1.4697499999999923
Wolf_retail_Marcella,2017-06-03,perfect_foresight,14.094250000000002,48.66360000000001,1.4697499999999923,False,False,0,5.0375,46.2166,0.0
Wolf_retail_Marcella,2017-06-04,previous_day,14.094250000000002,34.56215,0.0,False,False,0,2.92,32.11515,0.0
Wolf_retail_Marcella,2017-06-04,previous_week,14.094250000000002,34.56215,0.0,False,False,0,4.22,32.11815,0.0
Wolf_retail_Marcella,2017-06-04,ridge,14.094250000000002,34.56215,0.0,False,False,0,2.92,32.11815,0.0
Wolf_retail_Marcella,2017-06-04,gradient_boosting,14.094250000000002,34.56215,0.0,False,False,0,2.96,32.11815,0.0
Wolf_retail_Marcella,2017-06-04,perfect_foresight,14.094250000000002,34.56215,0.0,False,False,0,2.92,32.11815,0.0
Wolf_retail_Marcella,2017-06-05,previous_day,14.094250000000002,20.135849999999998,0.0,False,True,3,-2.9575,,
Wolf_retail_Marcella,2017-06-05,previous_week,14.094250000000002,20.135849999999998,0.0,False,True,3,-2.9575,,
Wolf_retail_Marcella,2017-06-05,ridge,14.094250000000002,20.135849999999998,0.0,False,True,3,-2.9575,,
Wolf_retail_Marcella,2017-06-05,gradient_boosting,14.094250000000002,20.135849999999998,0.0,False,True,3,-2.9575,,
Wolf_retail_Marcella,2017-06-05,perfect_foresight,14.094250000000002,20.135849999999998,0.0,False,False,0,-0.0024999999999999467,17.69335,0.0
Wolf_retail_Marcella,2017-06-06,previous_day,14.094250000000002,29.323,0.0,False,False,0,0.9699999999999998,26.879,0.0
Wolf_retail_Marcella,2017-06-06,previous_week,14.094250000000002,29.323,0.0,False,True,2,-1.2400000000000002,,
Wolf_retail_Marcella,2017-06-06,ridge,14.094250000000002,29.323,0.0,False,True,2,-1.2400000000000002,,
Wolf_retail_Marcella,2017-06-06,gradient_boosting,14.094250000000002,29.323,0.0,False,True,2,-1.2400000000000002,,
Wolf_retail_Marcella,2017-06-06,perfect_foresight,14.094250000000002,29.323,0.0,False,False,0,0.0,26.879,0.0
Wolf_retail_Marcella,2017-06-07,previous_day,14.094250000000002,38.14845,0.0,False,False,0,3.0200000000000005,35.70445,0.0
Wolf_retail_Marcella,2017-06-07,previous_week,14.094250000000002,38.14845,0.0,False,False,0,1.7800000000000002,35.70145,0.0
Wolf_retail_Marcella,2017-06-07,ridge,14.094250000000002,38.14845,0.0,False,False,0,1.7800000000000002,35.70445,0.0
Wolf_retail_Marcella,2017-06-07,gradient_boosting,14.094250000000002,38.14845,0.0,False,False,0,1.7800000000000002,35.70445,0.0
Wolf_retail_Marcella,2017-06-07,perfect_foresight,14.094250000000002,38.14845,0.0,False,False,0,1.7800000000000002,35.70445,0.0
Wolf_retail_Marcella,2017-06-08,previous_day,14.094250000000002,16.463350000000002,0.0,False,True,3,-2.7425,,
Wolf_retail_Marcella,2017-06-08,previous_week,14.094250000000002,16.463350000000002,0.0,False,True,3,-2.7425,,
Wolf_retail_Marcella,2017-06-08,ridge,14.094250000000002,16.463350000000002,0.0,False,True,3,-2.7425,,
Wolf_retail_Marcella,2017-06-08,gradient_boosting,14.094250000000002,16.463350000000002,0.0,False,True,3,-2.7425,,
Wolf_retail_Marcella,2017-06-08,perfect_foresight,14.094250000000002,16.463350000000002,0.0,False,False,0,-0.0024999999999999467,14.0216,0.0
Wolf_retail_Marcella,2017-06-09,previous_day,14.094250000000002,36.57535,0.0,False,False,0,4.3025,34.13135000000001,0.0
Wolf_retail_Marcella,2017-06-09,previous_week,14.094250000000002,36.57535,0.0,False,False,0,3.5525,34.442350000000005,0.0
Wolf_retail_Marcella,2017-06-09,ridge,14.094250000000002,36.57535,0.0,False,False,0,3.5525,34.131350000000005,0.0
Wolf_retail_Marcella,2017-06-09,gradient_boosting,14.094250000000002,36.57535,0.0,False,False,0,3.5525,34.131350000000005,0.0
Wolf_retail_Marcella,2017-06-09,perfect_foresight,14.094250000000002,36.57535,0.0,False,False,0,3.5525,34.131350000000005,0.0
Wolf_retail_Marcella,2017-06-10,previous_day,14.094250000000002,38.534099999999995,0.0,False,False,0,4.102499999999999,36.09010000000001,0.0
Wolf_retail_Marcella,2017-06-10,previous_week,14.094250000000002,38.534099999999995,0.0,False,False,0,4.102499999999999,36.08710000000001,0.0
Wolf_retail_Marcella,2017-06-10,ridge,14.094250000000002,38.534099999999995,0.0,False,False,0,4.102499999999999,36.09010000000001,0.0
Wolf_retail_Marcella,2017-06-10,gradient_boosting,14.094250000000002,38.534099999999995,0.0,False,False,0,4.102499999999999,36.09010000000001,0.0
Wolf_retail_Marcella,2017-06-10,perfect_foresight,14.094250000000002,38.534099999999995,0.0,False,False,0,4.102499999999999,36.09010000000001,0.0
Wolf_retail_Marcella,2017-06-11,previous_day,14.094250000000002,41.54564999999999,0.0,False,False,0,4.2025,39.10164999999999,0.0
Wolf_retail_Marcella,2017-06-11,previous_week,14.094250000000002,41.54564999999999,0.0,False,False,0,4.2025,39.10164999999999,0.0
Wolf_retail_Marcella,2017-06-11,ridge,14.094250000000002,41.54564999999999,0.0,False,False,0,4.2025,39.10164999999999,0.0
Wolf_retail_Marcella,2017-06-11,gradient_boosting,14.094250000000002,41.54564999999999,0.0,False,False,0,4.2025,39.098649999999985,0.0
Wolf_retail_Marcella,2017-06-11,perfect_foresight,14.094250000000002,41.54564999999999,0.0,False,False,0,4.2025,39.10164999999999,0.0
Wolf_retail_Marcella,2017-06-12,previous_day,14.094250000000002,43.26409999999999,0.0,False,False,0,4.135,40.82009999999999,0.0
Wolf_retail_Marcella,2017-06-12,previous_week,14.094250000000002,43.26409999999999,0.0,False,False,0,4.135,40.8201,0.0
Wolf_retail_Marcella,2017-06-12,ridge,14.094250000000002,43.26409999999999,0.0,False,False,0,4.135,40.82009999999999,0.0
Wolf_retail_Marcella,2017-06-12,gradient_boosting,14.094250000000002,43.26409999999999,0.0,False,False,0,4.135,40.82009999999999,0.0
Wolf_retail_Marcella,2017-06-12,perfect_foresight,14.094250000000002,43.26409999999999,0.0,False,False,0,4.135,40.82009999999999,0.0
Wolf_retail_Marcella,2017-06-13,previous_day,14.094250000000002,36.059200000000004,0.0,False,False,0,3.6175,33.6152,0.0
Wolf_retail_Marcella,2017-06-13,previous_week,14.094250000000002,36.059200000000004,0.0,False,False,0,3.6175,33.6152,0.0
Wolf_retail_Marcella,2017-06-13,ridge,14.094250000000002,36.059200000000004,0.0,False,False,0,3.6175,33.6152,0.0
Wolf_retail_Marcella,2017-06-13,gradient_boosting,14.094250000000002,36.059200000000004,0.0,False,False,0,3.6175,33.6152,0.0
Wolf_retail_Marcella,2017-06-13,perfect_foresight,14.094250000000002,36.059200000000004,0.0,False,False,0,3.6175,33.6152,0.0
Wolf_retail_Marcella,2017-06-14,previous_day,14.094250000000002,36.3033,0.0,False,False,0,3.5525,33.859300000000005,0.0
Wolf_retail_Marcella,2017-06-14,previous_week,14.094250000000002,36.3033,0.0,False,False,0,3.5525,33.859300000000005,0.0
Wolf_retail_Marcella,2017-06-14,ridge,14.094250000000002,36.3033,0.0,False,False,0,3.5525,33.859300000000005,0.0
Wolf_retail_Marcella,2017-06-14,gradient_boosting,14.094250000000002,36.3033,0.0,False,False,0,3.5525,33.859300000000005,0.0
Wolf_retail_Marcella,2017-06-14,perfect_foresight,14.094250000000002,36.3033,0.0,False,False,0,3.5525,33.859300000000005,0.0
Wolf_retail_Marcella,2017-06-15,previous_day,14.094250000000002,32.31265,0.0,False,False,0,0.17999999999999972,29.868650000000002,0.0
Wolf_retail_Marcella,2017-06-15,previous_week,14.094250000000002,32.31265,0.0,False,False,0,2.65,29.86865,0.0
Wolf_retail_Marcella,2017-06-15,ridge,14.094250000000002,32.31265,0.0,False,False,0,0.17999999999999972,29.868650000000002,0.0
Wolf_retail_Marcella,2017-06-15,gradient_boosting,14.094250000000002,32.31265,0.0,False,False,0,0.17999999999999972,29.868650000000002,0.0
Wolf_retail_Marcella,2017-06-15,perfect_foresight,14.094250000000002,32.31265,0.0,False,False,0,0.17999999999999972,29.868650000000002,0.0
Wolf_retail_Marcella,2017-06-16,previous_day,14.094250000000002,39.05655,0.0,False,False,0,3.0425,36.612550000000006,0.0
Wolf_retail_Marcella,2017-06-16,previous_week,14.094250000000002,39.05655,0.0,False,False,0,3.0425,36.612550000000006,0.0
Wolf_retail_Marcella,2017-06-16,ridge,14.094250000000002,39.05655,0.0,False,False,0,3.0425,36.612550000000006,0.0
Wolf_retail_Marcella,2017-06-16,gradient_boosting,14.094250000000002,39.05655,0.0,False,False,0,3.0425,36.612550000000006,0.0
Wolf_retail_Marcella,2017-06-16,perfect_foresight,14.094250000000002,39.05655,0.0,False,False,0,3.0425,36.612550000000006,0.0
Wolf_retail_Marcella,2017-06-17,previous_day,14.094250000000002,30.98925,0.0,False,False,0,0.022499999999999964,28.54525,0.0
Wolf_retail_Marcella,2017-06-17,previous_week,14.094250000000002,30.98925,0.0,False,False,0,0.022499999999999964,28.54525,0.0
Wolf_retail_Marcella,2017-06-17,ridge,14.094250000000002,30.98925,0.0,False,False,0,0.022499999999999964,28.54525,0.0
Wolf_retail_Marcella,2017-06-17,gradient_boosting,14.094250000000002,30.98925,0.0,False,False,0,1.1525000000000003,28.54525,0.0
Wolf_retail_Marcella,2017-06-17,perfect_foresight,14.094250000000002,30.98925,0.0,False,False,0,0.022499999999999964,28.54525,0.0
Wolf_retail_Marcella,2017-06-18,previous_day,14.094250000000002,27.172549999999998,0.0,False,True,2,-0.5300000000000002,,
Wolf_retail_Marcella,2017-06-18,previous_week,14.094250000000002,27.172549999999998,0.0,False,True,2,-0.5300000000000002,,
Wolf_retail_Marcella,2017-06-18,ridge,14.094250000000002,27.172549999999998,0.0,False,True,2,-0.5300000000000002,,
Wolf_retail_Marcella,2017-06-18,gradient_boosting,14.094250000000002,27.172549999999998,0.0,False,False,0,0.29000000000000004,24.72855,0.0
Wolf_retail_Marcella,2017-06-18,perfect_foresight,14.094250000000002,27.172549999999998,0.0,False,False,0,0.0,24.728549999999995,0.0
Wolf_retail_Marcella,2017-06-19,previous_day,14.094250000000002,49.659000000000006,16.076999999999984,False,False,0,4.335000000000001,47.214999999999996,12.571249999999985
Wolf_retail_Marcella,2017-06-19,previous_week,14.094250000000002,49.659000000000006,16.076999999999984,False,False,0,4.335000000000001,47.214999999999996,12.571249999999985
Wolf_retail_Marcella,2017-06-19,ridge,14.094250000000002,49.659000000000006,16.076999999999984,False,False,0,4.335000000000001,47.214999999999996,12.571249999999985
Wolf_retail_Marcella,2017-06-19,gradient_boosting,14.094250000000002,49.659000000000006,16.076999999999984,False,False,0,4.335000000000001,47.214999999999996,12.571249999999985
Wolf_retail_Marcella,2017-06-19,perfect_foresight,14.094250000000002,49.659000000000006,16.076999999999984,False,False,0,5.1875,48.34499999999999,0.20324999999999704
Wolf_retail_Marcella,2017-06-20,previous_day,14.094250000000002,36.4464,0.0,False,False,0,3.51,35.1324,0.0
Wolf_retail_Marcella,2017-06-20,previous_week,14.094250000000002,36.4464,0.0,False,False,0,2.1799999999999997,34.002399999999994,0.0
Wolf_retail_Marcella,2017-06-20,ridge,14.094250000000002,36.4464,0.0,False,False,0,2.1799999999999997,34.002399999999994,0.0
Wolf_retail_Marcella,2017-06-20,gradient_boosting,14.094250000000002,36.4464,0.0,False,False,0,2.1799999999999997,34.002399999999994,0.0
Wolf_retail_Marcella,2017-06-20,perfect_foresight,14.094250000000002,36.4464,0.0,False,False,0,2.1799999999999997,34.002399999999994,0.0
Wolf_retail_Marcella,2017-06-21,previous_day,14.094250000000002,52.84414999999999,10.308749999999987,False,False,0,5.505,50.40015,3.6004999999999896
Wolf_retail_Marcella,2017-06-21,previous_week,14.094250000000002,52.84414999999999,10.308749999999987,False,False,0,5.505,50.40015,3.6004999999999896
Wolf_retail_Marcella,2017-06-21,ridge,14.094250000000002,52.84414999999999,10.308749999999987,False,False,0,5.505,50.40015,3.6004999999999896
Wolf_retail_Marcella,2017-06-21,gradient_boosting,14.094250000000002,52.84414999999999,10.308749999999987,False,False,0,5.505,50.40015,3.6004999999999896
Wolf_retail_Marcella,2017-06-21,perfect_foresight,14.094250000000002,52.84414999999999,10.308749999999987,False,False,0,5.505,50.48514999999999,0.21224999999999206
Wolf_retail_Marcella,2017-06-22,previous_day,14.094250000000002,35.09015,0.0,False,False,0,0.3250000000000002,32.73115000000001,0.0
Wolf_retail_Marcella,2017-06-22,previous_week,14.094250000000002,35.09015,0.0,False,False,0,0.3250000000000002,32.64615,0.0
Wolf_retail_Marcella,2017-06-22,ridge,14.094250000000002,35.09015,0.0,False,False,0,0.3250000000000002,32.64615,0.0
Wolf_retail_Marcella,2017-06-22,gradient_boosting,14.094250000000002,35.09015,0.0,False,False,0,0.3250000000000002,32.64615,0.0
Wolf_retail_Marcella,2017-06-22,perfect_foresight,14.094250000000002,35.09015,0.0,False,False,0,0.3250000000000002,32.64615,0.0
Wolf_retail_Marcella,2017-06-23,previous_day,14.094250000000002,33.23465,0.0,False,False,0,2.2125000000000004,30.790650000000007,0.0
Wolf_retail_Marcella,2017-06-23,previous_week,14.094250000000002,33.23465,0.0,False,False,0,2.2125000000000004,30.790650000000007,0.0
Wolf_retail_Marcella,2017-06-23,ridge,14.094250000000002,33.23465,0.0,False,False,0,2.2125000000000004,30.790650000000007,0.0
Wolf_retail_Marcella,2017-06-23,gradient_boosting,14.094250000000002,33.23465,0.0,False,False,0,2.2125000000000004,30.790650000000007,0.0
Wolf_retail_Marcella,2017-06-23,perfect_foresight,14.094250000000002,33.23465,0.0,False,False,0,2.2125000000000004,30.790650000000007,0.0
Wolf_retail_Marcella,2017-06-24,previous_day,14.094250000000002,10.16195,0.0,False,True,3,-4.3075,,
Wolf_retail_Marcella,2017-06-24,previous_week,14.094250000000002,10.16195,0.0,False,True,3,-4.3075,,
Wolf_retail_Marcella,2017-06-24,ridge,14.094250000000002,10.16195,0.0,False,True,3,-4.3075,,
Wolf_retail_Marcella,2017-06-24,gradient_boosting,14.094250000000002,10.16195,0.0,False,True,5,-2.9125,,
Wolf_retail_Marcella,2017-06-24,perfect_foresight,14.094250000000002,10.16195,0.0,False,False,0,-0.004999999999999893,8.5412,0.0
Wolf_retail_Marcella,2017-06-25,previous_day,14.094250000000002,10.895,0.0,False,True,2,-0.48999999999999977,,
Wolf_retail_Marcella,2017-06-25,previous_week,14.094250000000002,10.895,0.0,False,True,3,-3.9625,,
Wolf_retail_Marcella,2017-06-25,ridge,14.094250000000002,10.895,0.0,False,True,3,-4.1025,,
Wolf_retail_Marcella,2017-06-25,gradient_boosting,14.094250000000002,10.895,0.0,False,True,5,-1.84,,
Wolf_retail_Marcella,2017-06-25,perfect_foresight,14.094250000000002,10.895,0.0,False,False,0,-0.0025000000000000577,9.127749999999999,0.0
Wolf_retail_Marcella,2017-06-26,previous_day,14.094250000000002,27.9357,0.0,False,False,0,1.7499999999999996,26.165699999999998,0.0
Wolf_retail_Marcella,2017-06-26,previous_week,14.094250000000002,27.9357,0.0,False,False,0,1.7125000000000004,26.6217,0.0
Wolf_retail_Marcella,2017-06-26,ridge,14.094250000000002,27.9357,0.0,False,False,0,0.22250000000000014,25.4917,0.0
Wolf_retail_Marcella,2017-06-26,gradient_boosting,14.094250000000002,27.9357,0.0,False,False,0,0.22250000000000014,25.491699999999998,0.0
Wolf_retail_Marcella,2017-06-26,perfect_foresight,14.094250000000002,27.9357,0.0,False,False,0,0.22250000000000014,25.4917,0.0
Wolf_retail_Marcella,2017-06-27,previous_day,14.094250000000002,29.43475,0.0,False,True,2,-0.3224999999999998,,
Wolf_retail_Marcella,2017-06-27,previous_week,14.094250000000002,29.43475,0.0,False,True,2,-0.3224999999999998,,
Wolf_retail_Marcella,2017-06-27,ridge,14.094250000000002,29.43475,0.0,False,True,2,-0.3224999999999998,,
Wolf_retail_Marcella,2017-06-27,gradient_boosting,14.094250000000002,29.43475,0.0,False,True,2,-0.3224999999999998,,
Wolf_retail_Marcella,2017-06-27,perfect_foresight,14.094250000000002,29.43475,0.0,False,False,0,-0.0024999999999995026,26.991500000000006,0.0
Wolf_retail_Marcella,2017-06-28,previous_day,14.094250000000002,37.25854999999999,0.0,False,False,0,4.105,34.81455,0.0
Wolf_retail_Marcella,2017-06-28,previous_week,14.094250000000002,37.25854999999999,0.0,False,False,0,4.105,34.89955,0.26824999999999655
Wolf_retail_Marcella,2017-06-28,ridge,14.094250000000002,37.25854999999999,0.0,False,False,0,4.105,34.81455,0.0
Wolf_retail_Marcella,2017-06-28,gradient_boosting,14.094250000000002,37.25854999999999,0.0,False,False,0,4.105,34.81455,0.0
Wolf_retail_Marcella,2017-06-28,perfect_foresight,14.094250000000002,37.25854999999999,0.0,False,False,0,4.105,34.81455,0.0
Wolf_retail_Marcella,2017-06-29,previous_day,14.094250000000002,32.4737,0.0,False,False,0,2.83,30.029700000000002,0.0
Wolf_retail_Marcella,2017-06-29,previous_week,14.094250000000002,32.4737,0.0,False,False,0,2.83,30.029700000000005,0.0
Wolf_retail_Marcella,2017-06-29,ridge,14.094250000000002,32.4737,0.0,False,False,0,2.83,30.029700000000002,0.0
Wolf_retail_Marcella,2017-06-29,gradient_boosting,14.094250000000002,32.4737,0.0,False,False,0,2.83,30.029700000000002,0.0
Wolf_retail_Marcella,2017-06-29,perfect_foresight,14.094250000000002,32.4737,0.0,False,False,0,2.83,30.029700000000005,0.0
Wolf_retail_Marcella,2017-06-30,previous_day,14.094250000000002,29.622250000000005,0.0,False,False,0,2.3899999999999997,27.178250000000002,0.0
Wolf_retail_Marcella,2017-06-30,previous_week,14.094250000000002,29.622250000000005,0.0,False,False,0,2.3899999999999997,27.178250000000002,0.0
Wolf_retail_Marcella,2017-06-30,ridge,14.094250000000002,29.622250000000005,0.0,False,False,0,2.3899999999999997,27.178250000000002,0.0
Wolf_retail_Marcella,2017-06-30,gradient_boosting,14.094250000000002,29.622250000000005,0.0,False,False,0,2.3899999999999997,27.178250000000002,0.0
Wolf_retail_Marcella,2017-06-30,perfect_foresight,14.094250000000002,29.622250000000005,0.0,False,False,0,2.3899999999999997,27.178250000000002,0.0
Wolf_retail_Marcella,2017-07-01,previous_day,14.094250000000002,26.419749999999997,0.0,False,False,0,0.3125,23.975749999999998,0.0
Wolf_retail_Marcella,2017-07-01,previous_week,14.094250000000002,26.419749999999997,0.0,False,False,0,3.1800000000000006,24.794749999999997,0.0
Wolf_retail_Marcella,2017-07-01,ridge,14.094250000000002,26.419749999999997,0.0,False,False,0,0.3125,23.975749999999998,0.0
Wolf_retail_Marcella,2017-07-01,gradient_boosting,14.094250000000002,26.419749999999997,0.0,False,False,0,0.3125,23.975749999999998,0.0
Wolf_retail_Marcella,2017-07-01,perfect_foresight,14.094250000000002,26.419749999999997,0.0,False,False,0,0.3125,23.975749999999998,0.0
Wolf_retail_Marcella,2017-07-02,previous_day,14.094250000000002,50.654300000000006,1.8839999999999968,False,False,0,5.12,48.21030000000001,1.8839999999999968
Wolf_retail_Marcella,2017-07-02,previous_week,14.094250000000002,50.654300000000006,1.8839999999999968,False,False,0,5.12,48.88430000000001,0.0
Wolf_retail_Marcella,2017-07-02,ridge,14.094250000000002,50.654300000000006,1.8839999999999968,False,False,0,5.12,48.21030000000001,1.8839999999999968
Wolf_retail_Marcella,2017-07-02,gradient_boosting,14.094250000000002,50.654300000000006,1.8839999999999968,False,False,0,5.12,48.21030000000001,1.8839999999999968
Wolf_retail_Marcella,2017-07-02,perfect_foresight,14.094250000000002,50.654300000000006,1.8839999999999968,False,False,0,5.12,48.210300000000004,0.003999999999996007
Wolf_retail_Marcella,2017-07-03,previous_day,14.094250000000002,46.944250000000004,0.0,False,False,0,5.225,44.50025,0.0
Wolf_retail_Marcella,2017-07-03,previous_week,14.094250000000002,46.944250000000004,0.0,False,False,0,5.225,44.50025,0.0
Wolf_retail_Marcella,2017-07-03,ridge,14.094250000000002,46.944250000000004,0.0,False,False,0,5.225,44.50025,0.0
Wolf_retail_Marcella,2017-07-03,gradient_boosting,14.094250000000002,46.944250000000004,0.0,False,False,0,5.225,44.50025,0.0
Wolf_retail_Marcella,2017-07-03,perfect_foresight,14.094250000000002,46.944250000000004,0.0,False,False,0,5.225,44.50025,0.0
Wolf_retail_Marcella,2017-07-04,previous_day,14.094250000000002,34.8455,0.0,False,False,0,2.5374999999999996,32.4015,0.0
Wolf_retail_Marcella,2017-07-04,previous_week,14.094250000000002,34.8455,0.0,False,False,0,2.8575,32.4015,0.0
Wolf_retail_Marcella,2017-07-04,ridge,14.094250000000002,34.8455,0.0,False,False,0,2.5374999999999996,32.4015,0.0
Wolf_retail_Marcella,2017-07-04,gradient_boosting,14.094250000000002,34.8455,0.0,False,False,0,2.5374999999999996,32.4015,0.0
Wolf_retail_Marcella,2017-07-04,perfect_foresight,14.094250000000002,34.8455,0.0,False,False,0,2.5374999999999996,32.4015,0.0
Wolf_retail_Marcella,2017-07-05,previous_day,14.094250000000002,12.95115,0.0,False,True,3,-4.875,,
Wolf_retail_Marcella,2017-07-05,previous_week,14.094250000000002,12.95115,0.0,False,True,3,-4.875,,
Wolf_retail_Marcella,2017-07-05,ridge,14.094250000000002,12.95115,0.0,False,True,3,-4.875,,
Wolf_retail_Marcella,2017-07-05,gradient_boosting,14.094250000000002,12.95115,0.0,False,True,3,-4.875,,
Wolf_retail_Marcella,2017-07-05,perfect_foresight,14.094250000000002,12.95115,0.0,False,False,0,-0.0050000000000000044,11.229650000000001,0.0
Wolf_retail_Marcella,2017-07-06,previous_day,14.094250000000002,33.158550000000005,0.0,False,False,0,3.0075,31.432550000000003,0.0
Wolf_retail_Marcella,2017-07-06,previous_week,14.094250000000002,33.158550000000005,0.0,False,False,0,1.3525,30.714550000000003,0.0
Wolf_retail_Marcella,2017-07-06,ridge,14.094250000000002,33.158550000000005,0.0,False,False,0,1.3525,30.714550000000003,0.0
Wolf_retail_Marcella,2017-07-06,gradient_boosting,14.094250000000002,33.158550000000005,0.0,False,False,0,1.3525,30.714550000000003,0.0
Wolf_retail_Marcella,2017-07-06,perfect_foresight,14.094250000000002,33.158550000000005,0.0,False,False,0,1.3525,30.714550000000003,0.0
Wolf_retail_Marcella,2017-07-07,previous_day,14.094250000000002,35.8233,0.0,False,False,0,4.565,33.37930000000001,0.0
Wolf_retail_Marcella,2017-07-07,previous_week,14.094250000000002,35.8233,0.0,False,False,0,4.565,33.37930000000001,0.0
Wolf_retail_Marcella,2017-07-07,ridge,14.094250000000002,35.8233,0.0,False,False,0,4.565,33.37930000000001,0.0
Wolf_retail_Marcella,2017-07-07,gradient_boosting,14.094250000000002,35.8233,0.0,False,False,0,4.565,33.37930000000001,0.0
Wolf_retail_Marcella,2017-07-07,perfect_foresight,14.094250000000002,35.8233,0.0,False,False,0,4.565,33.37930000000001,0.0
Wolf_retail_Marcella,2017-07-08,previous_day,14.094250000000002,24.038500000000003,0.0,False,True,3,-1.3875000000000002,,
Wolf_retail_Marcella,2017-07-08,previous_week,14.094250000000002,24.038500000000003,0.0,False,True,3,-1.3875000000000002,,
Wolf_retail_Marcella,2017-07-08,ridge,14.094250000000002,24.038500000000003,0.0,False,True,3,-1.3875000000000002,,
Wolf_retail_Marcella,2017-07-08,gradient_boosting,14.094250000000002,24.038500000000003,0.0,False,True,3,-1.3875000000000002,,
Wolf_retail_Marcella,2017-07-08,perfect_foresight,14.094250000000002,24.038500000000003,0.0,False,False,0,0.0,21.5945,0.0
Wolf_retail_Marcella,2017-07-09,previous_day,14.094250000000002,41.59625,0.0,False,False,0,4.255,39.15225,0.0
Wolf_retail_Marcella,2017-07-09,previous_week,14.094250000000002,41.59625,0.0,False,False,0,4.255,39.152249999999995,0.0
Wolf_retail_Marcella,2017-07-09,ridge,14.094250000000002,41.59625,0.0,False,False,0,4.255,39.15225,0.0
Wolf_retail_Marcella,2017-07-09,gradient_boosting,14.094250000000002,41.59625,0.0,False,False,0,4.255,39.15225,0.0
Wolf_retail_Marcella,2017-07-09,perfect_foresight,14.094250000000002,41.59625,0.0,False,False,0,4.255,39.15225,0.0
Wolf_retail_Marcella,2017-07-10,previous_day,14.094250000000002,19.977599999999995,0.0,False,True,3,-1.2425000000000002,,
Wolf_retail_Marcella,2017-07-10,previous_week,14.094250000000002,19.977599999999995,0.0,False,True,3,-1.2425000000000002,,
Wolf_retail_Marcella,2017-07-10,ridge,14.094250000000002,19.977599999999995,0.0,False,True,3,-1.2425000000000002,,
Wolf_retail_Marcella,2017-07-10,gradient_boosting,14.094250000000002,19.977599999999995,0.0,False,True,3,-1.2425000000000002,,
Wolf_retail_Marcella,2017-07-10,perfect_foresight,14.094250000000002,19.977599999999995,0.0,False,False,0,-0.002500000000000391,17.5351,0.0
Wolf_retail_Marcella,2017-07-11,previous_day,14.094250000000002,41.181050000000006,0.0,False,False,0,4.57,38.73705,0.0
Wolf_retail_Marcella,2017-07-11,previous_week,14.094250000000002,41.181050000000006,0.0,False,False,0,4.57,38.73705,0.0
Wolf_retail_Marcella,2017-07-11,ridge,14.094250000000002,41.181050000000006,0.0,False,False,0,4.57,38.73705,0.0
Wolf_retail_Marcella,2017-07-11,gradient_boosting,14.094250000000002,41.181050000000006,0.0,False,False,0,4.57,38.73705,0.0
Wolf_retail_Marcella,2017-07-11,perfect_foresight,14.094250000000002,41.181050000000006,0.0,False,False,0,4.57,38.73705,0.0
Wolf_retail_Marcella,2017-07-12,previous_day,14.094250000000002,48.532799999999995,1.5614999999999952,False,False,0,4.36,46.0888,1.5614999999999952
Wolf_retail_Marcella,2017-07-12,previous_week,14.094250000000002,48.532799999999995,1.5614999999999952,False,False,0,2.6299999999999994,46.806799999999996,0.0
Wolf_retail_Marcella,2017-07-12,ridge,14.094250000000002,48.532799999999995,1.5614999999999952,False,False,0,4.36,46.0888,1.5614999999999952
Wolf_retail_Marcella,2017-07-12,gradient_boosting,14.094250000000002,48.532799999999995,1.5614999999999952,False,False,0,4.36,46.0888,1.5614999999999952
Wolf_retail_Marcella,2017-07-12,perfect_foresight,14.094250000000002,48.532799999999995,1.5614999999999952,False,False,0,4.36,46.0888,0.0032499999999977547
Wolf_retail_Marcella,2017-07-13,previous_day,14.094250000000002,34.8673,0.0,False,False,0,1.9124999999999996,32.4233,0.0
Wolf_retail_Marcella,2017-07-13,previous_week,14.094250000000002,34.8673,0.0,False,False,0,1.6174999999999997,32.4233,0.0
Wolf_retail_Marcella,2017-07-13,ridge,14.094250000000002,34.8673,0.0,False,False,0,1.6174999999999997,32.4233,0.0
Wolf_retail_Marcella,2017-07-13,gradient_boosting,14.094250000000002,34.8673,0.0,False,False,0,1.6174999999999997,32.4233,0.0
Wolf_retail_Marcella,2017-07-13,perfect_foresight,14.094250000000002,34.8673,0.0,False,False,0,1.6174999999999997,32.4233,0.0
Wolf_retail_Marcella,2017-07-14,previous_day,14.094250000000002,30.616249999999997,0.0,False,False,0,0.6200000000000001,28.17225,0.0
Wolf_retail_Marcella,2017-07-14,previous_week,14.094250000000002,30.616249999999997,0.0,False,False,0,0.6200000000000001,28.17225,0.0
Wolf_retail_Marcella,2017-07-14,ridge,14.094250000000002,30.616249999999997,0.0,False,False,0,0.6200000000000001,28.17225,0.0
Wolf_retail_Marcella,2017-07-14,gradient_boosting,14.094250000000002,30.616249999999997,0.0,False,False,0,0.6200000000000001,28.17225,0.0
Wolf_retail_Marcella,2017-07-14,perfect_foresight,14.094250000000002,30.616249999999997,0.0,False,False,0,0.6200000000000001,28.17225,0.0
Wolf_retail_Marcella,2017-07-15,previous_day,14.094250000000002,22.6019,0.0,False,True,3,-1.7725,,
Wolf_retail_Marcella,2017-07-15,previous_week,14.094250000000002,22.6019,0.0,False,True,2,-2.2025,,
Wolf_retail_Marcella,2017-07-15,ridge,14.094250000000002,22.6019,0.0,False,True,3,-1.7725,,
Wolf_retail_Marcella,2017-07-15,gradient_boosting,14.094250000000002,22.6019,0.0,False,True,1,-0.9624999999999999,,
Wolf_retail_Marcella,2017-07-15,perfect_foresight,14.094250000000002,22.6019,0.0,False,False,0,-0.004999999999999893,20.1564,0.0
Wolf_retail_Marcella,2017-07-16,previous_day,14.094250000000002,17.953999999999994,0.0,False,True,3,-2.125,,
Wolf_retail_Marcella,2017-07-16,previous_week,14.094250000000002,17.953999999999994,0.0,False,True,3,-3.0175,,
Wolf_retail_Marcella,2017-07-16,ridge,14.094250000000002,17.953999999999994,0.0,False,True,3,-3.0175,,
Wolf_retail_Marcella,2017-07-16,gradient_boosting,14.094250000000002,17.953999999999994,0.0,False,True,3,-3.0175,,
Wolf_retail_Marcella,2017-07-16,perfect_foresight,14.094250000000002,17.953999999999994,0.0,False,False,0,-0.004999999999999893,15.513000000000002,0.0
Wolf_retail_Marcella,2017-07-17,previous_day,14.094250000000002,41.4561,3.7489999999999952,False,False,0,4.03,39.0121,0.2882499999999979
Wolf_retail_Marcella,2017-07-17,previous_week,14.094250000000002,41.4561,3.7489999999999952,False,False,0,4.03,39.0121,1.3089999999999957
Wolf_retail_Marcella,2017-07-17,ridge,14.094250000000002,41.4561,3.7489999999999952,False,False,0,3.3475,39.0121,3.708999999999996
Wolf_retail_Marcella,2017-07-17,gradient_boosting,14.094250000000002,41.4561,3.7489999999999952,False,False,0,3.3475,39.0121,3.708999999999996
Wolf_retail_Marcella,2017-07-17,perfect_foresight,14.094250000000002,41.4561,3.7489999999999952,False,False,0,3.3475,39.0121,0.0007499999999964757
Wolf_retail_Marcella,2017-07-18,previous_day,14.094250000000002,43.8137,1.9139999999999961,False,False,0,4.5075,41.369699999999995,1.3157499999999978
Wolf_retail_Marcella,2017-07-18,previous_week,14.094250000000002,43.8137,1.9139999999999961,False,False,0,4.5075,41.369699999999995,1.3157499999999978
Wolf_retail_Marcella,2017-07-18,ridge,14.094250000000002,43.8137,1.9139999999999961,False,False,0,4.5075,41.369699999999995,1.3157499999999978
Wolf_retail_Marcella,2017-07-18,gradient_boosting,14.094250000000002,43.8137,1.9139999999999961,False,False,0,4.5075,41.369699999999995,1.3157499999999978
Wolf_retail_Marcella,2017-07-18,perfect_foresight,14.094250000000002,43.8137,1.9139999999999961,False,False,0,4.5075,41.4037,0.0
Wolf_retail_Marcella,2017-07-19,previous_day,14.094250000000002,40.849500000000006,0.0,False,False,0,2.66,38.439499999999995,0.0
Wolf_retail_Marcella,2017-07-19,previous_week,14.094250000000002,40.849500000000006,0.0,False,False,0,2.66,38.40549999999999,0.0
Wolf_retail_Marcella,2017-07-19,ridge,14.094250000000002,40.849500000000006,0.0,False,False,0,2.66,38.405499999999996,0.0
Wolf_retail_Marcella,2017-07-19,gradient_boosting,14.094250000000002,40.849500000000006,0.0,False,False,0,2.66,38.405499999999996,0.0
Wolf_retail_Marcella,2017-07-19,perfect_foresight,14.094250000000002,40.849500000000006,0.0,False,False,0,2.66,38.405499999999996,0.0
Wolf_retail_Marcella,2017-07-20,previous_day,14.094250000000002,42.036,0.0,False,False,0,3.3625000000000007,39.592,0.0
Wolf_retail_Marcella,2017-07-20,previous_week,14.094250000000002,42.036,0.0,False,False,0,3.3625000000000007,39.592,0.0
Wolf_retail_Marcella,2017-07-20,ridge,14.094250000000002,42.036,0.0,False,False,0,3.3625000000000007,39.592,0.0
Wolf_retail_Marcella,2017-07-20,gradient_boosting,14.094250000000002,42.036,0.0,False,False,0,3.3625000000000007,39.592,0.0
Wolf_retail_Marcella,2017-07-20,perfect_foresight,14.094250000000002,42.036,0.0,False,False,0,3.3625000000000007,39.592,0.0
Wolf_retail_Marcella,2017-07-21,previous_day,14.094250000000002,39.68865,0.0,False,False,0,3.0525,37.24465,0.0
Wolf_retail_Marcella,2017-07-21,previous_week,14.094250000000002,39.68865,0.0,False,False,0,3.0525,37.24465,0.0
Wolf_retail_Marcella,2017-07-21,ridge,14.094250000000002,39.68865,0.0,False,False,0,3.0525,37.24465,0.0
Wolf_retail_Marcella,2017-07-21,gradient_boosting,14.094250000000002,39.68865,0.0,False,False,0,3.0525,37.24465,0.0
Wolf_retail_Marcella,2017-07-21,perfect_foresight,14.094250000000002,39.68865,0.0,False,False,0,3.0525,37.24465,0.0
Wolf_retail_Marcella,2017-07-22,previous_day,14.094250000000002,14.708000000000004,0.0,False,True,3,-4.1850000000000005,,
Wolf_retail_Marcella,2017-07-22,previous_week,14.094250000000002,14.708000000000004,0.0,False,True,3,-4.015000000000001,,
Wolf_retail_Marcella,2017-07-22,ridge,14.094250000000002,14.708000000000004,0.0,False,True,3,-4.1850000000000005,,
Wolf_retail_Marcella,2017-07-22,gradient_boosting,14.094250000000002,14.708000000000004,0.0,False,True,3,-4.1850000000000005,,
Wolf_retail_Marcella,2017-07-22,perfect_foresight,14.094250000000002,14.708000000000004,0.0,False,False,0,-0.004999999999999893,12.350750000000001,0.0
Wolf_retail_Marcella,2017-07-23,previous_day,14.094250000000002,14.9746,0.0,False,True,4,-1.8875000000000002,,
Wolf_retail_Marcella,2017-07-23,previous_week,14.094250000000002,14.9746,0.0,False,True,4,-2.3075,,
Wolf_retail_Marcella,2017-07-23,ridge,14.094250000000002,14.9746,0.0,False,True,3,-4.4725,,
Wolf_retail_Marcella,2017-07-23,gradient_boosting,14.094250000000002,14.9746,0.0,False,True,3,-4.4025,,
Wolf_retail_Marcella,2017-07-23,perfect_foresight,14.094250000000002,14.9746,0.0,False,False,0,-0.004999999999999893,12.9696,0.0
Wolf_retail_Marcella,2017-07-24,previous_day,14.094250000000002,43.68515,2.300749999999997,False,False,0,3.445,41.67715,2.300749999999997
Wolf_retail_Marcella,2017-07-24,previous_week,14.094250000000002,43.68515,2.300749999999997,False,False,0,1.42,41.241150000000005,2.300749999999997
Wolf_retail_Marcella,2017-07-24,ridge,14.094250000000002,43.68515,2.300749999999997,False,False,0,1.42,41.241150000000005,2.300749999999997
Wolf_retail_Marcella,2017-07-24,gradient_boosting,14.094250000000002,43.68515,2.300749999999997,False,False,0,1.42,41.241150000000005,2.300749999999997
Wolf_retail_Marcella,2017-07-24,perfect_foresight,14.094250000000002,43.68515,2.300749999999997,False,False,0,1.42,41.30115000000001,0.0007499999999964757
Wolf_retail_Marcella,2017-07-25,previous_day,14.094250000000002,47.697950000000006,1.5439999999999952,False,False,0,3.2775,45.31395,1.503999999999996
Wolf_retail_Marcella,2017-07-25,previous_week,14.094250000000002,47.697950000000006,1.5439999999999952,False,False,0,3.2775,45.287949999999995,1.503999999999996
Wolf_retail_Marcella,2017-07-25,ridge,14.094250000000002,47.697950000000006,1.5439999999999952,False,False,0,3.2775,45.253949999999996,1.503999999999996
Wolf_retail_Marcella,2017-07-25,gradient_boosting,14.094250000000002,47.697950000000006,1.5439999999999952,False,False,0,3.2775,45.253949999999996,1.503999999999996
Wolf_retail_Marcella,2017-07-25,perfect_foresight,14.094250000000002,47.697950000000006,1.5439999999999952,False,False,0,4.045,45.250949999999996,0.0
Wolf_retail_Marcella,2017-07-26,previous_day,14.094250000000002,43.59185000000001,2.3132499999999965,False,False,0,3.045,41.14484999999999,2.3132499999999965
Wolf_retail_Marcella,2017-07-26,previous_week,14.094250000000002,43.59185000000001,2.3132499999999965,False,False,0,3.045,41.14785,2.3132499999999965
Wolf_retail_Marcella,2017-07-26,ridge,14.094250000000002,43.59185000000001,2.3132499999999965,False,False,0,3.045,41.14785,2.3132499999999965
Wolf_retail_Marcella,2017-07-26,gradient_boosting,14.094250000000002,43.59185000000001,2.3132499999999965,False,False,0,3.045,41.14785,2.3132499999999965
Wolf_retail_Marcella,2017-07-26,perfect_foresight,14.094250000000002,43.59185000000001,2.3132499999999965,False,False,0,3.045,41.209849999999996,0.0032499999999959783
Wolf_retail_Marcella,2017-07-27,previous_day,14.094250000000002,38.416799999999995,0.0,False,False,0,3.42,36.034800000000004,0.0
Wolf_retail_Marcella,2017-07-27,previous_week,14.094250000000002,38.416799999999995,0.0,False,False,0,3.42,35.97280000000001,0.0
Wolf_retail_Marcella,2017-07-27,ridge,14.094250000000002,38.416799999999995,0.0,False,False,0,3.42,35.97280000000001,0.0
Wolf_retail_Marcella,2017-07-27,gradient_boosting,14.094250000000002,38.416799999999995,0.0,False,False,0,3.42,35.97280000000001,0.0
Wolf_retail_Marcella,2017-07-27,perfect_foresight,14.094250000000002,38.416799999999995,0.0,False,False,0,3.42,35.97280000000001,0.0
Wolf_retail_Marcella,2017-07-28,previous_day,14.094250000000002,42.1282,0.0,False,False,0,3.67,39.6842,0.0
Wolf_retail_Marcella,2017-07-28,previous_week,14.094250000000002,42.1282,0.0,False,False,0,3.67,39.6842,0.0
Wolf_retail_Marcella,2017-07-28,ridge,14.094250000000002,42.1282,0.0,False,False,0,3.67,39.6842,0.0
Wolf_retail_Marcella,2017-07-28,gradient_boosting,14.094250000000002,42.1282,0.0,False,False,0,3.67,39.6842,0.0
Wolf_retail_Marcella,2017-07-28,perfect_foresight,14.094250000000002,42.1282,0.0,False,False,0,3.67,39.6842,0.0
Wolf_retail_Marcella,2017-07-29,previous_day,14.094250000000002,29.42285,0.0,False,False,0,0.07749999999999968,26.97885,0.0
Wolf_retail_Marcella,2017-07-29,previous_week,14.094250000000002,29.42285,0.0,False,False,0,2.3625000000000003,27.06185,0.0
Wolf_retail_Marcella,2017-07-29,ridge,14.094250000000002,29.42285,0.0,False,False,0,0.07749999999999968,26.97885,0.0
Wolf_retail_Marcella,2017-07-29,gradient_boosting,14.094250000000002,29.42285,0.0,False,False,0,0.39749999999999996,26.97885,0.0
Wolf_retail_Marcella,2017-07-29,perfect_foresight,14.094250000000002,29.42285,0.0,False,False,0,0.07749999999999968,26.97885,0.0
Wolf_retail_Marcella,2017-07-30,previous_day,14.094250000000002,29.048700000000007,0.0,False,True,1,-0.17999999999999972,,
Wolf_retail_Marcella,2017-07-30,previous_week,14.094250000000002,29.048700000000007,0.0,False,False,0,1.6900000000000004,27.040700000000005,0.0
Wolf_retail_Marcella,2017-07-30,ridge,14.094250000000002,29.048700000000007,0.0,False,True,1,-0.17999999999999972,,
Wolf_retail_Marcella,2017-07-30,gradient_boosting,14.094250000000002,29.048700000000007,0.0,False,True,1,-0.17999999999999972,,
Wolf_retail_Marcella,2017-07-30,perfect_foresight,14.094250000000002,29.048700000000007,0.0,False,False,0,0.0,26.60470000000001,0.0
Wolf_retail_Marcella,2017-07-31,previous_day,14.094250000000002,40.04385,0.0,False,False,0,2.795,37.59985,0.0
Wolf_retail_Marcella,2017-07-31,previous_week,14.094250000000002,40.04385,0.0,False,False,0,2.795,37.65985,0.0
Wolf_retail_Marcella,2017-07-31,ridge,14.094250000000002,40.04385,0.0,False,False,0,2.795,37.59985,0.0
Wolf_retail_Marcella,2017-07-31,gradient_boosting,14.094250000000002,40.04385,0.0,False,False,0,2.795,37.59985,0.0
Wolf_retail_Marcella,2017-07-31,perfect_foresight,14.094250000000002,40.04385,0.0,False,False,0,2.795,37.59985,0.0
Wolf_retail_Marcella,2017-08-01,previous_day,14.094250000000002,26.5136,0.0,False,False,0,0.2525000000000004,24.0696,0.0
Wolf_retail_Marcella,2017-08-01,previous_week,14.094250000000002,26.5136,0.0,False,False,0,0.28500000000000014,24.0666,0.0
Wolf_retail_Marcella,2017-08-01,ridge,14.094250000000002,26.5136,0.0,False,False,0,0.2525000000000004,24.0696,0.0
Wolf_retail_Marcella,2017-08-01,gradient_boosting,14.094250000000002,26.5136,0.0,False,False,0,0.2525000000000004,24.0696,0.0
Wolf_retail_Marcella,2017-08-01,perfect_foresight,14.094250000000002,26.5136,0.0,False,False,0,0.2525000000000004,24.0696,0.0
Wolf_retail_Marcella,2017-08-02,previous_day,14.094250000000002,50.494249999999994,2.2672499999999918,False,False,0,5.275,48.05025,2.2672499999999918
Wolf_retail_Marcella,2017-08-02,previous_week,14.094250000000002,50.494249999999994,2.2672499999999918,False,False,0,5.275,48.11225,3.602999999999989
Wolf_retail_Marcella,2017-08-02,ridge,14.094250000000002,50.494249999999994,2.2672499999999918,False,False,0,5.275,48.05025,2.2672499999999918
Wolf_retail_Marcella,2017-08-02,gradient_boosting,14.094250000000002,50.494249999999994,2.2672499999999918,False,False,0,5.275,48.05025,2.2672499999999918
Wolf_retail_Marcella,2017-08-02,perfect_foresight,14.094250000000002,50.494249999999994,2.2672499999999918,False,False,0,5.275,48.054249999999996,0.0007499999999964757
Wolf_retail_Marcella,2017-08-03,previous_day,14.094250000000002,43.39030000000001,0.0,False,False,0,5.4625,40.950300000000006,0.0
Wolf_retail_Marcella,2017-08-03,previous_week,14.094250000000002,43.39030000000001,0.0,False,False,0,5.4625,40.9463,0.0
Wolf_retail_Marcella,2017-08-03,ridge,14.094250000000002,43.39030000000001,0.0,False,False,0,5.4625,40.9463,0.0
Wolf_retail_Marcella,2017-08-03,gradient_boosting,14.094250000000002,43.39030000000001,0.0,False,False,0,5.4625,40.9463,0.0
Wolf_retail_Marcella,2017-08-03,perfect_foresight,14.094250000000002,43.39030000000001,0.0,False,False,0,5.4625,40.9463,0.0
Wolf_retail_Marcella,2017-08-04,previous_day,14.094250000000002,14.8918,0.0,False,True,3,-4.91,,
Wolf_retail_Marcella,2017-08-04,previous_week,14.094250000000002,14.8918,0.0,False,True,3,-4.91,,
Wolf_retail_Marcella,2017-08-04,ridge,14.094250000000002,14.8918,0.0,False,True,3,-4.91,,
Wolf_retail_Marcella,2017-08-04,gradient_boosting,14.094250000000002,14.8918,0.0,False,True,3,-4.91,,
Wolf_retail_Marcella,2017-08-04,perfect_foresight,14.094250000000002,14.8918,0.0,False,False,0,-0.0024999999999999467,12.9993,0.0
Wolf_retail_Marcella,2017-08-05,previous_day,14.094250000000002,36.1367,0.0,False,False,0,0.3674999999999997,34.2427,0.0
Wolf_retail_Marcella,2017-08-05,previous_week,14.094250000000002,36.1367,0.0,False,False,0,3.33,33.6927,0.0
Wolf_retail_Marcella,2017-08-05,ridge,14.094250000000002,36.1367,0.0,False,False,0,3.33,33.6927,0.0
Wolf_retail_Marcella,2017-08-05,gradient_boosting,14.094250000000002,36.1367,0.0,False,False,0,3.33,33.6927,0.0
Wolf_retail_Marcella,2017-08-05,perfect_foresight,14.094250000000002,36.1367,0.0,False,False,0,3.33,33.6927,0.0
Wolf_retail_Marcella,2017-08-06,previous_day,14.094250000000002,32.64455,0.0,False,False,0,1.9124999999999996,30.200550000000003,0.0
Wolf_retail_Marcella,2017-08-06,previous_week,14.094250000000002,32.64455,0.0,False,False,0,1.9124999999999996,30.200550000000003,0.0
Wolf_retail_Marcella,2017-08-06,ridge,14.094250000000002,32.64455,0.0,False,False,0,1.9124999999999996,30.200550000000007,0.0
Wolf_retail_Marcella,2017-08-06,gradient_boosting,14.094250000000002,32.64455,0.0,False,False,0,1.9124999999999996,30.200550000000007,0.0
Wolf_retail_Marcella,2017-08-06,perfect_foresight,14.094250000000002,32.64455,0.0,False,False,0,1.9124999999999996,30.200550000000007,0.0
Wolf_retail_Marcella,2017-08-07,previous_day,14.094250000000002,11.15465,0.0,False,True,3,-3.5549999999999997,,
Wolf_retail_Marcella,2017-08-07,previous_week,14.094250000000002,11.15465,0.0,False,True,3,-3.5549999999999997,,
Wolf_retail_Marcella,2017-08-07,ridge,14.094250000000002,11.15465,0.0,False,True,3,-3.5549999999999997,,
Wolf_retail_Marcella,2017-08-07,gradient_boosting,14.094250000000002,11.15465,0.0,False,True,3,-3.5549999999999997,,
Wolf_retail_Marcella,2017-08-07,perfect_foresight,14.094250000000002,11.15465,0.0,False,False,0,-0.004999999999999893,9.067649999999999,0.0
Wolf_retail_Marcella,2017-08-08,previous_day,14.094250000000002,35.38815,0.0,False,False,0,4.335,33.29815,0.0
Wolf_retail_Marcella,2017-08-08,previous_week,14.094250000000002,35.38815,0.0,False,False,0,3.4375,32.94415,0.0
Wolf_retail_Marcella,2017-08-08,ridge,14.094250000000002,35.38815,0.0,False,False,0,3.4375,32.94415,0.0
Wolf_retail_Marcella,2017-08-08,gradient_boosting,14.094250000000002,35.38815,0.0,False,False,0,3.4375,32.94415,0.0
Wolf_retail_Marcella,2017-08-08,perfect_foresight,14.094250000000002,35.38815,0.0,False,False,0,3.4375,32.94415,0.0
Wolf_retail_Marcella,2017-08-09,previous_day,14.094250000000002,41.479299999999995,0.0,False,False,0,3.1799999999999997,39.0353,0.0
Wolf_retail_Marcella,2017-08-09,previous_week,14.094250000000002,41.479299999999995,0.0,False,False,0,3.1799999999999997,39.0393,0.0
Wolf_retail_Marcella,2017-08-09,ridge,14.094250000000002,41.479299999999995,0.0,False,False,0,3.1799999999999997,39.0353,0.0
Wolf_retail_Marcella,2017-08-09,gradient_boosting,14.094250000000002,41.479299999999995,0.0,False,False,0,3.1799999999999997,39.0353,0.0
Wolf_retail_Marcella,2017-08-09,perfect_foresight,14.094250000000002,41.479299999999995,0.0,False,False,0,3.1799999999999997,39.0353,0.0
Wolf_retail_Marcella,2017-08-10,previous_day,14.094250000000002,18.92885,0.0,False,True,3,-1.045,,
Wolf_retail_Marcella,2017-08-10,previous_week,14.094250000000002,18.92885,0.0,False,True,3,-1.045,,
Wolf_retail_Marcella,2017-08-10,ridge,14.094250000000002,18.92885,0.0,False,True,3,-1.045,,
Wolf_retail_Marcella,2017-08-10,gradient_boosting,14.094250000000002,18.92885,0.0,False,True,3,-1.045,,
Wolf_retail_Marcella,2017-08-10,perfect_foresight,14.094250000000002,18.92885,0.0,False,False,0,-0.004999999999999893,16.484099999999998,0.0
Wolf_retail_Marcella,2017-08-11,previous_day,14.094250000000002,44.79409999999999,0.0,False,False,0,4.8975,42.34709999999999,0.0
Wolf_retail_Marcella,2017-08-11,previous_week,14.094250000000002,44.79409999999999,0.0,False,False,0,3.7799999999999994,42.900099999999995,0.0
Wolf_retail_Marcella,2017-08-11,ridge,14.094250000000002,44.79409999999999,0.0,False,False,0,4.8975,42.35009999999999,0.0
Wolf_retail_Marcella,2017-08-11,gradient_boosting,14.094250000000002,44.79409999999999,0.0,False,False,0,4.8975,42.35009999999999,0.0
Wolf_retail_Marcella,2017-08-11,perfect_foresight,14.094250000000002,44.79409999999999,0.0,False,False,0,4.8975,42.35009999999999,0.0
Wolf_retail_Marcella,2017-08-12,previous_day,14.094250000000002,51.45090000000001,4.695999999999984,False,False,0,5.405,49.00690000000001,4.331999999999988
Wolf_retail_Marcella,2017-08-12,previous_week,14.094250000000002,51.45090000000001,4.695999999999984,False,False,0,5.405,49.00690000000001,4.331999999999988
Wolf_retail_Marcella,2017-08-12,ridge,14.094250000000002,51.45090000000001,4.695999999999984,False,False,0,5.405,49.00690000000001,4.331999999999988
Wolf_retail_Marcella,2017-08-12,gradient_boosting,14.094250000000002,51.45090000000001,4.695999999999984,False,False,0,5.405,49.00390000000001,4.193749999999989
Wolf_retail_Marcella,2017-08-12,perfect_foresight,14.094250000000002,51.45090000000001,4.695999999999984,False,False,0,5.405,49.17090000000001,0.0032499999999977547
Wolf_retail_Marcella,2017-08-13,previous_day,14.094250000000002,23.000100000000003,0.0,False,True,2,-0.7199999999999998,,
Wolf_retail_Marcella,2017-08-13,previous_week,14.094250000000002,23.000100000000003,0.0,False,True,3,-1.29,,
Wolf_retail_Marcella,2017-08-13,ridge,14.094250000000002,23.000100000000003,0.0,False,True,3,-1.29,,
Wolf_retail_Marcella,2017-08-13,gradient_boosting,14.094250000000002,23.000100000000003,0.0,False,True,3,-0.7199999999999998,,
Wolf_retail_Marcella,2017-08-13,perfect_foresight,14.094250000000002,23.000100000000003,0.0,False,False,0,-0.0024999999999995026,20.556850000000004,0.0
Wolf_retail_Marcella,2017-08-14,previous_day,14.094250000000002,38.68560000000001,0.0,False,False,0,4.98,36.241600000000005,0.0
Wolf_retail_Marcella,2017-08-14,previous_week,14.094250000000002,38.68560000000001,0.0,False,False,0,4.98,36.595600000000005,0.0
Wolf_retail_Marcella,2017-08-14,ridge,14.094250000000002,38.68560000000001,0.0,False,False,0,4.4,36.241600000000005,0.0
Wolf_retail_Marcella,2017-08-14,gradient_boosting,14.094250000000002,38.68560000000001,0.0,False,False,0,4.4,36.241600000000005,0.0
Wolf_retail_Marcella,2017-08-14,perfect_foresight,14.094250000000002,38.68560000000001,0.0,False,False,0,4.4,36.241600000000005,0.0
Wolf_retail_Marcella,2017-08-15,previous_day,14.094250000000002,33.4856,0.0,False,False,0,1.2774999999999999,31.0416,0.0
Wolf_retail_Marcella,2017-08-15,previous_week,14.094250000000002,33.4856,0.0,False,False,0,1.2774999999999999,31.0416,0.0
Wolf_retail_Marcella,2017-08-15,ridge,14.094250000000002,33.4856,0.0,False,False,0,1.2774999999999999,31.0416,0.0
Wolf_retail_Marcella,2017-08-15,gradient_boosting,14.094250000000002,33.4856,0.0,False,False,0,1.2774999999999999,31.0416,0.0
Wolf_retail_Marcella,2017-08-15,perfect_foresight,14.094250000000002,33.4856,0.0,False,False,0,1.2774999999999999,31.0416,0.0
Wolf_retail_Marcella,2017-08-16,previous_day,14.094250000000002,36.59185,0.0,False,False,0,3.045,34.147850000000005,0.0
Wolf_retail_Marcella,2017-08-16,previous_week,14.094250000000002,36.59185,0.0,False,False,0,3.045,34.147850000000005,0.0
Wolf_retail_Marcella,2017-08-16,ridge,14.094250000000002,36.59185,0.0,False,False,0,3.045,34.147850000000005,0.0
Wolf_retail_Marcella,2017-08-16,gradient_boosting,14.094250000000002,36.59185,0.0,False,False,0,3.045,34.147850000000005,0.0
Wolf_retail_Marcella,2017-08-16,perfect_foresight,14.094250000000002,36.59185,0.0,False,False,0,3.045,34.147850000000005,0.0
Wolf_retail_Marcella,2017-08-17,previous_day,14.094250000000002,38.51475000000001,0.0,False,False,0,1.8175,36.070750000000004,0.0
Wolf_retail_Marcella,2017-08-17,previous_week,14.094250000000002,38.51475000000001,0.0,False,False,0,2.8575,36.067750000000004,0.0
Wolf_retail_Marcella,2017-08-17,ridge,14.094250000000002,38.51475000000001,0.0,False,False,0,1.8175,36.070750000000004,0.0
Wolf_retail_Marcella,2017-08-17,gradient_boosting,14.094250000000002,38.51475000000001,0.0,False,False,0,1.8175,36.070750000000004,0.0
Wolf_retail_Marcella,2017-08-17,perfect_foresight,14.094250000000002,38.51475000000001,0.0,False,False,0,1.8175,36.070750000000004,0.0
Wolf_retail_Marcella,2017-08-18,previous_day,14.094250000000002,34.51375,0.0,False,False,0,1.3849999999999998,32.06974999999999,0.0
Wolf_retail_Marcella,2017-08-18,previous_week,14.094250000000002,34.51375,0.0,False,False,0,1.3849999999999998,32.06974999999999,0.0
Wolf_retail_Marcella,2017-08-18,ridge,14.094250000000002,34.51375,0.0,False,False,0,1.3849999999999998,32.06974999999999,0.0
Wolf_retail_Marcella,2017-08-18,gradient_boosting,14.094250000000002,34.51375,0.0,False,False,0,1.3849999999999998,32.06974999999999,0.0
Wolf_retail_Marcella,2017-08-18,perfect_foresight,14.094250000000002,34.51375,0.0,False,False,0,1.3849999999999998,32.06974999999999,0.0
Wolf_retail_Marcella,2017-08-19,previous_day,14.094250000000002,17.002399999999998,0.0,False,True,3,-4.2925,,
Wolf_retail_Marcella,2017-08-19,previous_week,14.094250000000002,17.002399999999998,0.0,False,True,2,-4.2925,,
Wolf_retail_Marcella,2017-08-19,ridge,14.094250000000002,17.002399999999998,0.0,False,True,3,-4.2925,,
Wolf_retail_Marcella,2017-08-19,gradient_boosting,14.094250000000002,17.002399999999998,0.0,False,True,3,-2.0825,,
Wolf_retail_Marcella,2017-08-19,perfect_foresight,14.094250000000002,17.002399999999998,0.0,False,False,0,-0.0024999999999999467,14.556899999999999,0.0
Wolf_retail_Marcella,2017-08-20,previous_day,14.094250000000002,20.91525,0.0,False,False,0,0.8850000000000007,18.46825,0.0
Wolf_retail_Marcella,2017-08-20,previous_week,14.094250000000002,20.91525,0.0,False,False,0,0.08750000000000036,18.471249999999998,0.0
Wolf_retail_Marcella,2017-08-20,ridge,14.094250000000002,20.91525,0.0,False,True,3,-0.6025,,
Wolf_retail_Marcella,2017-08-20,gradient_boosting,14.094250000000002,20.91525,0.0,False,True,3,-0.6025,,
Wolf_retail_Marcella,2017-08-20,perfect_foresight,14.094250000000002,20.91525,0.0,False,False,0,-0.002500000000000391,18.472,0.0
Wolf_retail_Marcella,2017-08-21,previous_day,14.094250000000002,41.0565,0.0,False,False,0,4.3075,38.6125,0.0
Wolf_retail_Marcella,2017-08-21,previous_week,14.094250000000002,41.0565,0.0,False,False,0,4.3075,38.6125,0.0
Wolf_retail_Marcella,2017-08-21,ridge,14.094250000000002,41.0565,0.0,False,False,0,4.3075,38.6125,0.0
Wolf_retail_Marcella,2017-08-21,gradient_boosting,14.094250000000002,41.0565,0.0,False,False,0,4.3075,38.6125,0.0
Wolf_retail_Marcella,2017-08-21,perfect_foresight,14.094250000000002,41.0565,0.0,False,False,0,4.3075,38.6125,0.0
Wolf_retail_Marcella,2017-08-22,previous_day,14.094250000000002,44.21105000000001,0.0,False,False,0,5.355,41.76705000000001,0.0
Wolf_retail_Marcella,2017-08-22,previous_week,14.094250000000002,44.21105000000001,0.0,False,False,0,5.355,41.76705000000001,0.0
Wolf_retail_Marcella,2017-08-22,ridge,14.094250000000002,44.21105000000001,0.0,False,False,0,5.355,41.76705000000001,0.0
Wolf_retail_Marcella,2017-08-22,gradient_boosting,14.094250000000002,44.21105000000001,0.0,False,False,0,5.355,41.76705000000001,0.0
Wolf_retail_Marcella,2017-08-22,perfect_foresight,14.094250000000002,44.21105000000001,0.0,False,False,0,5.355,41.76705000000001,0.0
Wolf_retail_Marcella,2017-08-23,previous_day,14.094250000000002,36.1487,0.0,False,False,0,1.8499999999999996,33.7047,0.0
Wolf_retail_Marcella,2017-08-23,previous_week,14.094250000000002,36.1487,0.0,False,False,0,1.8499999999999996,33.7047,0.0
Wolf_retail_Marcella,2017-08-23,ridge,14.094250000000002,36.1487,0.0,False,False,0,1.8499999999999996,33.7047,0.0
Wolf_retail_Marcella,2017-08-23,gradient_boosting,14.094250000000002,36.1487,0.0,False,False,0,1.8499999999999996,33.7047,0.0
Wolf_retail_Marcella,2017-08-23,perfect_foresight,14.094250000000002,36.1487,0.0,False,False,0,1.8499999999999996,33.7047,0.0
Wolf_retail_Marcella,2017-08-24,previous_day,14.094250000000002,36.10309999999999,0.0,False,False,0,2.5324999999999998,33.659099999999995,0.0
Wolf_retail_Marcella,2017-08-24,previous_week,14.094250000000002,36.10309999999999,0.0,False,False,0,2.5324999999999998,33.659099999999995,0.0
Wolf_retail_Marcella,2017-08-24,ridge,14.094250000000002,36.10309999999999,0.0,False,False,0,2.5324999999999998,33.659099999999995,0.0
Wolf_retail_Marcella,2017-08-24,gradient_boosting,14.094250000000002,36.10309999999999,0.0,False,False,0,2.5324999999999998,33.659099999999995,0.0
Wolf_retail_Marcella,2017-08-24,perfect_foresight,14.094250000000002,36.10309999999999,0.0,False,False,0,2.5324999999999998,33.659099999999995,0.0
Wolf_retail_Marcella,2017-08-25,previous_day,14.094250000000002,37.522949999999994,0.0,False,False,0,1.6025,35.07894999999999,0.0
Wolf_retail_Marcella,2017-08-25,previous_week,14.094250000000002,37.522949999999994,0.0,False,False,0,1.6025,35.07894999999999,0.0
Wolf_retail_Marcella,2017-08-25,ridge,14.094250000000002,37.522949999999994,0.0,False,False,0,1.6025,35.07894999999999,0.0
Wolf_retail_Marcella,2017-08-25,gradient_boosting,14.094250000000002,37.522949999999994,0.0,False,False,0,1.6025,35.07894999999999,0.0
Wolf_retail_Marcella,2017-08-25,perfect_foresight,14.094250000000002,37.522949999999994,0.0,False,False,0,1.6025,35.07894999999999,0.0
Wolf_retail_Marcella,2017-08-26,previous_day,14.094250000000002,20.7354,0.0,False,True,3,-2.15,,
Wolf_retail_Marcella,2017-08-26,previous_week,14.094250000000002,20.7354,0.0,False,False,0,0.2849999999999997,18.2884,0.0
Wolf_retail_Marcella,2017-08-26,ridge,14.094250000000002,20.7354,0.0,False,True,3,-2.15,,
Wolf_retail_Marcella,2017-08-26,gradient_boosting,14.094250000000002,20.7354,0.0,False,True,3,-1.7200000000000002,,
Wolf_retail_Marcella,2017-08-26,perfect_foresight,14.094250000000002,20.7354,0.0,False,False,0,-0.002500000000000391,18.292150000000003,0.0
Wolf_retail_Marcella,2017-08-27,previous_day,14.094250000000002,22.069300000000005,0.0,False,False,0,0.10499999999999998,19.625300000000003,0.0
Wolf_retail_Marcella,2017-08-27,previous_week,14.094250000000002,22.069300000000005,0.0,False,True,2,-0.8275000000000006,,
Wolf_retail_Marcella,2017-08-27,ridge,14.094250000000002,22.069300000000005,0.0,False,True,3,-1.4275000000000002,,
Wolf_retail_Marcella,2017-08-27,gradient_boosting,14.094250000000002,22.069300000000005,0.0,False,True,3,-1.4275000000000002,,
Wolf_retail_Marcella,2017-08-27,perfect_foresight,14.094250000000002,22.069300000000005,0.0,False,False,0,-0.004999999999999893,19.626800000000003,0.0
Wolf_retail_Marcella,2017-08-28,previous_day,14.094250000000002,44.02605,4.012999999999991,False,False,0,4.7875,41.58205000000001,0.6207499999999975
Wolf_retail_Marcella,2017-08-28,previous_week,14.094250000000002,44.02605,4.012999999999991,False,False,0,3.7475000000000005,41.58205,2.071499999999997
Wolf_retail_Marcella,2017-08-28,ridge,14.094250000000002,44.02605,4.012999999999991,False,False,0,3.7475000000000005,41.58205,2.071499999999997
Wolf_retail_Marcella,2017-08-28,gradient_boosting,14.094250000000002,44.02605,4.012999999999991,False,False,0,3.7475000000000005,41.58205,2.071499999999997
Wolf_retail_Marcella,2017-08-28,perfect_foresight,14.094250000000002,44.02605,4.012999999999991,False,False,0,3.7475000000000005,41.58205,0.0014999999999965041
Wolf_retail_Marcella,2017-08-29,previous_day,14.094250000000002,35.94480000000001,0.0,False,False,0,3.6449999999999996,33.5008,0.0
Wolf_retail_Marcella,2017-08-29,previous_week,14.094250000000002,35.94480000000001,0.0,False,False,0,3.6374999999999993,33.5008,0.0
Wolf_retail_Marcella,2017-08-29,ridge,14.094250000000002,35.94480000000001,0.0,False,False,0,3.6374999999999993,33.5008,0.0
Wolf_retail_Marcella,2017-08-29,gradient_boosting,14.094250000000002,35.94480000000001,0.0,False,False,0,3.6374999999999993,33.5008,0.0
Wolf_retail_Marcella,2017-08-29,perfect_foresight,14.094250000000002,35.94480000000001,0.0,False,False,0,3.6374999999999993,33.5008,0.0
Wolf_retail_Marcella,2017-08-30,previous_day,14.094250000000002,34.8313,0.0,False,False,0,2.4574999999999996,32.387299999999996,0.0
Wolf_retail_Marcella,2017-08-30,previous_week,14.094250000000002,34.8313,0.0,False,False,0,2.4574999999999996,32.387299999999996,0.0
Wolf_retail_Marcella,2017-08-30,ridge,14.094250000000002,34.8313,0.0,False,False,0,2.4574999999999996,32.387299999999996,0.0
Wolf_retail_Marcella,2017-08-30,gradient_boosting,14.094250000000002,34.8313,0.0,False,False,0,2.4574999999999996,32.387299999999996,0.0
Wolf_retail_Marcella,2017-08-30,perfect_foresight,14.094250000000002,34.8313,0.0,False,False,0,2.4574999999999996,32.387299999999996,0.0
Wolf_retail_Marcella,2017-08-31,previous_day,14.094250000000002,33.51830000000001,0.0,False,False,0,3.0075000000000003,31.074300000000004,0.0
Wolf_retail_Marcella,2017-08-31,previous_week,14.094250000000002,33.51830000000001,0.0,False,False,0,3.0075000000000003,31.074300000000004,0.0
Wolf_retail_Marcella,2017-08-31,ridge,14.094250000000002,33.51830000000001,0.0,False,False,0,3.0075000000000003,31.074300000000004,0.0
Wolf_retail_Marcella,2017-08-31,gradient_boosting,14.094250000000002,33.51830000000001,0.0,False,False,0,3.0075000000000003,31.074300000000004,0.0
Wolf_retail_Marcella,2017-08-31,perfect_foresight,14.094250000000002,33.51830000000001,0.0,False,False,0,3.0075000000000003,31.074300000000004,0.0
Wolf_retail_Marcella,2017-09-01,previous_day,14.094250000000002,44.754949999999994,0.0,False,False,0,5.205,42.31095,0.0
Wolf_retail_Marcella,2017-09-01,previous_week,14.094250000000002,44.754949999999994,0.0,False,False,0,5.205,42.31095,0.0
Wolf_retail_Marcella,2017-09-01,ridge,14.094250000000002,44.754949999999994,0.0,False,False,0,5.205,42.31095,0.0
Wolf_retail_Marcella,2017-09-01,gradient_boosting,14.094250000000002,44.754949999999994,0.0,False,False,0,5.205,42.31095,0.0
Wolf_retail_Marcella,2017-09-01,perfect_foresight,14.094250000000002,44.754949999999994,0.0,False,False,0,5.205,42.31095,0.0
Wolf_retail_Marcella,2017-09-02,previous_day,14.094250000000002,53.07594999999999,6.855249999999982,False,False,0,4.9175,50.631949999999996,4.6962499999999885
Wolf_retail_Marcella,2017-09-02,previous_week,14.094250000000002,53.07594999999999,6.855249999999982,False,False,0,4.9175,50.631949999999996,4.052999999999988
Wolf_retail_Marcella,2017-09-02,ridge,14.094250000000002,53.07594999999999,6.855249999999982,False,False,0,4.9175,50.631949999999996,4.6962499999999885
Wolf_retail_Marcella,2017-09-02,gradient_boosting,14.094250000000002,53.07594999999999,6.855249999999982,False,False,0,4.9175,50.631949999999996,4.6962499999999885
Wolf_retail_Marcella,2017-09-02,perfect_foresight,14.094250000000002,53.07594999999999,6.855249999999982,False,False,0,4.9175,50.736949999999986,0.006499999999995509
Wolf_retail_Marcella,2017-09-03,previous_day,14.094250000000002,40.029300000000006,0.0,False,False,0,3.4975000000000005,37.69030000000001,0.0
Wolf_retail_Marcella,2017-09-03,previous_week,14.094250000000002,40.029300000000006,0.0,False,False,0,4.395,37.58530000000001,0.0
Wolf_retail_Marcella,2017-09-03,ridge,14.094250000000002,40.029300000000006,0.0,False,False,0,3.4975000000000005,37.58530000000001,0.0
Wolf_retail_Marcella,2017-09-03,gradient_boosting,14.094250000000002,40.029300000000006,0.0,False,False,0,3.4975000000000005,37.58530000000001,0.0
Wolf_retail_Marcella,2017-09-03,perfect_foresight,14.094250000000002,40.029300000000006,0.0,False,False,0,3.4975000000000005,37.58530000000001,0.0
Wolf_retail_Marcella,2017-09-04,previous_day,14.094250000000002,18.560549999999996,0.0,False,True,3,-2.9,,
Wolf_retail_Marcella,2017-09-04,previous_week,14.094250000000002,18.560549999999996,0.0,False,True,3,-2.9,,
Wolf_retail_Marcella,2017-09-04,ridge,14.094250000000002,18.560549999999996,0.0,False,True,3,-2.9,,
Wolf_retail_Marcella,2017-09-04,gradient_boosting,14.094250000000002,18.560549999999996,0.0,False,True,3,-2.9,,
Wolf_retail_Marcella,2017-09-04,perfect_foresight,14.094250000000002,18.560549999999996,0.0,False,False,0,-0.0024999999999999467,16.1173,0.0
Wolf_retail_Marcella,2017-09-05,previous_day,14.094250000000002,32.99074999999999,0.0,False,False,0,3.3949999999999996,30.54675,0.0
Wolf_retail_Marcella,2017-09-05,previous_week,14.094250000000002,32.99074999999999,0.0,False,False,0,1.2649999999999997,30.54675,0.0
Wolf_retail_Marcella,2017-09-05,ridge,14.094250000000002,32.99074999999999,0.0,False,False,0,1.2649999999999997,30.54675,0.0
Wolf_retail_Marcella,2017-09-05,gradient_boosting,14.094250000000002,32.99074999999999,0.0,False,False,0,1.2649999999999997,30.54675,0.0
Wolf_retail_Marcella,2017-09-05,perfect_foresight,14.094250000000002,32.99074999999999,0.0,False,False,0,1.2649999999999997,30.54675,0.0
Wolf_retail_Marcella,2017-09-06,previous_day,14.094250000000002,30.39365,0.0,False,False,0,2.995,27.94965,0.0
Wolf_retail_Marcella,2017-09-06,previous_week,14.094250000000002,30.39365,0.0,False,False,0,2.995,27.94965,0.0
Wolf_retail_Marcella,2017-09-06,ridge,14.094250000000002,30.39365,0.0,False,False,0,2.995,27.94965,0.0
Wolf_retail_Marcella,2017-09-06,gradient_boosting,14.094250000000002,30.39365,0.0,False,False,0,2.995,27.94965,0.0
Wolf_retail_Marcella,2017-09-06,perfect_foresight,14.094250000000002,30.39365,0.0,False,False,0,2.995,27.94965,0.0
Wolf_retail_Marcella,2017-09-07,previous_day,14.094250000000002,10.986000000000002,0.0,False,True,3,-4.165,,
Wolf_retail_Marcella,2017-09-07,previous_week,14.094250000000002,10.986000000000002,0.0,False,True,3,-4.165,,
Wolf_retail_Marcella,2017-09-07,ridge,14.094250000000002,10.986000000000002,0.0,False,True,3,-4.165,,
Wolf_retail_Marcella,2017-09-07,gradient_boosting,14.094250000000002,10.986000000000002,0.0,False,True,3,-4.165,,
Wolf_retail_Marcella,2017-09-07,perfect_foresight,14.094250000000002,10.986000000000002,0.0,False,False,0,-0.005,8.98625,0.0
Wolf_retail_Marcella,2017-09-08,previous_day,14.094250000000002,36.691849999999995,0.0,False,False,0,4.5525,34.68685,0.0
Wolf_retail_Marcella,2017-09-08,previous_week,14.094250000000002,36.691849999999995,0.0,False,False,0,2.8225,34.24785,0.0
Wolf_retail_Marcella,2017-09-08,ridge,14.094250000000002,36.691849999999995,0.0,False,False,0,2.8225,34.24785,0.0
Wolf_retail_Marcella,2017-09-08,gradient_boosting,14.094250000000002,36.691849999999995,0.0,False,False,0,2.8225,34.24785,0.0
Wolf_retail_Marcella,2017-09-08,perfect_foresight,14.094250000000002,36.691849999999995,0.0,False,False,0,2.8225,34.24785,0.0
Wolf_retail_Marcella,2017-09-09,previous_day,14.094250000000002,20.811149999999998,0.0,False,True,3,-1.6175000000000002,,
Wolf_retail_Marcella,2017-09-09,previous_week,14.094250000000002,20.811149999999998,0.0,False,True,2,-1.6175000000000002,,
Wolf_retail_Marcella,2017-09-09,ridge,14.094250000000002,20.811149999999998,0.0,False,True,3,-1.6175000000000002,,
Wolf_retail_Marcella,2017-09-09,gradient_boosting,14.094250000000002,20.811149999999998,0.0,False,True,3,-1.6175000000000002,,
Wolf_retail_Marcella,2017-09-09,perfect_foresight,14.094250000000002,20.811149999999998,0.0,False,False,0,-0.002500000000000391,18.368650000000002,0.0
Wolf_retail_Marcella,2017-09-10,previous_day,14.094250000000002,35.254200000000004,0.20074999999999754,False,False,0,3.1049999999999995,32.8102,0.20074999999999754
Wolf_retail_Marcella,2017-09-10,previous_week,14.094250000000002,35.254200000000004,0.20074999999999754,False,False,0,1.7649999999999997,32.8102,0.20074999999999754
Wolf_retail_Marcella,2017-09-10,ridge,14.094250000000002,35.254200000000004,0.20074999999999754,False,False,0,1.7649999999999997,32.8102,0.20074999999999754
Wolf_retail_Marcella,2017-09-10,gradient_boosting,14.094250000000002,35.254200000000004,0.20074999999999754,False,False,0,1.7649999999999997,32.8102,0.20074999999999754
Wolf_retail_Marcella,2017-09-10,perfect_foresight,14.094250000000002,35.254200000000004,0.20074999999999754,False,False,0,1.7649999999999997,32.8162,0.0007499999999982521
Wolf_retail_Marcella,2017-09-11,previous_day,14.094250000000002,40.517399999999995,0.0,False,False,0,3.9124999999999996,38.0794,0.0
Wolf_retail_Marcella,2017-09-11,previous_week,14.094250000000002,40.517399999999995,0.0,False,False,0,4.76,38.0734,0.0
Wolf_retail_Marcella,2017-09-11,ridge,14.094250000000002,40.517399999999995,0.0,False,False,0,3.9124999999999996,38.0734,0.0
Wolf_retail_Marcella,2017-09-11,gradient_boosting,14.094250000000002,40.517399999999995,0.0,False,False,0,3.9124999999999996,38.0734,0.0
Wolf_retail_Marcella,2017-09-11,perfect_foresight,14.094250000000002,40.517399999999995,0.0,False,False,0,3.9124999999999996,38.0734,0.0
Wolf_retail_Marcella,2017-09-12,previous_day,14.094250000000002,25.336100000000005,0.0,False,False,0,0.1349999999999998,22.8921,0.0
Wolf_retail_Marcella,2017-09-12,previous_week,14.094250000000002,25.336100000000005,0.0,False,False,0,0.1349999999999998,22.8921,0.0
Wolf_retail_Marcella,2017-09-12,ridge,14.094250000000002,25.336100000000005,0.0,False,False,0,0.1349999999999998,22.8921,0.0
Wolf_retail_Marcella,2017-09-12,gradient_boosting,14.094250000000002,25.336100000000005,0.0,False,False,0,0.1349999999999998,22.8921,0.0
Wolf_retail_Marcella,2017-09-12,perfect_foresight,14.094250000000002,25.336100000000005,0.0,False,False,0,0.1349999999999998,22.8921,0.0
Wolf_retail_Marcella,2017-09-13,previous_day,14.094250000000002,37.3248,0.0,False,False,0,3.539999999999999,34.8808,0.0
Wolf_retail_Marcella,2017-09-13,previous_week,14.094250000000002,37.3248,0.0,False,False,0,3.539999999999999,34.8808,0.0
Wolf_retail_Marcella,2017-09-13,ridge,14.094250000000002,37.3248,0.0,False,False,0,3.539999999999999,34.8808,0.0
Wolf_retail_Marcella,2017-09-13,gradient_boosting,14.094250000000002,37.3248,0.0,False,False,0,3.539999999999999,34.8808,0.0
Wolf_retail_Marcella,2017-09-13,perfect_foresight,14.094250000000002,37.3248,0.0,False,False,0,3.539999999999999,34.8808,0.0
Wolf_retail_Marcella,2017-09-14,previous_day,14.094250000000002,38.323849999999986,0.0,False,False,0,1.5774999999999997,35.87985,0.0
Wolf_retail_Marcella,2017-09-14,previous_week,14.094250000000002,38.323849999999986,0.0,False,False,0,4.5600000000000005,36.31884999999999,0.0
Wolf_retail_Marcella,2017-09-14,ridge,14.094250000000002,38.323849999999986,0.0,False,False,0,1.5774999999999997,35.87985,0.0
Wolf_retail_Marcella,2017-09-14,gradient_boosting,14.094250000000002,38.323849999999986,0.0,False,False,0,1.5774999999999997,35.88385,0.0
Wolf_retail_Marcella,2017-09-14,perfect_foresight,14.094250000000002,38.323849999999986,0.0,False,False,0,1.5774999999999997,35.87985,0.0
Wolf_retail_Marcella,2017-09-15,previous_day,14.094250000000002,35.969350000000006,0.0,False,False,0,2.6500000000000004,33.52535,0.0
Wolf_retail_Marcella,2017-09-15,previous_week,14.094250000000002,35.969350000000006,0.0,False,False,0,2.6500000000000004,33.52535,0.0
Wolf_retail_Marcella,2017-09-15,ridge,14.094250000000002,35.969350000000006,0.0,False,False,0,2.6500000000000004,33.52535,0.0
Wolf_retail_Marcella,2017-09-15,gradient_boosting,14.094250000000002,35.969350000000006,0.0,False,False,0,2.6500000000000004,33.52535,0.0
Wolf_retail_Marcella,2017-09-15,perfect_foresight,14.094250000000002,35.969350000000006,0.0,False,False,0,2.6500000000000004,33.52535,0.0
Wolf_retail_Marcella,2017-09-16,previous_day,14.094250000000002,23.573099999999997,0.0,False,True,3,-0.8224999999999998,,
Wolf_retail_Marcella,2017-09-16,previous_week,14.094250000000002,23.573099999999997,0.0,False,False,0,0.5175000000000001,21.1291,0.0
Wolf_retail_Marcella,2017-09-16,ridge,14.094250000000002,23.573099999999997,0.0,False,True,3,-0.8224999999999998,,
Wolf_retail_Marcella,2017-09-16,gradient_boosting,14.094250000000002,23.573099999999997,0.0,False,False,0,0.8924999999999996,21.1321,0.0
Wolf_retail_Marcella,2017-09-16,perfect_foresight,14.094250000000002,23.573099999999997,0.0,False,False,0,-0.0024999999999995026,21.12985,0.0
Wolf_retail_Marcella,2017-09-17,previous_day,14.094250000000002,18.661050000000003,0.0,False,True,3,-3.0150000000000006,,
Wolf_retail_Marcella,2017-09-17,previous_week,14.094250000000002,18.661050000000003,0.0,False,True,3,-3.325,,
Wolf_retail_Marcella,2017-09-17,ridge,14.094250000000002,18.661050000000003,0.0,False,True,3,-3.325,,
Wolf_retail_Marcella,2017-09-17,gradient_boosting,14.094250000000002,18.661050000000003,0.0,False,True,3,-2.165,,
Wolf_retail_Marcella,2017-09-17,perfect_foresight,14.094250000000002,18.661050000000003,0.0,False,False,0,-0.004999999999999893,16.2193,0.0
Wolf_retail_Marcella,2017-09-18,previous_day,14.094250000000002,35.175799999999995,0.0,False,False,0,4.415,32.7318,0.0
Wolf_retail_Marcella,2017-09-18,previous_week,14.094250000000002,35.175799999999995,0.0,False,False,0,3.0725,32.73179999999999,0.0
Wolf_retail_Marcella,2017-09-18,ridge,14.094250000000002,35.175799999999995,0.0,False,False,0,3.0725,32.73179999999999,0.0
Wolf_retail_Marcella,2017-09-18,gradient_boosting,14.094250000000002,35.175799999999995,0.0,False,False,0,3.0725,32.73179999999999,0.0
Wolf_retail_Marcella,2017-09-18,perfect_foresight,14.094250000000002,35.175799999999995,0.0,False,False,0,3.0725,32.73179999999999,0.0
Wolf_retail_Marcella,2017-09-19,previous_day,14.094250000000002,36.63340000000001,0.0,False,False,0,3.5775000000000006,34.1894,0.0
Wolf_retail_Marcella,2017-09-19,previous_week,14.094250000000002,36.63340000000001,0.0,False,False,0,3.5775000000000006,34.1894,0.0
Wolf_retail_Marcella,2017-09-19,ridge,14.094250000000002,36.63340000000001,0.0,False,False,0,3.5775000000000006,34.1894,0.0
Wolf_retail_Marcella,2017-09-19,gradient_boosting,14.094250000000002,36.63340000000001,0.0,False,False,0,3.5775000000000006,34.1894,0.0
Wolf_retail_Marcella,2017-09-19,perfect_foresight,14.094250000000002,36.63340000000001,0.0,False,False,0,3.5775000000000006,34.1894,0.0
Wolf_retail_Marcella,2017-09-20,previous_day,14.094250000000002,39.5001,0.0,False,False,0,4.4025,37.056099999999994,0.0
Wolf_retail_Marcella,2017-09-20,previous_week,14.094250000000002,39.5001,0.0,False,False,0,4.4025,37.056099999999994,0.0
Wolf_retail_Marcella,2017-09-20,ridge,14.094250000000002,39.5001,0.0,False,False,0,4.4025,37.056099999999994,0.0
Wolf_retail_Marcella,2017-09-20,gradient_boosting,14.094250000000002,39.5001,0.0,False,False,0,4.4025,37.056099999999994,0.0
Wolf_retail_Marcella,2017-09-20,perfect_foresight,14.094250000000002,39.5001,0.0,False,False,0,4.4025,37.056099999999994,0.0
Wolf_retail_Marcella,2017-09-21,previous_day,14.094250000000002,37.178850000000004,0.0,False,False,0,2.5149999999999997,34.734849999999994,0.0
Wolf_retail_Marcella,2017-09-21,previous_week,14.094250000000002,37.178850000000004,0.0,False,False,0,2.5149999999999997,34.734849999999994,0.0
Wolf_retail_Marcella,2017-09-21,ridge,14.094250000000002,37.178850000000004,0.0,False,False,0,2.5149999999999997,34.734849999999994,0.0
Wolf_retail_Marcella,2017-09-21,gradient_boosting,14.094250000000002,37.178850000000004,0.0,False,False,0,2.5149999999999997,34.734849999999994,0.0
Wolf_retail_Marcella,2017-09-21,perfect_foresight,14.094250000000002,37.178850000000004,0.0,False,False,0,2.5149999999999997,34.734849999999994,0.0
Wolf_retail_Marcella,2017-09-22,previous_day,14.094250000000002,34.0153,0.0,False,False,0,3.09,31.5713,0.0
Wolf_retail_Marcella,2017-09-22,previous_week,14.094250000000002,34.0153,0.0,False,False,0,3.09,31.5713,0.0
Wolf_retail_Marcella,2017-09-22,ridge,14.094250000000002,34.0153,0.0,False,False,0,3.09,31.5713,0.0
Wolf_retail_Marcella,2017-09-22,gradient_boosting,14.094250000000002,34.0153,0.0,False,False,0,3.09,31.5713,0.0
Wolf_retail_Marcella,2017-09-22,perfect_foresight,14.094250000000002,34.0153,0.0,False,False,0,3.09,31.5713,0.0
Wolf_retail_Marcella,2017-09-23,previous_day,14.094250000000002,18.462449999999997,0.0,False,True,3,-1.62,,
Wolf_retail_Marcella,2017-09-23,previous_week,14.094250000000002,18.462449999999997,0.0,False,True,3,-0.9500000000000002,,
Wolf_retail_Marcella,2017-09-23,ridge,14.094250000000002,18.462449999999997,0.0,False,True,3,-1.62,,
Wolf_retail_Marcella,2017-09-23,gradient_boosting,14.094250000000002,18.462449999999997,0.0,False,False,0,0.5499999999999998,16.01845,0.0
Wolf_retail_Marcella,2017-09-23,perfect_foresight,14.094250000000002,18.462449999999997,0.0,False,False,0,-0.004999999999999893,16.019949999999998,0.0
Wolf_retail_Marcella,2017-09-24,previous_day,14.094250000000002,16.55515,0.0,False,True,4,-1.1800000000000002,,
Wolf_retail_Marcella,2017-09-24,previous_week,14.094250000000002,16.55515,0.0,False,True,3,-1.1399999999999997,,
Wolf_retail_Marcella,2017-09-24,ridge,14.094250000000002,16.55515,0.0,False,True,3,-2.43,,
Wolf_retail_Marcella,2017-09-24,gradient_boosting,14.094250000000002,16.55515,0.0,False,True,3,-1.4000000000000004,,
Wolf_retail_Marcella,2017-09-24,perfect_foresight,14.094250000000002,16.55515,0.0,False,False,0,-0.0024999999999999467,14.111899999999999,0.0
Wolf_retail_Marcella,2017-09-25,previous_day,14.094250000000002,40.232699999999994,0.0,False,False,0,3.7075,37.788700000000006,0.0
Wolf_retail_Marcella,2017-09-25,previous_week,14.094250000000002,40.232699999999994,0.0,False,False,0,3.3725000000000005,37.788700000000006,0.0
Wolf_retail_Marcella,2017-09-25,ridge,14.094250000000002,40.232699999999994,0.0,False,False,0,3.3725000000000005,37.788700000000006,0.0
Wolf_retail_Marcella,2017-09-25,gradient_boosting,14.094250000000002,40.232699999999994,0.0,False,False,0,3.3725000000000005,37.788700000000006,0.0
Wolf_retail_Marcella,2017-09-25,perfect_foresight,14.094250000000002,40.232699999999994,0.0,False,False,0,3.3725000000000005,37.788700000000006,0.0
Wolf_retail_Marcella,2017-09-26,previous_day,14.094250000000002,39.228300000000004,0.0,False,False,0,4.0075,36.7843,0.0
Wolf_retail_Marcella,2017-09-26,previous_week,14.094250000000002,39.228300000000004,0.0,False,False,0,4.0075,36.7843,0.0
Wolf_retail_Marcella,2017-09-26,ridge,14.094250000000002,39.228300000000004,0.0,False,False,0,4.0075,36.7843,0.0
Wolf_retail_Marcella,2017-09-26,gradient_boosting,14.094250000000002,39.228300000000004,0.0,False,False,0,4.0075,36.7843,0.0
Wolf_retail_Marcella,2017-09-26,perfect_foresight,14.094250000000002,39.228300000000004,0.0,False,False,0,4.0075,36.7843,0.0
Wolf_retail_Marcella,2017-09-27,previous_day,14.094250000000002,39.86345000000001,0.0,False,False,0,4.715,37.41944999999999,0.0
Wolf_retail_Marcella,2017-09-27,previous_week,14.094250000000002,39.86345000000001,0.0,False,False,0,4.715,37.41944999999999,0.0
Wolf_retail_Marcella,2017-09-27,ridge,14.094250000000002,39.86345000000001,0.0,False,False,0,4.715,37.41944999999999,0.0
Wolf_retail_Marcella,2017-09-27,gradient_boosting,14.094250000000002,39.86345000000001,0.0,False,False,0,4.715,37.41944999999999,0.0
Wolf_retail_Marcella,2017-09-27,perfect_foresight,14.094250000000002,39.86345000000001,0.0,False,False,0,4.715,37.41944999999999,0.0
Wolf_retail_Marcella,2017-09-28,previous_day,14.094250000000002,37.996700000000004,0.0,False,False,0,3.74,35.55270000000001,0.0
Wolf_retail_Marcella,2017-09-28,previous_week,14.094250000000002,37.996700000000004,0.0,False,False,0,3.74,35.55270000000001,0.0
Wolf_retail_Marcella,2017-09-28,ridge,14.094250000000002,37.996700000000004,0.0,False,False,0,3.74,35.55270000000001,0.0
Wolf_retail_Marcella,2017-09-28,gradient_boosting,14.094250000000002,37.996700000000004,0.0,False,False,0,3.74,35.55270000000001,0.0
Wolf_retail_Marcella,2017-09-28,perfect_foresight,14.094250000000002,37.996700000000004,0.0,False,False,0,3.74,35.55270000000001,0.0
Wolf_retail_Marcella,2017-09-29,previous_day,14.094250000000002,34.70705,0.0,False,False,0,3.9924999999999997,32.26305,0.0
Wolf_retail_Marcella,2017-09-29,previous_week,14.094250000000002,34.70705,0.0,False,False,0,3.9924999999999997,32.26305,0.0
Wolf_retail_Marcella,2017-09-29,ridge,14.094250000000002,34.70705,0.0,False,False,0,3.9924999999999997,32.26305,0.0
Wolf_retail_Marcella,2017-09-29,gradient_boosting,14.094250000000002,34.70705,0.0,False,False,0,3.9924999999999997,32.26305,0.0
Wolf_retail_Marcella,2017-09-29,perfect_foresight,14.094250000000002,34.70705,0.0,False,False,0,3.9924999999999997,32.26305,0.0
Wolf_retail_Marcella,2017-09-30,previous_day,14.094250000000002,16.98795,0.0,False,True,3,-2.9975,,
Wolf_retail_Marcella,2017-09-30,previous_week,14.094250000000002,16.98795,0.0,False,True,4,-1.7475,,
Wolf_retail_Marcella,2017-09-30,ridge,14.094250000000002,16.98795,0.0,False,True,3,-2.9975,,
Wolf_retail_Marcella,2017-09-30,gradient_boosting,14.094250000000002,16.98795,0.0,False,True,3,-2.2674999999999996,,
Wolf_retail_Marcella,2017-09-30,perfect_foresight,14.094250000000002,16.98795,0.0,False,False,0,-0.0024999999999999467,14.545450000000002,0.0
Wolf_retail_Marcella,2017-10-01,previous_day,14.094250000000002,50.78714999999999,3.560249999999982,False,False,0,5.2225,48.343149999999994,0.7164999999999946
Wolf_retail_Marcella,2017-10-01,previous_week,14.094250000000002,50.78714999999999,3.560249999999982,False,False,0,5.2225,48.343149999999994,1.7147499999999916
Wolf_retail_Marcella,2017-10-01,ridge,14.094250000000002,50.78714999999999,3.560249999999982,False,False,0,5.2225,48.343149999999994,3.0979999999999883
Wolf_retail_Marcella,2017-10-01,gradient_boosting,14.094250000000002,50.78714999999999,3.560249999999982,False,False,0,5.2225,48.343149999999994,3.0979999999999883
Wolf_retail_Marcella,2017-10-01,perfect_foresight,14.094250000000002,50.78714999999999,3.560249999999982,False,False,0,5.2225,48.404149999999994,0.0032499999999977547
Wolf_retail_Marcella,2017-10-02,previous_day,14.094250000000002,52.08520000000001,5.548499999999981,False,False,0,5.195,49.7022,3.1254999999999917
Wolf_retail_Marcella,2017-10-02,previous_week,14.094250000000002,52.08520000000001,5.548499999999981,False,False,0,5.195,49.64120000000001,4.746249999999989
Wolf_retail_Marcella,2017-10-02,ridge,14.094250000000002,52.08520000000001,5.548499999999981,False,False,0,5.195,49.64120000000001,4.746249999999989
Wolf_retail_Marcella,2017-10-02,gradient_boosting,14.094250000000002,52.08520000000001,5.548499999999981,False,False,0,5.195,49.64120000000001,4.746249999999989
Wolf_retail_Marcella,2017-10-02,perfect_foresight,14.094250000000002,52.08520000000001,5.548499999999981,False,False,0,5.195,49.735200000000006,0.00399999999999423
Wolf_retail_Marcella,2017-10-03,previous_day,14.094250000000002,41.78895,0.0,False,False,0,4.28,39.43894999999999,0.0
Wolf_retail_Marcella,2017-10-03,previous_week,14.094250000000002,41.78895,0.0,False,False,0,4.28,39.34495,0.0
Wolf_retail_Marcella,2017-10-03,ridge,14.094250000000002,41.78895,0.0,False,False,0,4.28,39.34495,0.0
Wolf_retail_Marcella,2017-10-03,gradient_boosting,14.094250000000002,41.78895,0.0,False,False,0,4.28,39.34495,0.0
Wolf_retail_Marcella,2017-10-03,perfect_foresight,14.094250000000002,41.78895,0.0,False,False,0,4.28,39.34495,0.0
Wolf_retail_Marcella,2017-10-04,previous_day,14.094250000000002,38.7887,0.0,False,False,0,3.2249999999999996,36.344699999999996,0.0
Wolf_retail_Marcella,2017-10-04,previous_week,14.094250000000002,38.7887,0.0,False,False,0,3.2249999999999996,36.344699999999996,0.0
Wolf_retail_Marcella,2017-10-04,ridge,14.094250000000002,38.7887,0.0,False,False,0,3.2249999999999996,36.344699999999996,0.0
Wolf_retail_Marcella,2017-10-04,gradient_boosting,14.094250000000002,38.7887,0.0,False,False,0,3.2249999999999996,36.344699999999996,0.0
Wolf_retail_Marcella,2017-10-04,perfect_foresight,14.094250000000002,38.7887,0.0,False,False,0,3.2249999999999996,36.344699999999996,0.0
Wolf_retail_Marcella,2017-10-05,previous_day,14.094250000000002,31.137199999999996,0.0,False,False,0,1.1500000000000004,28.6932,0.0
Wolf_retail_Marcella,2017-10-05,previous_week,14.094250000000002,31.137199999999996,0.0,False,False,0,1.1500000000000004,28.6932,0.0
Wolf_retail_Marcella,2017-10-05,ridge,14.094250000000002,31.137199999999996,0.0,False,False,0,1.1500000000000004,28.6932,0.0
Wolf_retail_Marcella,2017-10-05,gradient_boosting,14.094250000000002,31.137199999999996,0.0,False,False,0,1.1500000000000004,28.6932,0.0
Wolf_retail_Marcella,2017-10-05,perfect_foresight,14.094250000000002,31.137199999999996,0.0,False,False,0,1.1500000000000004,28.6932,0.0
Wolf_retail_Marcella,2017-10-06,previous_day,14.094250000000002,15.40795,0.0,False,True,3,-3.3525,,
Wolf_retail_Marcella,2017-10-06,previous_week,14.094250000000002,15.40795,0.0,False,True,3,-3.3525,,
Wolf_retail_Marcella,2017-10-06,ridge,14.094250000000002,15.40795,0.0,False,True,3,-3.3525,,
Wolf_retail_Marcella,2017-10-06,gradient_boosting,14.094250000000002,15.40795,0.0,False,True,3,-3.3525,,
Wolf_retail_Marcella,2017-10-06,perfect_foresight,14.094250000000002,15.40795,0.0,False,False,0,-0.004999999999999893,12.966199999999999,0.0
Wolf_retail_Marcella,2017-10-07,previous_day,14.094250000000002,36.728,0.0,False,False,0,3.0650000000000004,34.284,0.0
Wolf_retail_Marcella,2017-10-07,previous_week,14.094250000000002,36.728,0.0,False,False,0,3.3850000000000002,34.284,0.0
Wolf_retail_Marcella,2017-10-07,ridge,14.094250000000002,36.728,0.0,False,False,0,3.6125,34.284000000000006,0.0
Wolf_retail_Marcella,2017-10-07,gradient_boosting,14.094250000000002,36.728,0.0,False,False,0,3.6125,34.284000000000006,0.0
Wolf_retail_Marcella,2017-10-07,perfect_foresight,14.094250000000002,36.728,0.0,False,False,0,3.6125,34.284000000000006,0.0
Wolf_retail_Marcella,2017-10-08,previous_day,14.094250000000002,37.4404,0.0,False,False,0,1.6550000000000002,34.99640000000001,0.0
Wolf_retail_Marcella,2017-10-08,previous_week,14.094250000000002,37.4404,0.0,False,False,0,1.6550000000000002,35.0574,0.0
Wolf_retail_Marcella,2017-10-08,ridge,14.094250000000002,37.4404,0.0,False,False,0,1.6550000000000002,34.9964,0.0
Wolf_retail_Marcella,2017-10-08,gradient_boosting,14.094250000000002,37.4404,0.0,False,False,0,1.6550000000000002,34.99640000000001,0.0
Wolf_retail_Marcella,2017-10-08,perfect_foresight,14.094250000000002,37.4404,0.0,False,False,0,1.6550000000000002,34.99640000000001,0.0
Wolf_retail_Marcella,2017-10-09,previous_day,14.094250000000002,19.189500000000002,0.0,False,True,3,-2.48,,
Wolf_retail_Marcella,2017-10-09,previous_week,14.094250000000002,19.189500000000002,0.0,False,True,2,-2.42,,
Wolf_retail_Marcella,2017-10-09,ridge,14.094250000000002,19.189500000000002,0.0,False,True,3,-2.48,,
Wolf_retail_Marcella,2017-10-09,gradient_boosting,14.094250000000002,19.189500000000002,0.0,False,True,3,-2.48,,
Wolf_retail_Marcella,2017-10-09,perfect_foresight,14.094250000000002,19.189500000000002,0.0,False,False,0,0.0,16.7485,0.0
Wolf_retail_Marcella,2017-10-10,previous_day,14.094250000000002,37.22905,0.0,False,False,0,4.175,34.788050000000005,0.0
Wolf_retail_Marcella,2017-10-10,previous_week,14.094250000000002,37.22905,0.0,False,False,0,4.4875,34.78505,0.0
Wolf_retail_Marcella,2017-10-10,ridge,14.094250000000002,37.22905,0.0,False,False,0,4.4875,34.78505,0.0
Wolf_retail_Marcella,2017-10-10,gradient_boosting,14.094250000000002,37.22905,0.0,False,False,0,4.46,34.78505,0.0
Wolf_retail_Marcella,2017-10-10,perfect_foresight,14.094250000000002,37.22905,0.0,False,False,0,4.4875,34.78505,0.0
Wolf_retail_Marcella,2017-10-11,previous_day,14.094250000000002,43.79245,0.0,False,False,0,4.8725,41.34845,0.0
Wolf_retail_Marcella,2017-10-11,previous_week,14.094250000000002,43.79245,0.0,False,False,0,4.8725,41.34845000000001,0.0
Wolf_retail_Marcella,2017-10-11,ridge,14.094250000000002,43.79245,0.0,False,False,0,4.8725,41.34845000000001,0.0
Wolf_retail_Marcella,2017-10-11,gradient_boosting,14.094250000000002,43.79245,0.0,False,False,0,4.8725,41.34845,0.0
Wolf_retail_Marcella,2017-10-11,perfect_foresight,14.094250000000002,43.79245,0.0,False,False,0,4.8725,41.34845000000001,0.0
Wolf_retail_Marcella,2017-10-12,previous_day,14.094250000000002,24.880249999999997,0.0,False,False,0,0.16249999999999964,22.436249999999998,0.0
Wolf_retail_Marcella,2017-10-12,previous_week,14.094250000000002,24.880249999999997,0.0,False,False,0,0.16249999999999964,22.436249999999998,0.0
Wolf_retail_Marcella,2017-10-12,ridge,14.094250000000002,24.880249999999997,0.0,False,False,0,0.16249999999999964,22.436249999999998,0.0
Wolf_retail_Marcella,2017-10-12,gradient_boosting,14.094250000000002,24.880249999999997,0.0,False,False,0,0.16249999999999964,22.436249999999998,0.0
Wolf_retail_Marcella,2017-10-12,perfect_foresight,14.094250000000002,24.880249999999997,0.0,False,False,0,0.16249999999999964,22.436249999999998,0.0
Wolf_retail_Marcella,2017-10-13,previous_day,14.094250000000002,39.13639999999999,0.0,False,False,0,1.9474999999999998,36.69239999999999,0.0
Wolf_retail_Marcella,2017-10-13,previous_week,14.094250000000002,39.13639999999999,0.0,False,False,0,3.8175,36.69239999999999,0.0
Wolf_retail_Marcella,2017-10-13,ridge,14.094250000000002,39.13639999999999,0.0,False,False,0,1.9474999999999998,36.69239999999999,0.0
Wolf_retail_Marcella,2017-10-13,gradient_boosting,14.094250000000002,39.13639999999999,0.0,False,False,0,1.9474999999999998,36.69239999999999,0.0
Wolf_retail_Marcella,2017-10-13,perfect_foresight,14.094250000000002,39.13639999999999,0.0,False,False,0,1.9474999999999998,36.69239999999999,0.0
Wolf_retail_Marcella,2017-10-14,previous_day,14.094250000000002,25.96015,0.0,False,True,2,-0.7249999999999996,,
Wolf_retail_Marcella,2017-10-14,previous_week,14.094250000000002,25.96015,0.0,False,True,2,-0.7249999999999996,,
Wolf_retail_Marcella,2017-10-14,ridge,14.094250000000002,25.96015,0.0,False,True,2,-0.7249999999999996,,
Wolf_retail_Marcella,2017-10-14,gradient_boosting,14.094250000000002,25.96015,0.0,False,True,2,-0.7249999999999996,,
Wolf_retail_Marcella,2017-10-14,perfect_foresight,14.094250000000002,25.96015,0.0,False,False,0,-0.004999999999999893,23.51765,0.0
Wolf_retail_Marcella,2017-10-15,previous_day,14.094250000000002,25.978949999999998,0.0,False,False,0,0.7874999999999996,23.534949999999995,0.0
Wolf_retail_Marcella,2017-10-15,previous_week,14.094250000000002,25.978949999999998,0.0,False,False,0,0.41500000000000004,23.534949999999995,0.0
Wolf_retail_Marcella,2017-10-15,ridge,14.094250000000002,25.978949999999998,0.0,False,False,0,0.41500000000000004,23.534949999999995,0.0
Wolf_retail_Marcella,2017-10-15,gradient_boosting,14.094250000000002,25.978949999999998,0.0,False,False,0,1.4749999999999996,23.534949999999995,0.0
Wolf_retail_Marcella,2017-10-15,perfect_foresight,14.094250000000002,25.978949999999998,0.0,False,False,0,0.41500000000000004,23.534949999999995,0.0
Wolf_retail_Marcella,2017-10-16,previous_day,14.094250000000002,32.121399999999994,0.0,False,False,0,0.20500000000000007,29.6774,0.0
Wolf_retail_Marcella,2017-10-16,previous_week,14.094250000000002,32.121399999999994,0.0,False,False,0,2.1925,29.6804,0.0
Wolf_retail_Marcella,2017-10-16,ridge,14.094250000000002,32.121399999999994,0.0,False,False,0,0.20500000000000007,29.6774,0.0
Wolf_retail_Marcella,2017-10-16,gradient_boosting,14.094250000000002,32.121399999999994,0.0,False,False,0,0.20500000000000007,29.6774,0.0
Wolf_retail_Marcella,2017-10-16,perfect_foresight,14.094250000000002,32.121399999999994,0.0,False,False,0,0.20500000000000007,29.6774,0.0
Wolf_retail_Marcella,2017-10-17,previous_day,14.094250000000002,35.2442,0.0,False,False,0,2.2625,32.8002,0.0
Wolf_retail_Marcella,2017-10-17,previous_week,14.094250000000002,35.2442,0.0,False,False,0,2.2625,32.8002,0.0
Wolf_retail_Marcella,2017-10-17,ridge,14.094250000000002,35.2442,0.0,False,False,0,2.2625,32.8002,0.0
Wolf_retail_Marcella,2017-10-17,gradient_boosting,14.094250000000002,35.2442,0.0,False,False,0,2.2625,32.8002,0.0
Wolf_retail_Marcella,2017-10-17,perfect_foresight,14.094250000000002,35.2442,0.0,False,False,0,2.2625,32.8002,0.0
Wolf_retail_Marcella,2017-10-18,previous_day,14.094250000000002,34.80735,0.0,False,False,0,3.2025000000000006,32.36335,0.0
Wolf_retail_Marcella,2017-10-18,previous_week,14.094250000000002,34.80735,0.0,False,False,0,3.2025000000000006,32.36335,0.0
Wolf_retail_Marcella,2017-10-18,ridge,14.094250000000002,34.80735,0.0,False,False,0,3.2025000000000006,32.36335,0.0
Wolf_retail_Marcella,2017-10-18,gradient_boosting,14.094250000000002,34.80735,0.0,False,False,0,3.2025000000000006,32.36335,0.0
Wolf_retail_Marcella,2017-10-18,perfect_foresight,14.094250000000002,34.80735,0.0,False,False,0,3.2025000000000006,32.36335,0.0
Wolf_retail_Marcella,2017-10-19,previous_day,14.094250000000002,34.936800000000005,0.0,False,False,0,3.164999999999999,32.4928,0.0
Wolf_retail_Marcella,2017-10-19,previous_week,14.094250000000002,34.936800000000005,0.0,False,False,0,3.164999999999999,32.4928,0.0
Wolf_retail_Marcella,2017-10-19,ridge,14.094250000000002,34.936800000000005,0.0,False,False,0,3.164999999999999,32.4928,0.0
Wolf_retail_Marcella,2017-10-19,gradient_boosting,14.094250000000002,34.936800000000005,0.0,False,False,0,3.164999999999999,32.4928,0.0
Wolf_retail_Marcella,2017-10-19,perfect_foresight,14.094250000000002,34.936800000000005,0.0,False,False,0,3.164999999999999,32.4928,0.0
Wolf_retail_Marcella,2017-10-20,previous_day,14.094250000000002,39.187900000000006,0.0,False,False,0,4.43,36.743900000000004,0.0
Wolf_retail_Marcella,2017-10-20,previous_week,14.094250000000002,39.187900000000006,0.0,False,False,0,4.43,36.743900000000004,0.0
Wolf_retail_Marcella,2017-10-20,ridge,14.094250000000002,39.187900000000006,0.0,False,False,0,4.43,36.743900000000004,0.0
Wolf_retail_Marcella,2017-10-20,gradient_boosting,14.094250000000002,39.187900000000006,0.0,False,False,0,4.43,36.743900000000004,0.0
Wolf_retail_Marcella,2017-10-20,perfect_foresight,14.094250000000002,39.187900000000006,0.0,False,False,0,4.43,36.743900000000004,0.0
Wolf_retail_Marcella,2017-10-21,previous_day,14.094250000000002,19.641800000000003,0.0,False,True,3,-1.4075000000000002,,
Wolf_retail_Marcella,2017-10-21,previous_week,14.094250000000002,19.641800000000003,0.0,False,True,3,-1.4075000000000002,,
Wolf_retail_Marcella,2017-10-21,ridge,14.094250000000002,19.641800000000003,0.0,False,True,3,-1.4075000000000002,,
Wolf_retail_Marcella,2017-10-21,gradient_boosting,14.094250000000002,19.641800000000003,0.0,False,False,0,0.4924999999999997,17.200799999999997,0.0
Wolf_retail_Marcella,2017-10-21,perfect_foresight,14.094250000000002,19.641800000000003,0.0,False,False,0,-0.0024999999999999467,17.198549999999997,0.0
Wolf_retail_Marcella,2017-10-22,previous_day,14.094250000000002,19.213,0.0,False,True,2,-0.3674999999999997,,
Wolf_retail_Marcella,2017-10-22,previous_week,14.094250000000002,19.213,0.0,False,True,3,-1.5474999999999999,,
Wolf_retail_Marcella,2017-10-22,ridge,14.094250000000002,19.213,0.0,False,True,3,-1.5474999999999999,,
Wolf_retail_Marcella,2017-10-22,gradient_boosting,14.094250000000002,19.213,0.0,False,True,2,-0.4674999999999998,,
Wolf_retail_Marcella,2017-10-22,perfect_foresight,14.094250000000002,19.213,0.0,False,False,0,0.0,16.769000000000002,0.0
Wolf_retail_Marcella,2017-10-23,previous_day,14.094250000000002,34.397,0.0,False,False,0,3.6875,31.953000000000003,0.0
Wolf_retail_Marcella,2017-10-23,previous_week,14.094250000000002,34.397,0.0,False,False,0,3.2925000000000004,31.953000000000003,0.0
Wolf_retail_Marcella,2017-10-23,ridge,14.094250000000002,34.397,0.0,False,False,0,3.2925000000000004,31.953000000000003,0.0
Wolf_retail_Marcella,2017-10-23,gradient_boosting,14.094250000000002,34.397,0.0,False,False,0,3.2925000000000004,31.953000000000003,0.0
Wolf_retail_Marcella,2017-10-23,perfect_foresight,14.094250000000002,34.397,0.0,False,False,0,3.2925000000000004,31.953000000000003,0.0
Wolf_retail_Marcella,2017-10-24,previous_day,14.094250000000002,37.4814,0.0,False,False,0,3.385,35.037400000000005,0.0
Wolf_retail_Marcella,2017-10-24,previous_week,14.094250000000002,37.4814,0.0,False,False,0,3.385,35.037400000000005,0.0
Wolf_retail_Marcella,2017-10-24,ridge,14.094250000000002,37.4814,0.0,False,False,0,3.385,35.037400000000005,0.0
Wolf_retail_Marcella,2017-10-24,gradient_boosting,14.094250000000002,37.4814,0.0,False,False,0,3.385,35.037400000000005,0.0
Wolf_retail_Marcella,2017-10-24,perfect_foresight,14.094250000000002,37.4814,0.0,False,False,0,3.385,35.037400000000005,0.0
Wolf_retail_Marcella,2017-10-25,previous_day,14.094250000000002,42.1868,0.0,False,False,0,5.475,39.7428,0.0
Wolf_retail_Marcella,2017-10-25,previous_week,14.094250000000002,42.1868,0.0,False,False,0,5.475,39.7428,0.0
Wolf_retail_Marcella,2017-10-25,ridge,14.094250000000002,42.1868,0.0,False,False,0,5.475,39.7428,0.0
Wolf_retail_Marcella,2017-10-25,gradient_boosting,14.094250000000002,42.1868,0.0,False,False,0,5.475,39.7428,0.0
Wolf_retail_Marcella,2017-10-25,perfect_foresight,14.094250000000002,42.1868,0.0,False,False,0,5.475,39.7428,0.0
Wolf_retail_Marcella,2017-10-26,previous_day,14.094250000000002,36.7945,0.0,False,False,0,3.210000000000001,34.3505,0.0
Wolf_retail_Marcella,2017-10-26,previous_week,14.094250000000002,36.7945,0.0,False,False,0,3.210000000000001,34.350500000000004,0.0
Wolf_retail_Marcella,2017-10-26,ridge,14.094250000000002,36.7945,0.0,False,False,0,3.210000000000001,34.3505,0.0
Wolf_retail_Marcella,2017-10-26,gradient_boosting,14.094250000000002,36.7945,0.0,False,False,0,3.210000000000001,34.3505,0.0
Wolf_retail_Marcella,2017-10-26,perfect_foresight,14.094250000000002,36.7945,0.0,False,False,0,3.210000000000001,34.3505,0.0
Wolf_retail_Marcella,2017-10-27,previous_day,14.094250000000002,43.46015,0.0,False,False,0,4.8225,41.016149999999996,0.0
Wolf_retail_Marcella,2017-10-27,previous_week,14.094250000000002,43.46015,0.0,False,False,0,4.8225,41.016149999999996,0.0
Wolf_retail_Marcella,2017-10-27,ridge,14.094250000000002,43.46015,0.0,False,False,0,4.8225,41.016149999999996,0.0
Wolf_retail_Marcella,2017-10-27,gradient_boosting,14.094250000000002,43.46015,0.0,False,False,0,4.8225,41.016149999999996,0.0
Wolf_retail_Marcella,2017-10-27,perfect_foresight,14.094250000000002,43.46015,0.0,False,False,0,4.8225,41.016149999999996,0.0
Wolf_retail_Marcella,2017-10-28,previous_day,14.094250000000002,25.145899999999997,0.0,False,False,0,0.33000000000000007,22.7019,0.0
Wolf_retail_Marcella,2017-10-28,previous_week,14.094250000000002,25.145899999999997,0.0,False,False,0,1.5,22.7019,0.0
Wolf_retail_Marcella,2017-10-28,ridge,14.094250000000002,25.145899999999997,0.0,False,False,0,0.33000000000000007,22.7019,0.0
Wolf_retail_Marcella,2017-10-28,gradient_boosting,14.094250000000002,25.145899999999997,0.0,False,False,0,0.33000000000000007,22.7019,0.0
Wolf_retail_Marcella,2017-10-28,perfect_foresight,14.094250000000002,25.145899999999997,0.0,False,False,0,0.33000000000000007,22.7019,0.0
Wolf_retail_Marcella,2017-11-01,previous_day,14.094250000000002,50.58625,3.8202499999999855,False,False,0,4.6475,48.142250000000004,2.967999999999991
Wolf_retail_Marcella,2017-11-01,previous_week,14.094250000000002,50.58625,3.8202499999999855,False,False,0,4.6475,48.142250000000004,2.967999999999991
Wolf_retail_Marcella,2017-11-01,ridge,14.094250000000002,50.58625,3.8202499999999855,False,False,0,4.6475,48.142250000000004,2.967999999999991
Wolf_retail_Marcella,2017-11-01,gradient_boosting,14.094250000000002,50.58625,3.8202499999999855,False,False,0,4.6475,48.142250000000004,2.967999999999991
Wolf_retail_Marcella,2017-11-01,perfect_foresight,14.094250000000002,50.58625,3.8202499999999855,False,False,0,4.6475,48.212250000000004,0.003999999999996007
Wolf_retail_Marcella,2017-11-02,previous_day,14.094250000000002,25.352849999999997,0.0,False,False,0,0.3674999999999997,22.978849999999998,0.0
Wolf_retail_Marcella,2017-11-02,previous_week,14.094250000000002,25.352849999999997,0.0,False,False,0,0.20500000000000007,22.908849999999997,0.0
Wolf_retail_Marcella,2017-11-02,ridge,14.094250000000002,25.352849999999997,0.0,False,False,0,0.20500000000000007,22.908849999999997,0.0
Wolf_retail_Marcella,2017-11-02,gradient_boosting,14.094250000000002,25.352849999999997,0.0,False,False,0,0.3049999999999997,22.90885,0.0
Wolf_retail_Marcella,2017-11-02,perfect_foresight,14.094250000000002,25.352849999999997,0.0,False,False,0,0.20500000000000007,22.908849999999997,0.0
Wolf_retail_Marcella,2017-11-03,previous_day,14.094250000000002,18.578150000000004,0.0,False,True,3,-2.8225,,
Wolf_retail_Marcella,2017-11-03,previous_week,14.094250000000002,18.578150000000004,0.0,False,True,3,-2.8225,,
Wolf_retail_Marcella,2017-11-03,ridge,14.094250000000002,18.578150000000004,0.0,False,True,3,-2.8225,,
Wolf_retail_Marcella,2017-11-03,gradient_boosting,14.094250000000002,18.578150000000004,0.0,False,True,3,-2.8225,,
Wolf_retail_Marcella,2017-11-03,perfect_foresight,14.094250000000002,18.578150000000004,0.0,False,False,0,-0.0024999999999999467,16.135650000000005,0.0
Wolf_retail_Marcella,2017-11-04,previous_day,14.094250000000002,41.444900000000004,0.0,False,False,0,2.8099999999999996,39.00090000000001,0.31824999999999726
Wolf_retail_Marcella,2017-11-04,previous_week,14.094250000000002,41.444900000000004,0.0,False,False,0,0.040000000000000036,39.0009,0.31824999999999726
Wolf_retail_Marcella,2017-11-04,ridge,14.094250000000002,41.444900000000004,0.0,False,False,0,0.040000000000000036,39.0009,0.31824999999999726
Wolf_retail_Marcella,2017-11-04,gradient_boosting,14.094250000000002,41.444900000000004,0.0,False,False,0,0.040000000000000036,39.0009,0.31824999999999726
Wolf_retail_Marcella,2017-11-04,perfect_foresight,14.094250000000002,41.444900000000004,0.0,False,False,0,0.040000000000000036,39.00090000000001,0.0
Wolf_retail_Marcella,2017-11-06,previous_day,14.094250000000002,12.27255,0.0,False,True,3,-4.6125,,
Wolf_retail_Marcella,2017-11-06,previous_week,14.094250000000002,12.27255,0.0,False,True,3,-4.6125,,
Wolf_retail_Marcella,2017-11-06,ridge,14.094250000000002,12.27255,0.0,False,True,3,-4.6125,,
Wolf_retail_Marcella,2017-11-06,gradient_boosting,14.094250000000002,12.27255,0.0,False,True,3,-4.6125,,
Wolf_retail_Marcella,2017-11-06,perfect_foresight,14.094250000000002,12.27255,0.0,False,False,0,-0.0025000000000000022,10.38155,0.0
Wolf_retail_Marcella,2017-11-07,previous_day,14.094250000000002,34.36560000000001,0.0,False,False,0,3.3075,32.4726,0.0
Wolf_retail_Marcella,2017-11-07,previous_week,14.094250000000002,34.36560000000001,0.0,False,False,0,3.4275,31.921600000000005,0.0
Wolf_retail_Marcella,2017-11-07,ridge,14.094250000000002,34.36560000000001,0.0,False,False,0,3.4275,31.921600000000005,0.0
Wolf_retail_Marcella,2017-11-07,gradient_boosting,14.094250000000002,34.36560000000001,0.0,False,False,0,3.4275,31.921600000000005,0.0
Wolf_retail_Marcella,2017-11-07,perfect_foresight,14.094250000000002,34.36560000000001,0.0,False,False,0,3.4275,31.921600000000005,0.0
Wolf_retail_Marcella,2017-11-08,previous_day,14.094250000000002,39.023700000000005,0.0,False,False,0,3.66,36.57970000000001,0.0
Wolf_retail_Marcella,2017-11-08,previous_week,14.094250000000002,39.023700000000005,0.0,False,False,0,3.66,36.6497,0.0
Wolf_retail_Marcella,2017-11-08,ridge,14.094250000000002,39.023700000000005,0.0,False,False,0,3.66,36.57970000000001,0.0
Wolf_retail_Marcella,2017-11-08,gradient_boosting,14.094250000000002,39.023700000000005,0.0,False,False,0,3.66,36.57970000000001,0.0
Wolf_retail_Marcella,2017-11-08,perfect_foresight,14.094250000000002,39.023700000000005,0.0,False,False,0,3.66,36.57970000000001,0.0
Wolf_retail_Marcella,2017-11-09,previous_day,14.094250000000002,37.83284999999999,0.0,False,False,0,3.3200000000000003,35.388850000000005,0.0
Wolf_retail_Marcella,2017-11-09,previous_week,14.094250000000002,37.83284999999999,0.0,False,False,0,3.3200000000000003,35.388850000000005,0.0
Wolf_retail_Marcella,2017-11-09,ridge,14.094250000000002,37.83284999999999,0.0,False,False,0,3.3200000000000003,35.388850000000005,0.0
Wolf_retail_Marcella,2017-11-09,gradient_boosting,14.094250000000002,37.83284999999999,0.0,False,False,0,3.3200000000000003,35.388850000000005,0.0
Wolf_retail_Marcella,2017-11-09,perfect_foresight,14.094250000000002,37.83284999999999,0.0,False,False,0,3.3200000000000003,35.388850000000005,0.0
Wolf_retail_Marcella,2017-11-10,previous_day,14.094250000000002,39.94045,0.0,False,False,0,4.032500000000001,37.496449999999996,0.0
Wolf_retail_Marcella,2017-11-10,previous_week,14.094250000000002,39.94045,0.0,False,False,0,5.1475,37.496449999999996,0.0
Wolf_retail_Marcella,2017-11-10,ridge,14.094250000000002,39.94045,0.0,False,False,0,4.032500000000001,37.496449999999996,0.0
Wolf_retail_Marcella,2017-11-10,gradient_boosting,14.094250000000002,39.94045,0.0,False,False,0,4.032500000000001,37.496449999999996,0.0
Wolf_retail_Marcella,2017-11-10,perfect_foresight,14.094250000000002,39.94045,0.0,False,False,0,4.032500000000001,37.496449999999996,0.0
Wolf_retail_Marcella,2017-11-11,previous_day,14.094250000000002,22.303249999999995,0.0,False,True,3,-0.8700000000000001,,
Wolf_retail_Marcella,2017-11-11,previous_week,14.094250000000002,22.303249999999995,0.0,False,True,3,-0.8700000000000001,,
Wolf_retail_Marcella,2017-11-11,ridge,14.094250000000002,22.303249999999995,0.0,False,True,3,-0.8700000000000001,,
Wolf_retail_Marcella,2017-11-11,gradient_boosting,14.094250000000002,22.303249999999995,0.0,False,True,1,-0.16000000000000014,,
Wolf_retail_Marcella,2017-11-11,perfect_foresight,14.094250000000002,22.303249999999995,0.0,False,False,0,0.0,19.86225,0.0
Wolf_retail_Marcella,2017-11-13,previous_day,14.094250000000002,50.3202,0.20324999999999704,False,False,0,4.8275,48.0292,0.0
Wolf_retail_Marcella,2017-11-13,previous_week,14.094250000000002,50.3202,0.20324999999999704,False,False,0,4.8275,48.4272,0.0
Wolf_retail_Marcella,2017-11-13,ridge,14.094250000000002,50.3202,0.20324999999999704,False,False,0,4.8275,47.8762,0.1632499999999979
Wolf_retail_Marcella,2017-11-13,gradient_boosting,14.094250000000002,50.3202,0.20324999999999704,False,False,0,4.8275,47.8842,0.0
Wolf_retail_Marcella,2017-11-13,perfect_foresight,14.094250000000002,50.3202,0.20324999999999704,False,False,0,4.8275,47.8762,0.0032499999999977547
Wolf_retail_Marcella,2017-11-14,previous_day,14.094250000000002,45.10385,0.0,False,False,0,5.8325,42.65985,0.0
Wolf_retail_Marcella,2017-11-14,previous_week,14.094250000000002,45.10385,0.0,False,False,0,5.8225,42.65985,0.0
Wolf_retail_Marcella,2017-11-14,ridge,14.094250000000002,45.10385,0.0,False,False,0,5.8225,42.65985,0.0
Wolf_retail_Marcella,2017-11-14,gradient_boosting,14.094250000000002,45.10385,0.0,False,False,0,5.8325,42.65985,0.0
Wolf_retail_Marcella,2017-11-14,perfect_foresight,14.094250000000002,45.10385,0.0,False,False,0,5.8225,42.65985,0.0
Wolf_retail_Marcella,2017-11-15,previous_day,14.094250000000002,37.79939999999999,0.0,False,False,0,4.640000000000001,35.355399999999996,0.0
Wolf_retail_Marcella,2017-11-15,previous_week,14.094250000000002,37.79939999999999,0.0,False,False,0,4.640000000000001,35.355399999999996,0.0
Wolf_retail_Marcella,2017-11-15,ridge,14.094250000000002,37.79939999999999,0.0,False,False,0,4.640000000000001,35.355399999999996,0.0
Wolf_retail_Marcella,2017-11-15,gradient_boosting,14.094250000000002,37.79939999999999,0.0,False,False,0,4.640000000000001,35.355399999999996,0.0
Wolf_retail_Marcella,2017-11-15,perfect_foresight,14.094250000000002,37.79939999999999,0.0,False,False,0,4.640000000000001,35.355399999999996,0.0
Wolf_retail_Marcella,2017-11-16,previous_day,14.094250000000002,39.1959,0.0,False,False,0,3.76,36.75189999999999,0.0
Wolf_retail_Marcella,2017-11-16,previous_week,14.094250000000002,39.1959,0.0,False,False,0,3.76,36.75189999999999,0.0
Wolf_retail_Marcella,2017-11-16,ridge,14.094250000000002,39.1959,0.0,False,False,0,3.76,36.75189999999999,0.0
Wolf_retail_Marcella,2017-11-16,gradient_boosting,14.094250000000002,39.1959,0.0,False,False,0,3.76,36.75189999999999,0.0
Wolf_retail_Marcella,2017-11-16,perfect_foresight,14.094250000000002,39.1959,0.0,False,False,0,3.76,36.75189999999999,0.0
Wolf_retail_Marcella,2017-11-17,previous_day,14.094250000000002,45.734249999999996,0.0,False,False,0,5.24,43.29024999999999,0.0
Wolf_retail_Marcella,2017-11-17,previous_week,14.094250000000002,45.734249999999996,0.0,False,False,0,5.24,43.29024999999999,0.0
Wolf_retail_Marcella,2017-11-17,ridge,14.094250000000002,45.734249999999996,0.0,False,False,0,5.24,43.29024999999999,0.0
Wolf_retail_Marcella,2017-11-17,gradient_boosting,14.094250000000002,45.734249999999996,0.0,False,False,0,5.24,43.29024999999999,0.0
Wolf_retail_Marcella,2017-11-17,perfect_foresight,14.094250000000002,45.734249999999996,0.0,False,False,0,5.24,43.29024999999999,0.0
Wolf_retail_Marcella,2017-11-18,previous_day,14.094250000000002,23.58015,0.0,False,True,3,-0.4850000000000003,,
Wolf_retail_Marcella,2017-11-18,previous_week,14.094250000000002,23.58015,0.0,False,True,1,-0.1275000000000004,,
Wolf_retail_Marcella,2017-11-18,ridge,14.094250000000002,23.58015,0.0,False,True,3,-0.4850000000000003,,
Wolf_retail_Marcella,2017-11-18,gradient_boosting,14.094250000000002,23.58015,0.0,False,True,2,-0.4850000000000003,,
Wolf_retail_Marcella,2017-11-18,perfect_foresight,14.094250000000002,23.58015,0.0,False,False,0,-0.0024999999999995026,21.1369,0.0
Wolf_retail_Marcella,2017-11-19,previous_day,14.094250000000002,23.66245,0.0,False,True,1,-0.022499999999999964,,
Wolf_retail_Marcella,2017-11-19,previous_week,14.094250000000002,23.66245,0.0,False,True,2,-0.4974999999999996,,
Wolf_retail_Marcella,2017-11-19,ridge,14.094250000000002,23.66245,0.0,False,True,3,-0.4974999999999996,,
Wolf_retail_Marcella,2017-11-19,gradient_boosting,14.094250000000002,23.66245,0.0,False,False,0,0.6425000000000005,21.22145,0.0
Wolf_retail_Marcella,2017-11-19,perfect_foresight,14.094250000000002,23.66245,0.0,False,False,0,0.0,21.22145,0.0
Wolf_retail_Marcella,2017-11-20,previous_day,14.094250000000002,41.211099999999995,0.0,False,False,0,4.53,38.77009999999999,0.0
Wolf_retail_Marcella,2017-11-20,previous_week,14.094250000000002,41.211099999999995,0.0,False,False,0,4.53,38.76709999999999,0.0
Wolf_retail_Marcella,2017-11-20,ridge,14.094250000000002,41.211099999999995,0.0,False,False,0,4.53,38.7671,0.0
Wolf_retail_Marcella,2017-11-20,gradient_boosting,14.094250000000002,41.211099999999995,0.0,False,False,0,4.53,38.7671,0.0
Wolf_retail_Marcella,2017-11-20,perfect_foresight,14.094250000000002,41.211099999999995,0.0,False,False,0,4.53,38.7671,0.0
Wolf_retail_Marcella,2017-11-21,previous_day,14.094250000000002,33.98605,0.0,False,False,0,3.6825,31.542050000000003,0.0
Wolf_retail_Marcella,2017-11-21,previous_week,14.094250000000002,33.98605,0.0,False,False,0,3.6825,31.542050000000003,0.0
Wolf_retail_Marcella,2017-11-21,ridge,14.094250000000002,33.98605,0.0,False,False,0,3.6825,31.542050000000003,0.0
Wolf_retail_Marcella,2017-11-21,gradient_boosting,14.094250000000002,33.98605,0.0,False,False,0,3.6825,31.542050000000003,0.0
Wolf_retail_Marcella,2017-11-21,perfect_foresight,14.094250000000002,33.98605,0.0,False,False,0,3.6825,31.542050000000003,0.0
Wolf_retail_Marcella,2017-11-22,previous_day,14.094250000000002,33.64615,0.0,False,False,0,3.3275000000000006,31.202150000000003,0.0
Wolf_retail_Marcella,2017-11-22,previous_week,14.094250000000002,33.64615,0.0,False,False,0,3.3275000000000006,31.202150000000003,0.0
Wolf_retail_Marcella,2017-11-22,ridge,14.094250000000002,33.64615,0.0,False,False,0,3.3275000000000006,31.202150000000003,0.0
Wolf_retail_Marcella,2017-11-22,gradient_boosting,14.094250000000002,33.64615,0.0,False,False,0,3.3275000000000006,31.202150000000003,0.0
Wolf_retail_Marcella,2017-11-22,perfect_foresight,14.094250000000002,33.64615,0.0,False,False,0,3.3275000000000006,31.202150000000003,0.0
Wolf_retail_Marcella,2017-11-23,previous_day,14.094250000000002,42.33605,0.0,False,False,0,3.6175,39.89205,0.0
Wolf_retail_Marcella,2017-11-23,previous_week,14.094250000000002,42.33605,0.0,False,False,0,3.6175,39.89205,0.0
Wolf_retail_Marcella,2017-11-23,ridge,14.094250000000002,42.33605,0.0,False,False,0,3.6175,39.89205,0.0
Wolf_retail_Marcella,2017-11-23,gradient_boosting,14.094250000000002,42.33605,0.0,False,False,0,3.6175,39.89205,0.0
Wolf_retail_Marcella,2017-11-23,perfect_foresight,14.094250000000002,42.33605,0.0,False,False,0,3.6175,39.89205,0.0
Wolf_retail_Marcella,2017-11-24,previous_day,14.094250000000002,45.2321,0.8239999999999963,False,False,0,3.345,42.78810000000001,0.8239999999999963
Wolf_retail_Marcella,2017-11-24,previous_week,14.094250000000002,45.2321,0.8239999999999963,False,False,0,3.345,42.78810000000001,0.8239999999999963
Wolf_retail_Marcella,2017-11-24,ridge,14.094250000000002,45.2321,0.8239999999999963,False,False,0,3.345,42.78810000000001,0.8239999999999963
Wolf_retail_Marcella,2017-11-24,gradient_boosting,14.094250000000002,45.2321,0.8239999999999963,False,False,0,3.345,42.78810000000001,0.8239999999999963
Wolf_retail_Marcella,2017-11-24,perfect_foresight,14.094250000000002,45.2321,0.8239999999999963,False,False,0,3.345,42.820100000000004,0.0032499999999977547
Wolf_retail_Marcella,2017-11-25,previous_day,14.094250000000002,23.91925,0.0,False,True,2,-0.34250000000000025,,
Wolf_retail_Marcella,2017-11-25,previous_week,14.094250000000002,23.91925,0.0,False,False,0,0.14749999999999996,21.47525,0.0
Wolf_retail_Marcella,2017-11-25,ridge,14.094250000000002,23.91925,0.0,False,True,2,-0.34250000000000025,,
Wolf_retail_Marcella,2017-11-25,gradient_boosting,14.094250000000002,23.91925,0.0,False,True,2,-0.34250000000000025,,
Wolf_retail_Marcella,2017-11-25,perfect_foresight,14.094250000000002,23.91925,0.0,False,False,0,-0.002500000000000391,21.47675,0.0
Wolf_retail_Marcella,2017-11-26,previous_day,14.094250000000002,25.699800000000003,0.0,False,True,1,-0.07000000000000028,,
Wolf_retail_Marcella,2017-11-26,previous_week,14.094250000000002,25.699800000000003,0.0,False,True,1,-0.11000000000000032,,
Wolf_retail_Marcella,2017-11-26,ridge,14.094250000000002,25.699800000000003,0.0,False,True,2,-0.41000000000000014,,
Wolf_retail_Marcella,2017-11-26,gradient_boosting,14.094250000000002,25.699800000000003,0.0,False,True,1,-0.15000000000000036,,
Wolf_retail_Marcella,2017-11-26,perfect_foresight,14.094250000000002,25.699800000000003,0.0,False,False,0,-0.002500000000000391,23.256550000000004,0.0
Wolf_retail_Marcella,2017-11-27,previous_day,14.094250000000002,47.47310000000002,2.2007499999999993,False,False,0,4.4775,45.02910000000001,0.0
Wolf_retail_Marcella,2017-11-27,previous_week,14.094250000000002,47.47310000000002,2.2007499999999993,False,False,0,4.4775,45.02910000000001,0.0
Wolf_retail_Marcella,2017-11-27,ridge,14.094250000000002,47.47310000000002,2.2007499999999993,False,False,0,4.4775,45.02910000000001,0.0
Wolf_retail_Marcella,2017-11-27,gradient_boosting,14.094250000000002,47.47310000000002,2.2007499999999993,False,False,0,4.4775,45.02910000000001,0.0
Wolf_retail_Marcella,2017-11-27,perfect_foresight,14.094250000000002,47.47310000000002,2.2007499999999993,False,False,0,4.4775,45.02910000000001,0.0
Wolf_retail_Marcella,2017-11-28,previous_day,14.094250000000002,47.9429,2.7547499999999925,False,False,0,5.115,45.4989,2.7547499999999925
Wolf_retail_Marcella,2017-11-28,previous_week,14.094250000000002,47.9429,2.7547499999999925,False,False,0,5.115,45.4989,2.7547499999999925
Wolf_retail_Marcella,2017-11-28,ridge,14.094250000000002,47.9429,2.7547499999999925,False,False,0,5.115,45.4989,2.7547499999999925
Wolf_retail_Marcella,2017-11-28,gradient_boosting,14.094250000000002,47.9429,2.7547499999999925,False,False,0,5.115,45.4989,2.7547499999999925
Wolf_retail_Marcella,2017-11-28,perfect_foresight,14.094250000000002,47.9429,2.7547499999999925,False,False,0,5.115,45.671899999999994,0.0047499999999924825
Wolf_retail_Marcella,2017-11-29,previous_day,14.094250000000002,47.8588,0.6307499999999973,False,False,0,3.98,45.58780000000001,0.5207499999999978
Wolf_retail_Marcella,2017-11-29,previous_week,14.094250000000002,47.8588,0.6307499999999973,False,False,0,3.98,45.41480000000001,0.6307499999999973
Wolf_retail_Marcella,2017-11-29,ridge,14.094250000000002,47.8588,0.6307499999999973,False,False,0,3.98,45.41480000000001,0.6307499999999973
Wolf_retail_Marcella,2017-11-29,gradient_boosting,14.094250000000002,47.8588,0.6307499999999973,False,False,0,3.98,45.41480000000001,0.6307499999999973
Wolf_retail_Marcella,2017-11-29,perfect_foresight,14.094250000000002,47.8588,0.6307499999999973,False,False,0,3.98,45.4148,0.0007499999999964757
Wolf_retail_Marcella,2017-11-30,previous_day,14.094250000000002,50.82899999999999,0.9547499999999935,False,False,0,5.79,48.385,0.9547499999999935
Wolf_retail_Marcella,2017-11-30,previous_week,14.094250000000002,50.82899999999999,0.9547499999999935,False,False,0,5.79,48.385,0.9547499999999935
Wolf_retail_Marcella,2017-11-30,ridge,14.094250000000002,50.82899999999999,0.9547499999999935,False,False,0,5.79,48.385,0.9547499999999935
Wolf_retail_Marcella,2017-11-30,gradient_boosting,14.094250000000002,50.82899999999999,0.9547499999999935,False,False,0,5.79,48.385,0.9547499999999935
Wolf_retail_Marcella,2017-11-30,perfect_foresight,14.094250000000002,50.82899999999999,0.9547499999999935,False,False,0,5.79,48.44799999999999,0.0007499999999982521
Wolf_retail_Marcella,2017-12-01,previous_day,14.094250000000002,52.400949999999995,6.265999999999982,False,False,0,5.045,50.01995,4.86799999999999
Wolf_retail_Marcella,2017-12-01,previous_week,14.094250000000002,52.400949999999995,6.265999999999982,False,False,0,5.045,49.988949999999996,5.386249999999988
Wolf_retail_Marcella,2017-12-01,ridge,14.094250000000002,52.400949999999995,6.265999999999982,False,False,0,5.045,49.95695,5.344499999999988
Wolf_retail_Marcella,2017-12-01,gradient_boosting,14.094250000000002,52.400949999999995,6.265999999999982,False,False,0,5.045,49.95695,5.344499999999988
Wolf_retail_Marcella,2017-12-01,perfect_foresight,14.094250000000002,52.400949999999995,6.265999999999982,False,False,0,5.045,50.04495,0.00224999999999298
Wolf_retail_Marcella,2017-12-02,previous_day,14.094250000000002,25.234599999999997,0.0,False,False,0,0.21750000000000025,22.878600000000002,0.0
Wolf_retail_Marcella,2017-12-02,previous_week,14.094250000000002,25.234599999999997,0.0,False,False,0,0.5,22.7906,0.0
Wolf_retail_Marcella,2017-12-02,ridge,14.094250000000002,25.234599999999997,0.0,False,False,0,0.21750000000000025,22.7906,0.0
Wolf_retail_Marcella,2017-12-02,gradient_boosting,14.094250000000002,25.234599999999997,0.0,False,False,0,0.21750000000000025,22.7906,0.0
Wolf_retail_Marcella,2017-12-02,perfect_foresight,14.094250000000002,25.234599999999997,0.0,False,False,0,0.21750000000000025,22.7906,0.0
Wolf_retail_Marcella,2017-12-03,previous_day,14.094250000000002,17.7911,0.0,False,True,3,-2.8525,,
Wolf_retail_Marcella,2017-12-03,previous_week,14.094250000000002,17.7911,0.0,False,True,3,-2.7225,,
Wolf_retail_Marcella,2017-12-03,ridge,14.094250000000002,17.7911,0.0,False,True,3,-2.8525,,
Wolf_retail_Marcella,2017-12-03,gradient_boosting,14.094250000000002,17.7911,0.0,False,True,3,-2.7625,,
Wolf_retail_Marcella,2017-12-03,perfect_foresight,14.094250000000002,17.7911,0.0,False,False,0,-0.0024999999999999467,15.34935,0.0
Wolf_retail_Marcella,2017-12-04,previous_day,14.094250000000002,40.87475,0.0,False,False,0,4.0325,38.43075,0.0
Wolf_retail_Marcella,2017-12-04,previous_week,14.094250000000002,40.87475,0.0,False,False,0,5.255000000000001,38.43075,0.0
Wolf_retail_Marcella,2017-12-04,ridge,14.094250000000002,40.87475,0.0,False,False,0,5.255000000000001,38.43075,0.0
Wolf_retail_Marcella,2017-12-04,gradient_boosting,14.094250000000002,40.87475,0.0,False,False,0,5.255000000000001,38.43075,0.0
Wolf_retail_Marcella,2017-12-04,perfect_foresight,14.094250000000002,40.87475,0.0,False,False,0,5.255000000000001,38.43075,0.0
Wolf_retail_Marcella,2017-12-05,previous_day,14.094250000000002,35.776,0.0,False,False,0,3.385,33.332,0.0
Wolf_retail_Marcella,2017-12-05,previous_week,14.094250000000002,35.776,0.0,False,False,0,3.630000000000001,33.504999999999995,0.0
Wolf_retail_Marcella,2017-12-05,ridge,14.094250000000002,35.776,0.0,False,False,0,3.385,33.332,0.0
Wolf_retail_Marcella,2017-12-05,gradient_boosting,14.094250000000002,35.776,0.0,False,False,0,3.385,33.332,0.0
Wolf_retail_Marcella,2017-12-05,perfect_foresight,14.094250000000002,35.776,0.0,False,False,0,3.385,33.332,0.0
Wolf_retail_Marcella,2017-12-06,previous_day,14.094250000000002,31.5336,0.0,False,False,0,1.7125000000000004,29.089599999999997,0.0
Wolf_retail_Marcella,2017-12-06,previous_week,14.094250000000002,31.5336,0.0,False,False,0,1.7125000000000004,29.0896,0.0
Wolf_retail_Marcella,2017-12-06,ridge,14.094250000000002,31.5336,0.0,False,False,0,1.7125000000000004,29.089599999999997,0.0
Wolf_retail_Marcella,2017-12-06,gradient_boosting,14.094250000000002,31.5336,0.0,False,False,0,1.7125000000000004,29.089599999999997,0.0
Wolf_retail_Marcella,2017-12-06,perfect_foresight,14.094250000000002,31.5336,0.0,False,False,0,1.7125000000000004,29.089599999999997,0.0
Wolf_retail_Marcella,2017-12-07,previous_day,14.094250000000002,27.15265,0.0,False,True,1,-0.15500000000000025,,
Wolf_retail_Marcella,2017-12-07,previous_week,14.094250000000002,27.15265,0.0,False,True,1,-0.15500000000000025,,
Wolf_retail_Marcella,2017-12-07,ridge,14.094250000000002,27.15265,0.0,False,True,1,-0.15500000000000025,,
Wolf_retail_Marcella,2017-12-07,gradient_boosting,14.094250000000002,27.15265,0.0,False,True,1,-0.15500000000000025,,
Wolf_retail_Marcella,2017-12-07,perfect_foresight,14.094250000000002,27.15265,0.0,False,False,0,0.004999999999999893,24.70865,0.0
Wolf_retail_Marcella,2017-12-08,previous_day,14.094250000000002,22.903450000000003,0.0,False,True,3,-1.8824999999999998,,
Wolf_retail_Marcella,2017-12-08,previous_week,14.094250000000002,22.903450000000003,0.0,False,True,2,-1.8824999999999998,,
Wolf_retail_Marcella,2017-12-08,ridge,14.094250000000002,22.903450000000003,0.0,False,True,3,-1.8824999999999998,,
Wolf_retail_Marcella,2017-12-08,gradient_boosting,14.094250000000002,22.903450000000003,0.0,False,True,3,-1.8824999999999998,,
Wolf_retail_Marcella,2017-12-08,perfect_foresight,14.094250000000002,22.903450000000003,0.0,False,False,0,-0.0024999999999999467,20.45795,0.0
Wolf_retail_Marcella,2017-12-09,previous_day,14.094250000000002,36.814949999999996,0.0,False,False,0,4.86,34.36795,0.0
Wolf_retail_Marcella,2017-12-09,previous_week,14.094250000000002,36.814949999999996,0.0,False,False,0,2.9800000000000004,34.37095,0.0
Wolf_retail_Marcella,2017-12-09,ridge,14.094250000000002,36.814949999999996,0.0,False,False,0,2.9800000000000004,34.37095,0.0
Wolf_retail_Marcella,2017-12-09,gradient_boosting,14.094250000000002,36.814949999999996,0.0,False,False,0,2.9800000000000004,34.37095,0.0
Wolf_retail_Marcella,2017-12-09,perfect_foresight,14.094250000000002,36.814949999999996,0.0,False,False,0,2.9800000000000004,34.37095,0.0
Wolf_retail_Marcella,2017-12-10,previous_day,14.094250000000002,38.750299999999996,0.0,False,False,0,3.0600000000000005,36.3063,0.0
Wolf_retail_Marcella,2017-12-10,previous_week,14.094250000000002,38.750299999999996,0.0,False,False,0,5.5425,36.3063,0.0
Wolf_retail_Marcella,2017-12-10,ridge,14.094250000000002,38.750299999999996,0.0,False,False,0,3.0600000000000005,36.3063,0.0
Wolf_retail_Marcella,2017-12-10,gradient_boosting,14.094250000000002,38.750299999999996,0.0,False,False,0,3.0600000000000005,36.3063,0.0
Wolf_retail_Marcella,2017-12-10,perfect_foresight,14.094250000000002,38.750299999999996,0.0,False,False,0,3.0600000000000005,36.3063,0.0
Wolf_retail_Marcella,2017-12-11,previous_day,14.094250000000002,22.212,0.0,False,True,3,-1.355,,
Wolf_retail_Marcella,2017-12-11,previous_week,14.094250000000002,22.212,0.0,False,True,3,-1.355,,
Wolf_retail_Marcella,2017-12-11,ridge,14.094250000000002,22.212,0.0,False,True,3,-1.355,,
Wolf_retail_Marcella,2017-12-11,gradient_boosting,14.094250000000002,22.212,0.0,False,True,3,-1.355,,
Wolf_retail_Marcella,2017-12-11,perfect_foresight,14.094250000000002,22.212,0.0,False,False,0,-0.004999999999999893,19.7695,0.0
Wolf_retail_Marcella,2017-12-12,previous_day,14.094250000000002,49.82339999999999,2.9229999999999894,False,False,0,5.2675,47.3794,2.5722499999999915
Wolf_retail_Marcella,2017-12-12,previous_week,14.094250000000002,49.82339999999999,2.9229999999999894,False,False,0,5.2675,47.3794,2.8829999999999902
Wolf_retail_Marcella,2017-12-12,ridge,14.094250000000002,49.82339999999999,2.9229999999999894,False,False,0,5.2675,47.3794,2.8829999999999902
Wolf_retail_Marcella,2017-12-12,gradient_boosting,14.094250000000002,49.82339999999999,2.9229999999999894,False,False,0,5.2675,47.3794,2.8829999999999902
Wolf_retail_Marcella,2017-12-12,perfect_foresight,14.094250000000002,49.82339999999999,2.9229999999999894,False,False,0,5.2675,47.39739999999999,0.0022499999999912035
Wolf_retail_Marcella,2017-12-13,previous_day,14.094250000000002,48.73845,1.321499999999995,False,False,0,5.1,46.31245,0.0
Wolf_retail_Marcella,2017-12-13,previous_week,14.094250000000002,48.73845,1.321499999999995,False,False,0,5.1,46.29445,1.2814999999999959
Wolf_retail_Marcella,2017-12-13,ridge,14.094250000000002,48.73845,1.321499999999995,False,False,0,5.1,46.29445,1.2814999999999959
Wolf_retail_Marcella,2017-12-13,gradient_boosting,14.094250000000002,48.73845,1.321499999999995,False,False,0,5.1,46.29645,1.0814999999999948
Wolf_retail_Marcella,2017-12-13,perfect_foresight,14.094250000000002,48.73845,1.321499999999995,False,False,0,5.1,46.29445,0.0032499999999977547
Wolf_retail_Marcella,2017-12-14,previous_day,14.094250000000002,48.039699999999996,1.1539999999999946,False,False,0,5.1475,45.595699999999994,0.44574999999999676
Wolf_retail_Marcella,2017-12-14,previous_week,14.094250000000002,48.039699999999996,1.1539999999999946,False,False,0,5.1475,45.595699999999994,1.1539999999999946
Wolf_retail_Marcella,2017-12-14,ridge,14.094250000000002,48.039699999999996,1.1539999999999946,False,False,0,5.1475,45.595699999999994,1.1539999999999946
Wolf_retail_Marcella,2017-12-14,gradient_boosting,14.094250000000002,48.039699999999996,1.1539999999999946,False,False,0,5.1475,45.595699999999994,1.1539999999999946
Wolf_retail_Marcella,2017-12-14,perfect_foresight,14.094250000000002,48.039699999999996,1.1539999999999946,False,False,0,5.1475,45.59269999999999,0.0
Wolf_retail_Marcella,2017-12-15,previous_day,14.094250000000002,48.9458,1.1957499999999968,False,False,0,5.1275,46.498799999999996,0.4857499999999959
Wolf_retail_Marcella,2017-12-15,previous_week,14.094250000000002,48.9458,1.1957499999999968,False,False,0,5.1275,46.498799999999996,1.1957499999999968
Wolf_retail_Marcella,2017-12-15,ridge,14.094250000000002,48.9458,1.1957499999999968,False,False,0,5.1275,46.501799999999996,1.1957499999999968
Wolf_retail_Marcella,2017-12-15,gradient_boosting,14.094250000000002,48.9458,1.1957499999999968,False,False,0,5.1275,46.501799999999996,1.1957499999999968
Wolf_retail_Marcella,2017-12-15,perfect_foresight,14.094250000000002,48.9458,1.1957499999999968,False,False,0,5.1275,46.501799999999996,0.0
Wolf_retail_Marcella,2017-12-16,previous_day,14.094250000000002,25.9053,0.0,False,True,2,-0.20749999999999957,,
Wolf_retail_Marcella,2017-12-16,previous_week,14.094250000000002,25.9053,0.0,False,True,2,-0.20749999999999957,,
Wolf_retail_Marcella,2017-12-16,ridge,14.094250000000002,25.9053,0.0,False,True,2,-0.20749999999999957,,
Wolf_retail_Marcella,2017-12-16,gradient_boosting,14.094250000000002,25.9053,0.0,False,False,0,0.39749999999999996,23.4613,0.0
Wolf_retail_Marcella,2017-12-16,perfect_foresight,14.094250000000002,25.9053,0.0,False,False,0,-0.002500000000000391,23.4628,0.0
Wolf_retail_Marcella,2017-12-17,previous_day,14.094250000000002,20.524600000000003,0.0,False,True,3,-0.9550000000000001,,
Wolf_retail_Marcella,2017-12-17,previous_week,14.094250000000002,20.524600000000003,0.0,False,True,3,-1.0150000000000001,,
Wolf_retail_Marcella,2017-12-17,ridge,14.094250000000002,20.524600000000003,0.0,False,True,3,-1.0150000000000001,,
Wolf_retail_Marcella,2017-12-17,gradient_boosting,14.094250000000002,20.524600000000003,0.0,False,True,3,-1.0150000000000001,,
Wolf_retail_Marcella,2017-12-17,perfect_foresight,14.094250000000002,20.524600000000003,0.0,False,False,0,-0.002500000000000391,18.08435,0.0
Wolf_retail_Marcella,2017-12-18,previous_day,14.094250000000002,45.51015000000001,0.06324999999999825,False,False,0,4.215,43.06915,0.06324999999999825
Wolf_retail_Marcella,2017-12-18,previous_week,14.094250000000002,45.51015000000001,0.06324999999999825,False,False,0,4.215,43.06615,0.06324999999999825
Wolf_retail_Marcella,2017-12-18,ridge,14.094250000000002,45.51015000000001,0.06324999999999825,False,False,0,4.215,43.06615,0.06324999999999825
Wolf_retail_Marcella,2017-12-18,gradient_boosting,14.094250000000002,45.51015000000001,0.06324999999999825,False,False,0,4.215,43.06615,0.06324999999999825
Wolf_retail_Marcella,2017-12-18,perfect_foresight,14.094250000000002,45.51015000000001,0.06324999999999825,False,False,0,4.215,43.06615,0.0032499999999977547
Wolf_retail_Marcella,2017-12-19,previous_day,14.094250000000002,43.457550000000005,0.0,False,False,0,3.505,41.01355000000001,0.0
Wolf_retail_Marcella,2017-12-19,previous_week,14.094250000000002,43.457550000000005,0.0,False,False,0,3.505,41.03155,0.0
Wolf_retail_Marcella,2017-12-19,ridge,14.094250000000002,43.457550000000005,0.0,False,False,0,3.505,41.01355000000001,0.0
Wolf_retail_Marcella,2017-12-19,gradient_boosting,14.094250000000002,43.457550000000005,0.0,False,False,0,3.505,41.01355000000001,0.0
Wolf_retail_Marcella,2017-12-19,perfect_foresight,14.094250000000002,43.457550000000005,0.0,False,False,0,3.505,41.01355000000001,0.0
Wolf_retail_Marcella,2017-12-20,previous_day,14.094250000000002,42.6104,0.0,False,False,0,4.225,40.1664,0.0
Wolf_retail_Marcella,2017-12-20,previous_week,14.094250000000002,42.6104,0.0,False,False,0,4.225,40.1664,0.0
Wolf_retail_Marcella,2017-12-20,ridge,14.094250000000002,42.6104,0.0,False,False,0,4.225,40.1664,0.0
Wolf_retail_Marcella,2017-12-20,gradient_boosting,14.094250000000002,42.6104,0.0,False,False,0,4.225,40.1664,0.0
Wolf_retail_Marcella,2017-12-20,perfect_foresight,14.094250000000002,42.6104,0.0,False,False,0,4.225,40.1664,0.0
Wolf_retail_Marcella,2017-12-21,previous_day,14.094250000000002,39.87735000000001,0.0,False,False,0,4.1775,37.43335,0.0
Wolf_retail_Marcella,2017-12-21,previous_week,14.094250000000002,39.87735000000001,0.0,False,False,0,4.1775,37.43035,0.0
Wolf_retail_Marcella,2017-12-21,ridge,14.094250000000002,39.87735000000001,0.0,False,False,0,4.1775,37.43335,0.0
Wolf_retail_Marcella,2017-12-21,gradient_boosting,14.094250000000002,39.87735000000001,0.0,False,False,0,4.1775,37.43335,0.0
Wolf_retail_Marcella,2017-12-21,perfect_foresight,14.094250000000002,39.87735000000001,0.0,False,False,0,4.1775,37.43335,0.0
Wolf_retail_Marcella,2017-12-22,previous_day,14.094250000000002,42.184000000000005,0.0,False,False,0,4.2075,39.740000000000016,0.0
Wolf_retail_Marcella,2017-12-22,previous_week,14.094250000000002,42.184000000000005,0.0,False,False,0,4.2075,39.74000000000001,0.0
Wolf_retail_Marcella,2017-12-22,ridge,14.094250000000002,42.184000000000005,0.0,False,False,0,4.2075,39.740000000000016,0.0
Wolf_retail_Marcella,2017-12-22,gradient_boosting,14.094250000000002,42.184000000000005,0.0,False,False,0,4.2075,39.740000000000016,0.0
Wolf_retail_Marcella,2017-12-22,perfect_foresight,14.094250000000002,42.184000000000005,0.0,False,False,0,4.2075,39.740000000000016,0.0
Wolf_retail_Marcella,2017-12-23,previous_day,14.094250000000002,20.293400000000002,0.0,False,True,3,-1.085,,
Wolf_retail_Marcella,2017-12-23,previous_week,14.094250000000002,20.293400000000002,0.0,False,True,3,-0.9725000000000001,,
Wolf_retail_Marcella,2017-12-23,ridge,14.094250000000002,20.293400000000002,0.0,False,True,3,-1.085,,
Wolf_retail_Marcella,2017-12-23,gradient_boosting,14.094250000000002,20.293400000000002,0.0,False,False,0,0.11500000000000021,17.8494,0.0
Wolf_retail_Marcella,2017-12-23,perfect_foresight,14.094250000000002,20.293400000000002,0.0,False,False,0,-0.004999999999999893,17.85165,0.0
Wolf_retail_Marcella,2017-12-24,previous_day,14.094250000000002,20.0284,0.0,False,True,3,-0.2749999999999999,,
Wolf_retail_Marcella,2017-12-24,previous_week,14.094250000000002,20.0284,0.0,False,True,3,-0.2150000000000003,,
Wolf_retail_Marcella,2017-12-24,ridge,14.094250000000002,20.0284,0.0,False,True,3,-1.185,,
Wolf_retail_Marcella,2017-12-24,gradient_boosting,14.094250000000002,20.0284,0.0,False,True,3,-0.6050000000000004,,
Wolf_retail_Marcella,2017-12-24,perfect_foresight,14.094250000000002,20.0284,0.0,False,False,0,-0.0024999999999999467,17.588150000000002,0.0
Wolf_retail_Marcella,2017-12-25,previous_day,14.094250000000002,24.56,0.0,False,False,0,0.895,22.119,0.0
Wolf_retail_Marcella,2017-12-25,previous_week,14.094250000000002,24.56,0.0,False,True,2,-0.29499999999999993,,
Wolf_retail_Marcella,2017-12-25,ridge,14.094250000000002,24.56,0.0,False,True,2,-0.29499999999999993,,
Wolf_retail_Marcella,2017-12-25,gradient_boosting,14.094250000000002,24.56,0.0,False,True,2,-0.29499999999999993,,
Wolf_retail_Marcella,2017-12-25,perfect_foresight,14.094250000000002,24.56,0.0,False,False,0,-0.004999999999999893,22.116000000000003,0.0
Wolf_retail_Marcella,2017-12-26,previous_day,14.094250000000002,36.070699999999995,0.0,False,False,0,3.579999999999999,33.6237,0.0
Wolf_retail_Marcella,2017-12-26,previous_week,14.094250000000002,36.070699999999995,0.0,False,False,0,3.289999999999999,33.6267,0.0
Wolf_retail_Marcella,2017-12-26,ridge,14.094250000000002,36.070699999999995,0.0,False,False,0,3.289999999999999,33.6267,0.0
Wolf_retail_Marcella,2017-12-26,gradient_boosting,14.094250000000002,36.070699999999995,0.0,False,False,0,3.289999999999999,33.6267,0.0
Wolf_retail_Marcella,2017-12-26,perfect_foresight,14.094250000000002,36.070699999999995,0.0,False,False,0,3.289999999999999,33.6267,0.0
Wolf_retail_Marcella,2017-12-27,previous_day,14.094250000000002,36.5689,0.0,False,False,0,3.3450000000000006,34.1249,0.0
Wolf_retail_Marcella,2017-12-27,previous_week,14.094250000000002,36.5689,0.0,False,False,0,3.3450000000000006,34.1249,0.0
Wolf_retail_Marcella,2017-12-27,ridge,14.094250000000002,36.5689,0.0,False,False,0,3.3450000000000006,34.1249,0.0
Wolf_retail_Marcella,2017-12-27,gradient_boosting,14.094250000000002,36.5689,0.0,False,False,0,3.3450000000000006,34.1249,0.0
Wolf_retail_Marcella,2017-12-27,perfect_foresight,14.094250000000002,36.5689,0.0,False,False,0,3.3450000000000006,34.1249,0.0
Wolf_retail_Marcella,2017-12-28,previous_day,14.094250000000002,47.235549999999996,0.0,False,False,0,4.3825,44.79155,0.0
Wolf_retail_Marcella,2017-12-28,previous_week,14.094250000000002,47.235549999999996,0.0,False,False,0,4.3825,44.79155,0.0
Wolf_retail_Marcella,2017-12-28,ridge,14.094250000000002,47.235549999999996,0.0,False,False,0,4.3825,44.79155,0.0
Wolf_retail_Marcella,2017-12-28,gradient_boosting,14.094250000000002,47.235549999999996,0.0,False,False,0,4.3825,44.79155,0.0
Wolf_retail_Marcella,2017-12-28,perfect_foresight,14.094250000000002,47.235549999999996,0.0,False,False,0,4.3825,44.79155,0.0
Wolf_retail_Marcella,2017-12-29,previous_day,14.094250000000002,45.78665,0.0,False,False,0,5.005,43.34265,0.0
Wolf_retail_Marcella,2017-12-29,previous_week,14.094250000000002,45.78665,0.0,False,False,0,5.005,43.34265,0.0
Wolf_retail_Marcella,2017-12-29,ridge,14.094250000000002,45.78665,0.0,False,False,0,5.005,43.34265,0.0
Wolf_retail_Marcella,2017-12-29,gradient_boosting,14.094250000000002,45.78665,0.0,False,False,0,5.005,43.34265,0.0
Wolf_retail_Marcella,2017-12-29,perfect_foresight,14.094250000000002,45.78665,0.0,False,False,0,5.005,43.34265,0.0
Wolf_retail_Marcella,2017-12-30,previous_day,14.094250000000002,23.70295,0.0,False,True,2,-0.5549999999999997,,
Wolf_retail_Marcella,2017-12-30,previous_week,14.094250000000002,23.70295,0.0,False,False,0,0.5200000000000005,21.258950000000006,0.0
Wolf_retail_Marcella,2017-12-30,ridge,14.094250000000002,23.70295,0.0,False,True,2,-0.5549999999999997,,
Wolf_retail_Marcella,2017-12-30,gradient_boosting,14.094250000000002,23.70295,0.0,False,True,2,-0.5549999999999997,,
Wolf_retail_Marcella,2017-12-30,perfect_foresight,14.094250000000002,23.70295,0.0,False,False,0,-0.004999999999999893,21.258950000000006,0.0
Wolf_retail_Marcella,2017-12-31,previous_day,14.094250000000002,23.910600000000002,0.0,False,True,2,-0.29000000000000004,,
Wolf_retail_Marcella,2017-12-31,previous_week,14.094250000000002,23.910600000000002,0.0,False,False,0,0.6074999999999995,21.469600000000003,0.0
Wolf_retail_Marcella,2017-12-31,ridge,14.094250000000002,23.910600000000002,0.0,False,True,3,-0.5425000000000004,,
Wolf_retail_Marcella,2017-12-31,gradient_boosting,14.094250000000002,23.910600000000002,0.0,False,True,3,-0.5425000000000004,,
Wolf_retail_Marcella,2017-12-31,perfect_foresight,14.094250000000002,23.910600000000002,0.0,False,False,0,-0.002500000000000391,21.467350000000003,0.0
Panther_retail_Lester,2017-01-01,previous_day,12.4824,7.949079999999998,0.0,False,True,3,-4.2979,,
Panther_retail_Lester,2017-01-01,previous_week,12.4824,7.949079999999998,0.0,False,True,4,-1.7877,,
Panther_retail_Lester,2017-01-01,ridge,12.4824,7.949079999999998,0.0,False,True,5,-1.9979000000000002,,
Panther_retail_Lester,2017-01-01,gradient_boosting,12.4824,7.949079999999998,0.0,False,True,3,-3.4179000000000004,,
Panther_retail_Lester,2017-01-01,perfect_foresight,12.4824,7.949079999999998,0.0,False,False,0,-0.0037999999999999146,5.73804,0.0
Panther_retail_Lester,2017-01-02,previous_day,12.4824,13.763656000000003,0.0,False,False,0,0.8023,11.550656000000002,0.0
Panther_retail_Lester,2017-01-02,previous_week,12.4824,13.763656000000003,0.0,False,True,1,-0.5815000000000001,,
Panther_retail_Lester,2017-01-02,ridge,12.4824,13.763656000000003,0.0,False,False,0,0.6385000000000001,11.410656000000003,0.0
Panther_retail_Lester,2017-01-02,gradient_boosting,12.4824,13.763656000000003,0.0,False,False,0,0.0884999999999998,11.319656000000002,0.0
Panther_retail_Lester,2017-01-02,perfect_foresight,12.4824,13.763656000000003,0.0,False,False,0,-0.004400000000000404,11.318426000000002,0.0
Panther_retail_Lester,2017-01-03,previous_day,12.4824,17.542732,0.0,False,True,1,-0.02909999999999968,,
Panther_retail_Lester,2017-01-03,previous_week,12.4824,17.542732,0.0,False,True,1,-0.17419999999999947,,
Panther_retail_Lester,2017-01-03,ridge,12.4824,17.542732,0.0,False,False,0,0.6809000000000003,15.098732000000004,0.0
Panther_retail_Lester,2017-01-03,gradient_boosting,12.4824,17.542732,0.0,False,False,0,0.7958000000000003,15.098732000000004,0.0
Panther_retail_Lester,2017-01-03,perfect_foresight,12.4824,17.542732,0.0,False,False,0,-0.0041999999999999815,15.097322000000004,0.0
Panther_retail_Lester,2017-01-04,previous_day,12.4824,13.771507999999999,0.0,False,True,3,-0.9421999999999997,,
Panther_retail_Lester,2017-01-04,previous_week,12.4824,13.771507999999999,0.0,False,True,2,-0.5721999999999996,,
Panther_retail_Lester,2017-01-04,ridge,12.4824,13.771507999999999,0.0,False,True,2,-0.47239999999999993,,
Panther_retail_Lester,2017-01-04,gradient_boosting,12.4824,13.771507999999999,0.0,False,True,2,-0.4323999999999999,,
Panther_retail_Lester,2017-01-04,perfect_foresight,12.4824,13.771507999999999,0.0,False,False,0,-0.0041999999999999815,11.327148,0.0
Panther_retail_Lester,2017-01-05,previous_day,12.4824,8.743294,0.0,False,True,4,-2.5146999999999995,,
Panther_retail_Lester,2017-01-05,previous_week,12.4824,8.743294,0.0,False,True,4,-2.2617,,
Panther_retail_Lester,2017-01-05,ridge,12.4824,8.743294,0.0,False,True,4,-1.7947,,
Panther_retail_Lester,2017-01-05,gradient_boosting,12.4824,8.743294,0.0,False,True,4,-1.9347,,
Panther_retail_Lester,2017-01-05,perfect_foresight,12.4824,8.743294,0.0,False,False,0,-0.0047000000000001485,6.381964000000001,0.0
Panther_retail_Lester,2017-01-06,previous_day,12.4824,8.267346,0.0,False,True,3,-1.8897000000000002,,
Panther_retail_Lester,2017-01-06,previous_week,12.4824,8.267346,0.0,False,True,5,-1.5836999999999999,,
Panther_retail_Lester,2017-01-06,ridge,12.4824,8.267346,0.0,False,True,5,-1.2897,,
Panther_retail_Lester,2017-01-06,gradient_boosting,12.4824,8.267346,0.0,False,True,4,-1.2396999999999998,,
Panther_retail_Lester,2017-01-06,perfect_foresight,12.4824,8.267346,0.0,False,False,0,-0.0043999999999999595,6.120186,0.0
Panther_retail_Lester,2017-01-07,previous_day,12.4824,7.692382,0.0,False,True,3,-1.7507,,
Panther_retail_Lester,2017-01-07,previous_week,12.4824,7.692382,0.0,False,True,1,-3.0506,,
Panther_retail_Lester,2017-01-07,ridge,12.4824,7.692382,0.0,False,True,5,-1.2807000000000002,,
Panther_retail_Lester,2017-01-07,gradient_boosting,12.4824,7.692382,0.0,False,True,6,-1.0007,,
Panther_retail_Lester,2017-01-07,perfect_foresight,12.4824,7.692382,0.0,False,False,0,-0.0047000000000001485,5.753042000000001,0.0
Panther_retail_Lester,2017-01-08,previous_day,12.4824,23.091764,0.0,False,False,0,0.6871,21.148764000000003,0.0
Panther_retail_Lester,2017-01-08,previous_week,12.4824,23.091764,0.0,False,False,0,0.6871,20.878764,0.0
Panther_retail_Lester,2017-01-08,ridge,12.4824,23.091764,0.0,False,False,0,0.6871,20.832764000000005,0.0
Panther_retail_Lester,2017-01-08,gradient_boosting,12.4824,23.091764,0.0,False,False,0,0.6871,20.900764000000002,0.0
Panther_retail_Lester,2017-01-08,perfect_foresight,12.4824,23.091764,0.0,False,False,0,0.0019999999999997797,20.647764000000002,0.0
Panther_retail_Lester,2017-01-09,previous_day,12.4824,18.765801999999997,0.0,False,True,2,-3.4907,,
Panther_retail_Lester,2017-01-09,previous_week,12.4824,18.765801999999997,0.0,False,True,3,-3.4907,,
Panther_retail_Lester,2017-01-09,ridge,12.4824,18.765801999999997,0.0,False,True,3,-3.4907,,
Panther_retail_Lester,2017-01-09,gradient_boosting,12.4824,18.765801999999997,0.0,False,True,2,-3.4907,,
Panther_retail_Lester,2017-01-09,perfect_foresight,12.4824,18.765801999999997,0.0,False,False,0,-0.0026999999999999247,16.559842,0.0
Panther_retail_Lester,2017-01-10,previous_day,12.4824,10.788056000000001,0.0,False,True,1,-3.4757,,
Panther_retail_Lester,2017-01-10,previous_week,12.4824,10.788056000000001,0.0,False,True,3,-3.4767,,
Panther_retail_Lester,2017-01-10,ridge,12.4824,10.788056000000001,0.0,False,True,5,-2.5256999999999996,,
Panther_retail_Lester,2017-01-10,gradient_boosting,12.4824,10.788056000000001,0.0,False,True,6,-2.1456999999999997,,
Panther_retail_Lester,2017-01-10,perfect_foresight,12.4824,10.788056000000001,0.0,False,False,0,0.00029999999999996696,8.928055999999998,0.000600000000000378
Panther_retail_Lester,2017-01-11,previous_day,12.4824,6.720915999999999,0.0,False,True,1,-3.4617,,
Panther_retail_Lester,2017-01-11,previous_week,12.4824,6.720915999999999,0.0,False,True,4,-2.5187,,
Panther_retail_Lester,2017-01-11,ridge,12.4824,6.720915999999999,0.0,False,True,7,-1.2017000000000002,,
Panther_retail_Lester,2017-01-11,gradient_boosting,12.4824,6.720915999999999,0.0,False,True,6,-1.2317,,
Panther_retail_Lester,2017-01-11,perfect_foresight,12.4824,6.720915999999999,0.0,False,False,0,-0.0047000000000001485,4.849316,0.0
Panther_retail_Lester,2017-01-12,previous_day,12.4824,6.895563999999999,0.0,False,True,2,-0.036699999999999955,,
Panther_retail_Lester,2017-01-12,previous_week,12.4824,6.895563999999999,0.0,False,True,3,-1.8947,,
Panther_retail_Lester,2017-01-12,ridge,12.4824,6.895563999999999,0.0,False,True,5,-0.4607000000000001,,
Panther_retail_Lester,2017-01-12,gradient_boosting,12.4824,6.895563999999999,0.0,False,True,6,-0.6447,,
Panther_retail_Lester,2017-01-12,perfect_foresight,12.4824,6.895563999999999,0.0,False,False,0,-0.0046999999999999265,4.917234,0.0
Panther_retail_Lester,2017-01-13,previous_day,12.4824,8.028354,0.0,False,True,1,-0.5056000000000003,,
Panther_retail_Lester,2017-01-13,previous_week,12.4824,8.028354,0.0,False,True,3,-1.7826999999999997,,
Panther_retail_Lester,2017-01-13,ridge,12.4824,8.028354,0.0,False,True,3,-0.5726999999999998,,
Panther_retail_Lester,2017-01-13,gradient_boosting,12.4824,8.028354,0.0,False,True,4,-0.5917000000000001,,
Panther_retail_Lester,2017-01-13,perfect_foresight,12.4824,8.028354,0.0,False,False,0,-0.0044999999999997264,5.800023999999999,0.0
Panther_retail_Lester,2017-01-14,previous_day,12.4824,7.84999,0.0,False,True,4,-1.1027000000000002,,
Panther_retail_Lester,2017-01-14,previous_week,12.4824,7.84999,0.0,False,True,5,-0.5277000000000001,,
Panther_retail_Lester,2017-01-14,ridge,12.4824,7.84999,0.0,False,True,4,-0.9457,,
Panther_retail_Lester,2017-01-14,gradient_boosting,12.4824,7.84999,0.0,False,True,4,-1.6327,,
Panther_retail_Lester,2017-01-14,perfect_foresight,12.4824,7.84999,0.0,False,False,0,-0.0037000000000000366,5.746689999999999,0.0
Panther_retail_Lester,2017-01-15,previous_day,12.4824,7.1352079999999996,0.0,False,True,6,-1.1506999999999998,,
Panther_retail_Lester,2017-01-15,previous_week,12.4824,7.1352079999999996,0.0,False,True,3,-3.5397,,
Panther_retail_Lester,2017-01-15,ridge,12.4824,7.1352079999999996,0.0,False,True,4,-1.4307,,
Panther_retail_Lester,2017-01-15,gradient_boosting,12.4824,7.1352079999999996,0.0,False,True,4,-1.1497,,
Panther_retail_Lester,2017-01-15,perfect_foresight,12.4824,7.1352079999999996,0.0,False,False,0,-0.0049000000000000155,4.989547999999999,0.0
Panther_retail_Lester,2017-01-16,previous_day,12.4824,8.796798,0.0,False,True,2,-0.9506999999999999,,
Panther_retail_Lester,2017-01-16,previous_week,12.4824,8.796798,0.0,False,True,2,-3.5307,,
Panther_retail_Lester,2017-01-16,ridge,12.4824,8.796798,0.0,False,True,3,-0.7606999999999999,,
Panther_retail_Lester,2017-01-16,gradient_boosting,12.4824,8.796798,0.0,False,True,2,-1.3906999999999998,,
Panther_retail_Lester,2017-01-16,perfect_foresight,12.4824,8.796798,0.0,False,False,0,-0.0043999999999999595,6.352498000000001,0.0
Panther_retail_Lester,2017-01-17,previous_day,12.4824,8.328356,0.0,False,True,4,-1.4103999999999997,,
Panther_retail_Lester,2017-01-17,previous_week,12.4824,8.328356,0.0,False,True,3,-3.5387,,
Panther_retail_Lester,2017-01-17,ridge,12.4824,8.328356,0.0,False,True,5,-0.5626000000000002,,
Panther_retail_Lester,2017-01-17,gradient_boosting,12.4824,8.328356,0.0,False,True,5,-0.6067,,
Panther_retail_Lester,2017-01-17,perfect_foresight,12.4824,8.328356,0.0,False,False,0,-0.0026000000000001577,6.111516,0.0
Panther_retail_Lester,2017-01-18,previous_day,12.4824,10.591222,0.0,False,False,0,-0.010699999999999932,8.374362,0.0
Panther_retail_Lester,2017-01-18,previous_week,12.4824,10.591222,0.0,False,True,2,-0.0907,,
Panther_retail_Lester,2017-01-18,ridge,12.4824,10.591222,0.0,False,True,1,-0.4537,,
Panther_retail_Lester,2017-01-18,gradient_boosting,12.4824,10.591222,0.0,False,True,2,-0.5237,,
Panther_retail_Lester,2017-01-18,perfect_foresight,12.4824,10.591222,0.0,False,False,0,-0.0037000000000000366,8.150312,0.0
Panther_retail_Lester,2017-01-19,previous_day,12.4824,10.947632,0.0,False,True,1,-1.1006,,
Panther_retail_Lester,2017-01-19,previous_week,12.4824,10.947632,0.0,False,True,2,-0.03269999999999995,,
Panther_retail_Lester,2017-01-19,ridge,12.4824,10.947632,0.0,False,True,1,-0.6406000000000001,,
Panther_retail_Lester,2017-01-19,gradient_boosting,12.4824,10.947632,0.0,False,True,2,-0.16060000000000008,,
Panther_retail_Lester,2017-01-19,perfect_foresight,12.4824,10.947632,0.0,False,False,0,-0.0024999999999999467,8.502702000000001,0.0
Panther_retail_Lester,2017-01-20,previous_day,12.4824,11.894543999999998,0.0,False,True,3,-0.6633,,
Panther_retail_Lester,2017-01-20,previous_week,12.4824,11.894543999999998,0.0,False,True,2,-0.15249999999999986,,
Panther_retail_Lester,2017-01-20,ridge,12.4824,11.894543999999998,0.0,False,True,1,-0.22660000000000036,,
Panther_retail_Lester,2017-01-20,gradient_boosting,12.4824,11.894543999999998,0.0,False,True,1,-0.36660000000000004,,
Panther_retail_Lester,2017-01-20,perfect_foresight,12.4824,11.894543999999998,0.0,False,False,0,-0.0032999999999998586,9.452644,0.0
Panther_retail_Lester,2017-01-21,previous_day,12.4824,12.815024000000001,0.0,False,True,2,-0.9677,,
Panther_retail_Lester,2017-01-21,previous_week,12.4824,12.815024000000001,0.0,False,True,2,-0.3377000000000001,,
Panther_retail_Lester,2017-01-21,ridge,12.4824,12.815024000000001,0.0,False,True,1,-0.9777000000000002,,
Panther_retail_Lester,2017-01-21,gradient_boosting,12.4824,12.815024000000001,0.0,False,True,1,-0.8577000000000001,,
Panther_retail_Lester,2017-01-21,perfect_foresight,12.4824,12.815024000000001,0.0,False,False,0,-0.0024000000000001798,10.372104,0.0
Panther_retail_Lester,2017-01-22,previous_day,12.4824,14.87229,0.0,False,True,1,-0.18430000000000035,,
Panther_retail_Lester,2017-01-22,previous_week,12.4824,14.87229,0.0,False,False,0,0.1884999999999999,12.725290000000001,0.0
Panther_retail_Lester,2017-01-22,ridge,12.4824,14.87229,0.0,False,False,0,0.5057,12.42529,0.0
Panther_retail_Lester,2017-01-22,gradient_boosting,12.4824,14.87229,0.0,False,False,0,0.7056999999999998,12.42829,0.0
Panther_retail_Lester,2017-01-22,perfect_foresight,12.4824,14.87229,0.0,False,False,0,-0.0043000000000001926,12.42763,0.0
Panther_retail_Lester,2017-01-23,previous_day,12.4824,7.05323,0.0,False,True,4,-2.4457,,
Panther_retail_Lester,2017-01-23,previous_week,12.4824,7.05323,0.0,False,True,5,-1.8024999999999998,,
Panther_retail_Lester,2017-01-23,ridge,12.4824,7.05323,0.0,False,True,4,-2.4867,,
Panther_retail_Lester,2017-01-23,gradient_boosting,12.4824,7.05323,0.0,False,True,4,-2.8556999999999997,,
Panther_retail_Lester,2017-01-23,perfect_foresight,12.4824,7.05323,0.0,False,False,0,-0.0036999999999998145,5.05021,0.0
Panther_retail_Lester,2017-01-24,previous_day,12.4824,5.8634319999999995,0.0,False,True,4,-0.9906999999999999,,
Panther_retail_Lester,2017-01-24,previous_week,12.4824,5.8634319999999995,0.0,False,True,4,-1.3807,,
Panther_retail_Lester,2017-01-24,ridge,12.4824,5.8634319999999995,0.0,False,True,6,-1.1107,,
Panther_retail_Lester,2017-01-24,gradient_boosting,12.4824,5.8634319999999995,0.0,False,True,8,-0.8107000000000002,,
Panther_retail_Lester,2017-01-24,perfect_foresight,12.4824,5.8634319999999995,0.0,False,False,0,-0.0037000000000000366,4.056252,0.0
Panther_retail_Lester,2017-01-25,previous_day,12.4824,6.794544,0.0,False,False,0,-0.006699999999999928,4.987964,0.0
Panther_retail_Lester,2017-01-25,previous_week,12.4824,6.794544,0.0,False,True,5,-2.2677,,
Panther_retail_Lester,2017-01-25,ridge,12.4824,6.794544,0.0,False,True,6,-0.6997,,
Panther_retail_Lester,2017-01-25,gradient_boosting,12.4824,6.794544,0.0,False,True,6,-0.6786999999999999,,
Panther_retail_Lester,2017-01-25,perfect_foresight,12.4824,6.794544,0.0,False,False,0,-0.0046999999999999265,4.984953999999999,0.0
Panther_retail_Lester,2017-01-26,previous_day,12.4824,11.203066,0.0,False,True,2,-1.4127,,
Panther_retail_Lester,2017-01-26,previous_week,12.4824,11.203066,0.0,False,True,2,-1.0027,,
Panther_retail_Lester,2017-01-26,ridge,12.4824,11.203066,0.0,False,True,1,-0.39270000000000005,,
Panther_retail_Lester,2017-01-26,gradient_boosting,12.4824,11.203066,0.0,False,True,3,-0.9327000000000001,,
Panther_retail_Lester,2017-01-26,perfect_foresight,12.4824,11.203066,0.0,False,False,0,-0.0032000000000000917,8.760926000000001,0.0
Panther_retail_Lester,2017-01-27,previous_day,12.4824,6.525976,0.0,False,True,4,-2.4987000000000004,,
Panther_retail_Lester,2017-01-27,previous_week,12.4824,6.525976,0.0,False,True,5,-2.7486999999999995,,
Panther_retail_Lester,2017-01-27,ridge,12.4824,6.525976,0.0,False,True,5,-1.7287000000000001,,
Panther_retail_Lester,2017-01-27,gradient_boosting,12.4824,6.525976,0.0,False,True,6,-1.4486999999999999,,
Panther_retail_Lester,2017-01-27,perfect_foresight,12.4824,6.525976,0.0,False,False,0,-0.0037000000000000366,4.697296000000001,0.0
Panther_retail_Lester,2017-01-28,previous_day,12.4824,13.064896,0.0,False,False,0,-0.00770000000000004,11.237206,0.0
Panther_retail_Lester,2017-01-28,previous_week,12.4824,13.064896,0.0,False,True,3,-1.7877,,
Panther_retail_Lester,2017-01-28,ridge,12.4824,13.064896,0.0,False,True,2,-0.9097,,
Panther_retail_Lester,2017-01-28,gradient_boosting,12.4824,13.064896,0.0,False,True,2,-0.22970000000000002,,
Panther_retail_Lester,2017-01-28,perfect_foresight,12.4824,13.064896,0.0,False,False,0,0.00029999999999996696,10.623896,0.0
Panther_retail_Lester,2017-01-29,previous_day,12.4824,17.305206,0.0,False,False,0,0.6251,14.864206000000001,0.0
Panther_retail_Lester,2017-01-29,previous_week,12.4824,17.305206,0.0,False,True,1,-0.8882000000000003,,
Panther_retail_Lester,2017-01-29,ridge,12.4824,17.305206,0.0,False,False,0,0.6251,14.861206,0.0
Panther_retail_Lester,2017-01-29,gradient_boosting,12.4824,17.305206,0.0,False,False,0,0.21610000000000001,14.922206,0.0
Panther_retail_Lester,2017-01-29,perfect_foresight,12.4824,17.305206,0.0,False,False,0,0.0017999999999998018,14.861206,0.0
Panther_retail_Lester,2017-01-30,previous_day,12.4824,14.657998000000001,0.0,False,True,2,-3.3247,,
Panther_retail_Lester,2017-01-30,previous_week,12.4824,14.657998000000001,0.0,False,True,3,-0.9286999999999999,,
Panther_retail_Lester,2017-01-30,ridge,12.4824,14.657998000000001,0.0,False,True,3,-2.4937,,
Panther_retail_Lester,2017-01-30,gradient_boosting,12.4824,14.657998000000001,0.0,False,True,3,-2.8947000000000003,,
Panther_retail_Lester,2017-01-30,perfect_foresight,12.4824,14.657998000000001,0.0,False,False,0,-0.0046999999999999265,12.447328,0.0
Panther_retail_Lester,2017-01-31,previous_day,12.4824,12.932738,0.0,False,True,5,-1.0562,,
Panther_retail_Lester,2017-01-31,previous_week,12.4824,12.932738,0.0,False,False,0,0.021300000000000097,11.122738000000002,3.548700000000002
Panther_retail_Lester,2017-01-31,ridge,12.4824,12.932738,0.0,False,True,5,-0.8686999999999998,,
Panther_retail_Lester,2017-01-31,gradient_boosting,12.4824,12.932738,0.0,False,True,5,-0.7307000000000001,,
Panther_retail_Lester,2017-01-31,perfect_foresight,12.4824,12.932738,0.0,False,False,0,-0.0037000000000000366,10.861058000000002,0.0
Panther_retail_Lester,2017-02-01,previous_day,12.4824,9.483656000000003,0.0,False,True,2,-2.4587,,
Panther_retail_Lester,2017-02-01,previous_week,12.4824,9.483656000000003,0.0,False,False,0,0.01330000000000009,7.672655999999999,0.06509999999999927
Panther_retail_Lester,2017-02-01,ridge,12.4824,9.483656000000003,0.0,False,True,6,-1.1486999999999998,,
Panther_retail_Lester,2017-02-01,gradient_boosting,12.4824,9.483656000000003,0.0,False,True,6,-1.1787,,
Panther_retail_Lester,2017-02-01,perfect_foresight,12.4824,9.483656000000003,0.0,False,False,0,-0.0046999999999999265,7.659285999999998,0.0
Panther_retail_Lester,2017-02-02,previous_day,12.4824,7.346276000000001,0.0,False,True,1,-0.021700000000000053,,
Panther_retail_Lester,2017-02-02,previous_week,12.4824,7.346276000000001,0.0,False,True,4,-2.5197000000000003,,
Panther_retail_Lester,2017-02-02,ridge,12.4824,7.346276000000001,0.0,False,True,6,-0.5946999999999998,,
Panther_retail_Lester,2017-02-02,gradient_boosting,12.4824,7.346276000000001,0.0,False,True,6,-0.4646999999999999,,
Panther_retail_Lester,2017-02-02,perfect_foresight,12.4824,7.346276000000001,0.0,False,False,0,-0.0046999999999999265,5.525606000000001,0.0
Panther_retail_Lester,2017-02-03,previous_day,12.4824,7.546154,0.0,False,True,4,-3.5397,,
Panther_retail_Lester,2017-02-03,previous_week,12.4824,7.546154,0.0,False,True,5,-0.048699999999999966,,
Panther_retail_Lester,2017-02-03,ridge,12.4824,7.546154,0.0,False,True,3,-1.3297,,
Panther_retail_Lester,2017-02-03,gradient_boosting,12.4824,7.546154,0.0,False,True,4,-0.8596999999999999,,
Panther_retail_Lester,2017-02-03,perfect_foresight,12.4824,7.546154,0.0,False,False,0,-0.0044999999999997264,5.440384000000001,0.0
Panther_retail_Lester,2017-02-04,previous_day,12.4824,7.016504,0.0,False,True,2,-1.1806999999999999,,
Panther_retail_Lester,2017-02-04,previous_week,12.4824,7.016504,0.0,False,True,3,-2.3985,,
Panther_retail_Lester,2017-02-04,ridge,12.4824,7.016504,0.0,False,True,6,-1.1507,,
Panther_retail_Lester,2017-02-04,gradient_boosting,12.4824,7.016504,0.0,False,True,5,-1.6806999999999999,,
Panther_retail_Lester,2017-02-04,perfect_foresight,12.4824,7.016504,0.0,False,False,0,-0.0037000000000000366,4.988174,0.0
Panther_retail_Lester,2017-02-05,previous_day,12.4824,6.668106,0.0,False,True,5,-0.8319,,
Panther_retail_Lester,2017-02-05,previous_week,12.4824,6.668106,0.0,False,True,3,-3.5557,,
Panther_retail_Lester,2017-02-05,ridge,12.4824,6.668106,0.0,False,True,5,-0.9037000000000002,,
Panther_retail_Lester,2017-02-05,gradient_boosting,12.4824,6.668106,0.0,False,True,6,-0.9219,,
Panther_retail_Lester,2017-02-05,perfect_foresight,12.4824,6.668106,0.0,False,False,0,-0.0037000000000000366,4.578856,0.0
Panther_retail_Lester,2017-02-06,previous_day,12.4824,6.476692,0.0,False,True,2,-1.4146999999999998,,
Panther_retail_Lester,2017-02-06,previous_week,12.4824,6.476692,0.0,False,True,7,-3.5227,,
Panther_retail_Lester,2017-02-06,ridge,12.4824,6.476692,0.0,False,True,6,-1.0646999999999998,,
Panther_retail_Lester,2017-02-06,gradient_boosting,12.4824,6.476692,0.0,False,True,6,-1.5836999999999999,,
Panther_retail_Lester,2017-02-06,perfect_foresight,12.4824,6.476692,0.0,False,False,0,-0.0046999999999999265,4.654262,0.0
Panther_retail_Lester,2017-02-07,previous_day,12.4824,10.185958000000001,0.0,False,True,2,-0.06370000000000009,,
Panther_retail_Lester,2017-02-07,previous_week,12.4824,10.185958000000001,0.0,False,True,2,-2.5237,,
Panther_retail_Lester,2017-02-07,ridge,12.4824,10.185958000000001,0.0,False,True,1,-0.4237000000000002,,
Panther_retail_Lester,2017-02-07,gradient_boosting,12.4824,10.185958000000001,0.0,False,True,2,-0.5537000000000001,,
Panther_retail_Lester,2017-02-07,perfect_foresight,12.4824,10.185958000000001,0.0,False,False,0,-0.0037000000000000366,7.746067999999999,0.0
Panther_retail_Lester,2017-02-08,previous_day,12.4824,12.488307999999998,0.0,False,True,3,-0.6393,,
Panther_retail_Lester,2017-02-08,previous_week,12.4824,12.488307999999998,0.0,False,True,1,-3.5037000000000003,,
Panther_retail_Lester,2017-02-08,ridge,12.4824,12.488307999999998,0.0,False,False,0,0.21850000000000014,10.049308,0.0
Panther_retail_Lester,2017-02-08,gradient_boosting,12.4824,12.488307999999998,0.0,False,True,1,-0.3214999999999999,,
Panther_retail_Lester,2017-02-08,perfect_foresight,12.4824,12.488307999999998,0.0,False,False,0,-0.0015000000000000568,10.044908,0.0
Panther_retail_Lester,2017-02-09,previous_day,12.4824,13.892914000000003,0.0,False,True,1,-0.3853000000000004,,
Panther_retail_Lester,2017-02-09,previous_week,12.4824,13.892914000000003,0.0,False,True,1,-3.2877,,
Panther_retail_Lester,2017-02-09,ridge,12.4824,13.892914000000003,0.0,False,False,0,0.3437000000000001,11.445914,0.0
Panther_retail_Lester,2017-02-09,gradient_boosting,12.4824,13.892914000000003,0.0,False,False,0,0.6037000000000003,11.451914,0.0
Panther_retail_Lester,2017-02-09,perfect_foresight,12.4824,13.892914000000003,0.0,False,False,0,-0.0013000000000000789,11.449304,0.0
Panther_retail_Lester,2017-02-10,previous_day,12.4824,5.955503999999999,0.0,False,True,4,-3.5217,,
Panther_retail_Lester,2017-02-10,previous_week,12.4824,5.955503999999999,0.0,False,True,3,-1.1977,,
Panther_retail_Lester,2017-02-10,ridge,12.4824,5.955503999999999,0.0,False,True,5,-2.1117,,
Panther_retail_Lester,2017-02-10,gradient_boosting,12.4824,5.955503999999999,0.0,False,True,4,-2.4517,,
Panther_retail_Lester,2017-02-10,perfect_foresight,12.4824,5.955503999999999,0.0,False,False,0,-0.0046999999999999265,4.123774,0.0
Panther_retail_Lester,2017-02-11,previous_day,12.4824,7.311223999999999,0.0,False,True,4,-0.036699999999999955,,
Panther_retail_Lester,2017-02-11,previous_week,12.4824,7.311223999999999,0.0,False,True,2,-1.1537000000000002,,
Panther_retail_Lester,2017-02-11,ridge,12.4824,7.311223999999999,0.0,False,True,5,-0.9237000000000002,,
Panther_retail_Lester,2017-02-11,gradient_boosting,12.4824,7.311223999999999,0.0,False,True,7,-0.5666999999999998,,
Panther_retail_Lester,2017-02-11,perfect_foresight,12.4824,7.311223999999999,0.0,False,False,0,-0.0037000000000000366,5.300464,0.0
Panther_retail_Lester,2017-02-12,previous_day,12.4824,9.328544,0.0,False,True,3,-0.8449,,
Panther_retail_Lester,2017-02-12,previous_week,12.4824,9.328544,0.0,False,True,1,-0.022699999999999942,,
Panther_retail_Lester,2017-02-12,ridge,12.4824,9.328544,0.0,False,True,4,-0.6197000000000001,,
Panther_retail_Lester,2017-02-12,gradient_boosting,12.4824,9.328544,0.0,False,True,3,-0.7497,,
Panther_retail_Lester,2017-02-12,perfect_foresight,12.4824,9.328544,0.0,False,False,0,-0.0026999999999999247,6.883554,0.0
Panther_retail_Lester,2017-02-13,previous_day,12.4824,9.718728,0.0,False,True,2,-2.0596000000000005,,
Panther_retail_Lester,2017-02-13,previous_week,12.4824,9.718728,0.0,False,False,0,-0.014699999999999935,7.893948000000001,0.0
Panther_retail_Lester,2017-02-13,ridge,12.4824,9.718728,0.0,False,True,2,-0.7596000000000003,,
Panther_retail_Lester,2017-02-13,gradient_boosting,12.4824,9.718728,0.0,False,True,4,-1.4496000000000002,,
Panther_retail_Lester,2017-02-13,perfect_foresight,12.4824,9.718728,0.0,False,False,0,-0.0015000000000000568,7.279358000000001,0.0
Panther_retail_Lester,2017-02-17,previous_day,12.4824,7.076807999999999,0.0,False,True,1,-0.7257,,
Panther_retail_Lester,2017-02-17,previous_week,12.4824,7.076807999999999,0.0,False,True,2,-0.025700000000000056,,
Panther_retail_Lester,2017-02-17,ridge,12.4824,7.076807999999999,0.0,False,True,6,-0.9657000000000002,,
Panther_retail_Lester,2017-02-17,gradient_boosting,12.4824,7.076807999999999,0.0,False,True,7,-0.36570000000000014,,
Panther_retail_Lester,2017-02-17,perfect_foresight,12.4824,7.076807999999999,0.0,False,False,0,-0.0026999999999999247,5.254828,0.0
Panther_retail_Lester,2017-02-18,previous_day,12.4824,7.9768859999999995,0.0,False,True,3,-3.5377,,
Panther_retail_Lester,2017-02-18,previous_week,12.4824,7.9768859999999995,0.0,False,True,2,-0.8765000000000001,,
Panther_retail_Lester,2017-02-18,ridge,12.4824,7.9768859999999995,0.0,False,True,3,-0.9977,,
Panther_retail_Lester,2017-02-18,gradient_boosting,12.4824,7.9768859999999995,0.0,False,True,5,-0.5006999999999999,,
Panther_retail_Lester,2017-02-18,perfect_foresight,12.4824,7.9768859999999995,0.0,False,False,0,-0.0046999999999999265,5.872086,0.0
Panther_retail_Lester,2017-02-19,previous_day,12.4824,11.909392,0.0,False,True,1,-0.8339,,
Panther_retail_Lester,2017-02-19,previous_week,12.4824,11.909392,0.0,False,True,1,-0.5223000000000004,,
Panther_retail_Lester,2017-02-19,ridge,12.4824,11.909392,0.0,False,True,1,-0.21389999999999998,,
Panther_retail_Lester,2017-02-19,gradient_boosting,12.4824,11.909392,0.0,False,True,1,-0.42390000000000005,,
Panther_retail_Lester,2017-02-19,perfect_foresight,12.4824,11.909392,0.0,False,False,0,-0.0022999999999999687,9.466562000000001,0.0
Panther_retail_Lester,2017-02-20,previous_day,12.4824,11.702627999999999,0.0,False,True,1,-1.7877000000000003,,
Panther_retail_Lester,2017-02-20,previous_week,12.4824,11.702627999999999,0.0,False,True,2,-0.5776999999999999,,
Panther_retail_Lester,2017-02-20,ridge,12.4824,11.702627999999999,0.0,False,True,1,-1.2677000000000003,,
Panther_retail_Lester,2017-02-20,gradient_boosting,12.4824,11.702627999999999,0.0,False,True,2,-2.0277000000000003,,
Panther_retail_Lester,2017-02-20,perfect_foresight,12.4824,11.702627999999999,0.0,False,False,0,-0.0025999999999997137,9.259438,0.0
Panther_retail_Lester,2017-02-22,previous_day,12.4824,8.2257,0.0,False,True,3,-3.5387,,
Panther_retail_Lester,2017-02-22,previous_week,12.4824,8.2257,0.0,False,True,5,-2.1487,,
Panther_retail_Lester,2017-02-22,ridge,12.4824,8.2257,0.0,False,True,5,-2.3087,,
Panther_retail_Lester,2017-02-22,gradient_boosting,12.4824,8.2257,0.0,False,True,5,-1.6387,,
Panther_retail_Lester,2017-02-22,perfect_foresight,12.4824,8.2257,0.0,False,False,0,-0.0037000000000000366,6.154909999999999,0.0
Panther_retail_Lester,2017-02-23,previous_day,12.4824,13.639391999999999,0.0,False,True,1,-0.4986999999999999,,
Panther_retail_Lester,2017-02-23,previous_week,12.4824,13.639391999999999,0.0,False,True,1,-0.028699999999999948,,
Panther_retail_Lester,2017-02-23,ridge,12.4824,13.639391999999999,0.0,False,True,1,-0.04760000000000009,,
Panther_retail_Lester,2017-02-23,gradient_boosting,12.4824,13.639391999999999,0.0,False,False,0,0.27639999999999976,11.445392,0.0
Panther_retail_Lester,2017-02-23,perfect_foresight,12.4824,13.639391999999999,0.0,False,False,0,-0.00020000000000042206,11.195452,0.0
Panther_retail_Lester,2017-02-24,previous_day,12.4824,17.591442,0.0,False,True,1,-0.2331000000000003,,
Panther_retail_Lester,2017-02-24,previous_week,12.4824,17.591442,0.0,False,True,1,-3.5627,,
Panther_retail_Lester,2017-02-24,ridge,12.4824,17.591442,0.0,False,False,0,0.6391,15.147442000000002,0.0
Panther_retail_Lester,2017-02-24,gradient_boosting,12.4824,17.591442,0.0,False,False,0,0.6391,15.150442,0.0
Panther_retail_Lester,2017-02-24,perfect_foresight,12.4824,17.591442,0.0,False,False,0,-0.0030999999999998806,15.148372000000002,0.0
Panther_retail_Lester,2017-02-25,previous_day,12.4824,14.761411999999998,0.0,False,True,3,-2.8076,,
Panther_retail_Lester,2017-02-25,previous_week,12.4824,14.761411999999998,0.0,False,False,0,0.4084000000000001,12.654411999999999,0.0
Panther_retail_Lester,2017-02-25,ridge,12.4824,14.761411999999998,0.0,False,True,3,-1.6976,,
Panther_retail_Lester,2017-02-25,gradient_boosting,12.4824,14.761411999999998,0.0,False,True,2,-0.9575999999999998,,
Panther_retail_Lester,2017-02-25,perfect_foresight,12.4824,14.761411999999998,0.0,False,False,0,0.0008999999999996788,12.320411999999997,0.0
Panther_retail_Lester,2017-02-26,previous_day,12.4824,10.372157999999999,0.0,False,True,3,-3.3947000000000003,,
Panther_retail_Lester,2017-02-26,previous_week,12.4824,10.372157999999999,0.0,False,True,3,-2.0947,,
Panther_retail_Lester,2017-02-26,ridge,12.4824,10.372157999999999,0.0,False,True,3,-2.4647,,
Panther_retail_Lester,2017-02-26,gradient_boosting,12.4824,10.372157999999999,0.0,False,True,3,-2.4747,,
Panther_retail_Lester,2017-02-26,perfect_foresight,12.4824,10.372157999999999,0.0,False,False,0,-0.0046999999999999265,7.930798000000001,0.0
Panther_retail_Lester,2017-02-27,previous_day,12.4824,11.733048,0.0,False,True,2,-1.9174999999999995,,
Panther_retail_Lester,2017-02-27,previous_week,12.4824,11.733048,0.0,False,True,3,-0.3722000000000003,,
Panther_retail_Lester,2017-02-27,ridge,12.4824,11.733048,0.0,False,True,2,-0.8956999999999999,,
Panther_retail_Lester,2017-02-27,gradient_boosting,12.4824,11.733048,0.0,False,True,2,-1.3657000000000001,,
Panther_retail_Lester,2017-02-27,perfect_foresight,12.4824,11.733048,0.0,False,False,0,-0.002200000000000202,9.292708000000001,0.0
Panther_retail_Lester,2017-03-01,previous_day,12.4824,20.38176,0.0,False,True,1,-0.6302000000000003,,
Panther_retail_Lester,2017-03-01,previous_week,12.4824,20.38176,0.0,False,False,0,0.3113999999999999,18.30876,0.0
Panther_retail_Lester,2017-03-01,ridge,12.4824,20.38176,0.0,False,False,0,0.3897999999999997,17.937759999999997,0.0
Panther_retail_Lester,2017-03-01,gradient_boosting,12.4824,20.38176,0.0,False,False,0,0.45979999999999954,17.937759999999997,0.0
Panther_retail_Lester,2017-03-01,perfect_foresight,12.4824,20.38176,0.0,False,False,0,-0.00020000000000042206,17.937819999999995,0.0
Panther_retail_Lester,2017-03-02,previous_day,12.4824,15.173960000000001,0.0,False,True,3,-1.5553,,
Panther_retail_Lester,2017-03-02,previous_week,12.4824,15.173960000000001,0.0,False,True,2,-1.5553,,
Panther_retail_Lester,2017-03-02,ridge,12.4824,15.173960000000001,0.0,False,True,1,-0.9452999999999996,,
Panther_retail_Lester,2017-03-02,gradient_boosting,12.4824,15.173960000000001,0.0,False,True,3,-1.5553,,
Panther_retail_Lester,2017-03-02,perfect_foresight,12.4824,15.173960000000001,0.0,False,False,0,-0.0041999999999999815,12.731220000000002,0.0
Panther_retail_Lester,2017-03-03,previous_day,12.4824,8.056349999999998,0.0,False,True,4,-2.0736,,
Panther_retail_Lester,2017-03-03,previous_week,12.4824,8.056349999999998,0.0,False,True,3,-3.5507,,
Panther_retail_Lester,2017-03-03,ridge,12.4824,8.056349999999998,0.0,False,True,4,-2.4307,,
Panther_retail_Lester,2017-03-03,gradient_boosting,12.4824,8.056349999999998,0.0,False,True,4,-2.7107,,
Panther_retail_Lester,2017-03-03,perfect_foresight,12.4824,8.056349999999998,0.0,False,False,0,-0.0045999999999999375,5.811039999999999,0.0
Panther_retail_Lester,2017-03-04,previous_day,12.4824,6.469402000000001,0.0,False,True,4,-1.5057,,
Panther_retail_Lester,2017-03-04,previous_week,12.4824,6.469402000000001,0.0,False,True,4,-3.4067000000000003,,
Panther_retail_Lester,2017-03-04,ridge,12.4824,6.469402000000001,0.0,False,True,5,-1.6557,,
Panther_retail_Lester,2017-03-04,gradient_boosting,12.4824,6.469402000000001,0.0,False,True,6,-1.3307,,
Panther_retail_Lester,2017-03-04,perfect_foresight,12.4824,6.469402000000001,0.0,False,False,0,-0.0046999999999999265,4.592742,0.0
Panther_retail_Lester,2017-03-05,previous_day,12.4824,7.222829999999999,0.0,False,True,2,-0.8389,,
Panther_retail_Lester,2017-03-05,previous_week,12.4824,7.222829999999999,0.0,False,True,4,-2.9396999999999998,,
Panther_retail_Lester,2017-03-05,ridge,12.4824,7.222829999999999,0.0,False,True,5,-0.7617,,
Panther_retail_Lester,2017-03-05,gradient_boosting,12.4824,7.222829999999999,0.0,False,True,6,-0.7688999999999999,,
Panther_retail_Lester,2017-03-05,perfect_foresight,12.4824,7.222829999999999,0.0,False,False,0,-0.0036000000000000476,5.06818,0.0
Panther_retail_Lester,2017-03-06,previous_day,12.4824,9.504706,0.0,False,True,1,-0.7436,,
Panther_retail_Lester,2017-03-06,previous_week,12.4824,9.504706,0.0,False,True,3,-1.7845,,
Panther_retail_Lester,2017-03-06,ridge,12.4824,9.504706,0.0,False,True,2,-0.5136000000000001,,
Panther_retail_Lester,2017-03-06,gradient_boosting,12.4824,9.504706,0.0,False,True,2,-0.8836000000000002,,
Panther_retail_Lester,2017-03-06,perfect_foresight,12.4824,9.504706,0.0,False,False,0,-0.0045000000000001705,7.063136,0.0
Panther_retail_Lester,2017-03-07,previous_day,12.4824,10.568798000000003,0.0,False,True,4,-1.6136,,
Panther_retail_Lester,2017-03-07,previous_week,12.4824,10.568798000000003,0.0,False,True,4,-2.4005,,
Panther_retail_Lester,2017-03-07,ridge,12.4824,10.568798000000003,0.0,False,True,5,-1.1736,,
Panther_retail_Lester,2017-03-07,gradient_boosting,12.4824,10.568798000000003,0.0,False,True,4,-1.0535999999999999,,
Panther_retail_Lester,2017-03-07,perfect_foresight,12.4824,10.568798000000003,0.0,False,False,0,-0.0036000000000000476,8.274888,0.0
Panther_retail_Lester,2017-03-08,previous_day,12.4824,13.637056000000001,0.0,False,False,0,0.1702999999999999,11.340056,0.0
Panther_retail_Lester,2017-03-08,previous_week,12.4824,13.637056000000001,0.0,False,True,2,-2.3585,,
Panther_retail_Lester,2017-03-08,ridge,12.4824,13.637056000000001,0.0,False,False,0,0.3416000000000001,11.193056,0.0
Panther_retail_Lester,2017-03-08,gradient_boosting,12.4824,13.637056000000001,0.0,False,False,0,0.5615999999999999,11.259056000000001,0.0
Panther_retail_Lester,2017-03-08,perfect_foresight,12.4824,13.637056000000001,0.0,False,False,0,0.000900000000000567,11.193056,0.0
Panther_retail_Lester,2017-03-09,previous_day,12.4824,15.550629999999998,0.0,False,True,2,-0.9992000000000001,,
Panther_retail_Lester,2017-03-09,previous_week,12.4824,15.550629999999998,0.0,False,True,3,-0.6471999999999998,,
Panther_retail_Lester,2017-03-09,ridge,12.4824,15.550629999999998,0.0,False,False,0,0.47280000000000033,13.10663,0.0
Panther_retail_Lester,2017-03-09,gradient_boosting,12.4824,15.550629999999998,0.0,False,False,0,0.21760000000000002,13.103629999999999,0.0
Panther_retail_Lester,2017-03-09,perfect_foresight,12.4824,15.550629999999998,0.0,False,False,0,-0.0032000000000000917,13.10831,0.0
Panther_retail_Lester,2017-03-10,previous_day,12.4824,15.124979999999995,0.0,False,True,2,-0.31130000000000013,,
Panther_retail_Lester,2017-03-10,previous_week,12.4824,15.124979999999995,0.0,False,False,0,0.34830000000000005,12.875979999999998,0.0
Panther_retail_Lester,2017-03-10,ridge,12.4824,15.124979999999995,0.0,False,False,0,-0.01639999999999997,12.682899999999998,0.0
Panther_retail_Lester,2017-03-10,gradient_boosting,12.4824,15.124979999999995,0.0,False,True,1,-0.3713000000000002,,
Panther_retail_Lester,2017-03-10,perfect_foresight,12.4824,15.124979999999995,0.0,False,False,0,-0.0013000000000000789,12.68437,0.0
Panther_retail_Lester,2017-03-11,previous_day,12.4824,15.591427999999999,0.0,False,True,1,-0.6652000000000005,,
Panther_retail_Lester,2017-03-11,previous_week,12.4824,15.591427999999999,0.0,False,False,0,-0.00869999999999993,13.713167999999996,0.0
Panther_retail_Lester,2017-03-11,ridge,12.4824,15.591427999999999,0.0,False,True,1,-0.7643999999999997,,
Panther_retail_Lester,2017-03-11,gradient_boosting,12.4824,15.591427999999999,0.0,False,True,1,-0.7343999999999999,,
Panther_retail_Lester,2017-03-11,perfect_foresight,12.4824,15.591427999999999,0.0,False,False,0,-0.0011999999999998678,13.147787999999998,0.0
Panther_retail_Lester,2017-03-15,previous_day,12.4824,11.732426,0.0,False,True,3,-1.6346999999999998,,
Panther_retail_Lester,2017-03-15,previous_week,12.4824,11.732426,0.0,False,True,2,-3.4057,,
Panther_retail_Lester,2017-03-15,ridge,12.4824,11.732426,0.0,False,True,3,-1.8347,,
Panther_retail_Lester,2017-03-15,gradient_boosting,12.4824,11.732426,0.0,False,True,4,-1.3246999999999998,,
Panther_retail_Lester,2017-03-15,perfect_foresight,12.4824,11.732426,0.0,False,False,0,-0.0046999999999999265,9.518256000000003,0.0
Panther_retail_Lester,2017-03-16,previous_day,12.4824,14.754126000000001,0.0,False,True,2,-0.03469999999999995,,
Panther_retail_Lester,2017-03-16,previous_week,12.4824,14.754126000000001,0.0,False,True,2,-2.7577,,
Panther_retail_Lester,2017-03-16,ridge,12.4824,14.754126000000001,0.0,False,True,4,-0.9617,,
Panther_retail_Lester,2017-03-16,gradient_boosting,12.4824,14.754126000000001,0.0,False,True,4,-1.0317000000000003,,
Panther_retail_Lester,2017-03-16,perfect_foresight,12.4824,14.754126000000001,0.0,False,False,0,-0.0046999999999999265,12.325076,0.0
Panther_retail_Lester,2017-03-17,previous_day,12.4824,12.137086000000002,0.0,False,True,4,-2.7327000000000004,,
Panther_retail_Lester,2017-03-17,previous_week,12.4824,12.137086000000002,0.0,False,True,3,-3.3787000000000003,,
Panther_retail_Lester,2017-03-17,ridge,12.4824,12.137086000000002,0.0,False,True,5,-1.6226999999999998,,
Panther_retail_Lester,2017-03-17,gradient_boosting,12.4824,12.137086000000002,0.0,False,True,5,-1.4326999999999999,,
Panther_retail_Lester,2017-03-17,perfect_foresight,12.4824,12.137086000000002,0.0,False,False,0,-0.0026999999999999247,10.146026,0.0
Panther_retail_Lester,2017-03-18,previous_day,12.4824,7.796691999999999,0.0,False,True,3,-1.7847000000000002,,
Panther_retail_Lester,2017-03-18,previous_week,12.4824,7.796691999999999,0.0,False,True,3,-3.5727,,
Panther_retail_Lester,2017-03-18,ridge,12.4824,7.796691999999999,0.0,False,True,6,-1.1146999999999998,,
Panther_retail_Lester,2017-03-18,gradient_boosting,12.4824,7.796691999999999,0.0,False,True,6,-1.4647,,
Panther_retail_Lester,2017-03-18,perfect_foresight,12.4824,7.796691999999999,0.0,False,False,0,-0.0046999999999999265,5.989132,0.0
Panther_retail_Lester,2017-03-20,previous_day,12.4824,11.48389,0.0,False,True,2,-0.9847000000000001,,
Panther_retail_Lester,2017-03-20,previous_week,12.4824,11.48389,0.0,False,True,3,-3.5547,,
Panther_retail_Lester,2017-03-20,ridge,12.4824,11.48389,0.0,False,True,2,-1.3146999999999998,,
Panther_retail_Lester,2017-03-20,gradient_boosting,12.4824,11.48389,0.0,False,True,2,-1.0947000000000002,,
Panther_retail_Lester,2017-03-20,perfect_foresight,12.4824,11.48389,0.0,False,False,0,-0.0047000000000001485,9.04013,0.0
Panther_retail_Lester,2017-03-21,previous_day,12.4824,12.597586,0.0,False,True,3,-1.1844000000000006,,
Panther_retail_Lester,2017-03-21,previous_week,12.4824,12.597586,0.0,False,True,3,-0.9264999999999999,,
Panther_retail_Lester,2017-03-21,ridge,12.4824,12.597586,0.0,False,True,3,-0.7115,,
Panther_retail_Lester,2017-03-21,gradient_boosting,12.4824,12.597586,0.0,False,True,1,-0.25150000000000006,,
Panther_retail_Lester,2017-03-21,perfect_foresight,12.4824,12.597586,0.0,False,False,0,-0.0043999999999999595,10.155356,0.0
Panther_retail_Lester,2017-03-22,previous_day,12.4824,14.407212,0.0,False,True,1,-0.03849999999999998,,
Panther_retail_Lester,2017-03-22,previous_week,12.4824,14.407212,0.0,False,True,2,-1.1784999999999997,,
Panther_retail_Lester,2017-03-22,ridge,12.4824,14.407212,0.0,False,True,2,-0.3684999999999996,,
Panther_retail_Lester,2017-03-22,gradient_boosting,12.4824,14.407212,0.0,False,True,1,-0.12849999999999984,,
Panther_retail_Lester,2017-03-22,perfect_foresight,12.4824,14.407212,0.0,False,False,0,-0.0043000000000001926,11.964952,0.0
Panther_retail_Lester,2017-03-23,previous_day,12.4824,14.900810000000003,0.0,False,True,2,-0.6023999999999998,,
Panther_retail_Lester,2017-03-23,previous_week,12.4824,14.900810000000003,0.0,False,True,2,-0.5832000000000006,,
Panther_retail_Lester,2017-03-23,ridge,12.4824,14.900810000000003,0.0,False,True,2,-0.4323999999999999,,
Panther_retail_Lester,2017-03-23,gradient_boosting,12.4824,14.900810000000003,0.0,False,True,2,-0.25239999999999974,,
Panther_retail_Lester,2017-03-23,perfect_foresight,12.4824,14.900810000000003,0.0,False,False,0,-0.0032000000000005357,12.45645,0.0
Panther_retail_Lester,2017-03-24,previous_day,12.4824,12.940647999999998,0.0,False,True,4,-1.6875000000000004,,
Panther_retail_Lester,2017-03-24,previous_week,12.4824,12.940647999999998,0.0,False,True,2,-1.7294999999999998,,
Panther_retail_Lester,2017-03-24,ridge,12.4824,12.940647999999998,0.0,False,True,4,-1.1654999999999998,,
Panther_retail_Lester,2017-03-24,gradient_boosting,12.4824,12.940647999999998,0.0,False,True,4,-1.3655,,
Panther_retail_Lester,2017-03-24,perfect_foresight,12.4824,12.940647999999998,0.0,False,False,0,-0.0032999999999998586,10.500638,0.0
Panther_retail_Lester,2017-03-25,previous_day,12.4824,13.705274,0.0,False,True,1,-0.11949999999999994,,
Panther_retail_Lester,2017-03-25,previous_week,12.4824,13.705274,0.0,False,True,1,-2.5185,,
Panther_retail_Lester,2017-03-25,ridge,12.4824,13.705274,0.0,False,True,1,-0.6495000000000002,,
Panther_retail_Lester,2017-03-25,gradient_boosting,12.4824,13.705274,0.0,False,True,1,-0.24950000000000028,,
Panther_retail_Lester,2017-03-25,perfect_foresight,12.4824,13.705274,0.0,False,False,0,-0.000300000000000189,11.264363999999999,0.0
Panther_retail_Lester,2017-03-27,previous_day,12.4824,14.249274,0.0,False,True,1,-0.6542999999999997,,
Panther_retail_Lester,2017-03-27,previous_week,12.4824,14.249274,0.0,False,True,1,-0.6643000000000003,,
Panther_retail_Lester,2017-03-27,ridge,12.4824,14.249274,0.0,False,True,4,-0.5242999999999998,,
Panther_retail_Lester,2017-03-27,gradient_boosting,12.4824,14.249274,0.0,False,True,3,-1.4343,,
Panther_retail_Lester,2017-03-27,perfect_foresight,12.4824,14.249274,0.0,False,False,0,-0.0042999999999997485,11.807434,0.0
Panther_retail_Lester,2017-03-28,previous_day,12.4824,15.434762000000001,0.0,False,False,0,0.0034999999999998366,12.990762,0.0
Panther_retail_Lester,2017-03-28,previous_week,12.4824,15.434762000000001,0.0,False,False,0,-0.006500000000000394,12.992712000000001,0.0
Panther_retail_Lester,2017-03-28,ridge,12.4824,15.434762000000001,0.0,False,True,1,-0.49650000000000016,,
Panther_retail_Lester,2017-03-28,gradient_boosting,12.4824,15.434762000000001,0.0,False,True,1,-0.23650000000000038,,
Panther_retail_Lester,2017-03-28,perfect_foresight,12.4824,15.434762000000001,0.0,False,False,0,-0.0013000000000000789,12.991242000000002,0.0
Panther_retail_Lester,2017-03-29,previous_day,12.4824,18.489596000000002,0.0,False,False,0,1.5839999999999996,16.045596000000003,0.0
Panther_retail_Lester,2017-03-29,previous_week,12.4824,18.489596000000002,0.0,False,False,0,1.9647999999999994,16.045596,0.0
Panther_retail_Lester,2017-03-29,ridge,12.4824,18.489596000000002,0.0,False,False,0,1.3547999999999996,16.042596000000003,0.0
Panther_retail_Lester,2017-03-29,gradient_boosting,12.4824,18.489596000000002,0.0,False,False,0,1.4247999999999994,16.042596000000003,0.0
Panther_retail_Lester,2017-03-29,perfect_foresight,12.4824,18.489596000000002,0.0,False,False,0,0.004799999999999471,16.045596,0.0
Panther_retail_Lester,2017-03-30,previous_day,12.4824,40.616400000000006,9.190799999999998,False,False,0,1.4523,38.1724,5.354099999999999
Panther_retail_Lester,2017-03-30,previous_week,12.4824,40.616400000000006,9.190799999999998,False,False,0,1.4523,38.1694,4.621899999999998
Panther_retail_Lester,2017-03-30,ridge,12.4824,40.616400000000006,9.190799999999998,False,False,0,1.4523,38.1724,4.751899999999999
Panther_retail_Lester,2017-03-30,gradient_boosting,12.4824,40.616400000000006,9.190799999999998,False,False,0,1.4523,38.1754,4.751899999999999
Panther_retail_Lester,2017-03-30,perfect_foresight,12.4824,40.616400000000006,9.190799999999998,False,False,0,1.4523,38.2814,0.009199999999999875
Panther_retail_Lester,2017-03-31,previous_day,12.4824,15.14264,0.0,False,True,2,-2.4415,,
Panther_retail_Lester,2017-03-31,previous_week,12.4824,15.14264,0.0,False,True,3,-0.2784,,
Panther_retail_Lester,2017-03-31,ridge,12.4824,15.14264,0.0,False,True,3,-2.4415,,
Panther_retail_Lester,2017-03-31,gradient_boosting,12.4824,15.14264,0.0,False,True,3,-2.4415,,
Panther_retail_Lester,2017-03-31,perfect_foresight,12.4824,15.14264,0.0,False,False,0,-0.0045000000000001705,12.69786,0.0
Panther_retail_Lester,2017-04-01,previous_day,12.4824,20.604976,0.0,False,False,0,1.4373,18.157975999999998,0.0
Panther_retail_Lester,2017-04-01,previous_week,12.4824,20.604976,0.0,False,False,0,1.4373,18.163975999999998,0.0
Panther_retail_Lester,2017-04-01,ridge,12.4824,20.604976,0.0,False,False,0,1.4373,18.160975999999998,0.0
Panther_retail_Lester,2017-04-01,gradient_boosting,12.4824,20.604976,0.0,False,False,0,1.4373,18.160975999999998,0.0
Panther_retail_Lester,2017-04-01,perfect_foresight,12.4824,20.604976,0.0,False,False,0,1.0842,18.160975999999998,0.0
Panther_retail_Lester,2017-04-02,previous_day,12.4824,16.75439,0.0,False,True,3,-1.8923999999999999,,
Panther_retail_Lester,2017-04-02,previous_week,12.4824,16.75439,0.0,False,False,0,0.6359000000000004,14.310390000000002,0.0
Panther_retail_Lester,2017-04-02,ridge,12.4824,16.75439,0.0,False,True,3,-1.3223999999999996,,
Panther_retail_Lester,2017-04-02,gradient_boosting,12.4824,16.75439,0.0,False,True,2,-0.6723999999999997,,
Panther_retail_Lester,2017-04-02,perfect_foresight,12.4824,16.75439,0.0,False,False,0,-0.0031999999999996476,14.31207,0.0
Panther_retail_Lester,2017-04-03,previous_day,12.4824,20.089436,0.0,False,False,0,0.05880000000000063,17.645436000000004,0.0
Panther_retail_Lester,2017-04-03,previous_week,12.4824,20.089436,0.0,False,False,0,1.0788000000000002,17.645436000000004,0.0
Panther_retail_Lester,2017-04-03,ridge,12.4824,20.089436,0.0,False,True,1,-0.031200000000000117,,
Panther_retail_Lester,2017-04-03,gradient_boosting,12.4824,20.089436,0.0,False,True,1,-0.02119999999999944,,
Panther_retail_Lester,2017-04-03,perfect_foresight,12.4824,20.089436,0.0,False,False,0,-0.0011999999999998678,17.645796,0.0
Panther_retail_Lester,2017-04-04,previous_day,12.4824,13.111071999999998,0.0,False,True,3,-2.7466,,
Panther_retail_Lester,2017-04-04,previous_week,12.4824,13.111071999999998,0.0,False,True,3,-2.3496000000000006,,
Panther_retail_Lester,2017-04-04,ridge,12.4824,13.111071999999998,0.0,False,True,3,-2.6666,,
Panther_retail_Lester,2017-04-04,gradient_boosting,12.4824,13.111071999999998,0.0,False,True,3,-2.8766,,
Panther_retail_Lester,2017-04-04,perfect_foresight,12.4824,13.111071999999998,0.0,False,False,0,-0.0043999999999999595,10.674472,0.0
Panther_retail_Lester,2017-04-05,previous_day,12.4824,13.520757999999999,0.0,False,True,1,-0.8445,,
Panther_retail_Lester,2017-04-05,previous_week,12.4824,13.520757999999999,0.0,False,True,3,-1.8945000000000003,,
Panther_retail_Lester,2017-04-05,ridge,12.4824,13.520757999999999,0.0,False,True,3,-1.1345,,
Panther_retail_Lester,2017-04-05,gradient_boosting,12.4824,13.520757999999999,0.0,False,True,2,-1.2945000000000002,,
Panther_retail_Lester,2017-04-05,perfect_foresight,12.4824,13.520757999999999,0.0,False,False,0,-0.0045000000000001705,11.078888,0.0
Panther_retail_Lester,2017-04-06,previous_day,12.4824,11.263252,0.0,False,True,4,-1.1945999999999999,,
Panther_retail_Lester,2017-04-06,previous_week,12.4824,11.263252,0.0,False,True,2,-2.7926,,
Panther_retail_Lester,2017-04-06,ridge,12.4824,11.263252,0.0,False,True,4,-1.7545999999999995,,
Panther_retail_Lester,2017-04-06,gradient_boosting,12.4824,11.263252,0.0,False,True,4,-1.5646,,
Panther_retail_Lester,2017-04-06,perfect_foresight,12.4824,11.263252,0.0,False,False,0,-0.0045999999999999375,8.820212,0.0
Panther_retail_Lester,2017-04-07,previous_day,12.4824,6.8597459999999995,0.0,False,True,5,-1.7827,,
Panther_retail_Lester,2017-04-07,previous_week,12.4824,6.8597459999999995,0.0,False,True,5,-2.0126999999999997,,
Panther_retail_Lester,2017-04-07,ridge,12.4824,6.8597459999999995,0.0,False,True,4,-2.2827,,
Panther_retail_Lester,2017-04-07,gradient_boosting,12.4824,6.8597459999999995,0.0,False,True,5,-1.5927,,
Panther_retail_Lester,2017-04-07,perfect_foresight,12.4824,6.8597459999999995,0.0,False,False,0,-0.0046999999999999265,4.949375999999999,0.0
Panther_retail_Lester,2017-04-08,previous_day,12.4824,7.199387999999999,0.0,False,True,2,-0.03469999999999995,,
Panther_retail_Lester,2017-04-08,previous_week,12.4824,7.199387999999999,0.0,False,True,3,-3.6147,,
Panther_retail_Lester,2017-04-08,ridge,12.4824,7.199387999999999,0.0,False,True,5,-1.4796999999999998,,
Panther_retail_Lester,2017-04-08,gradient_boosting,12.4824,7.199387999999999,0.0,False,True,4,-1.0097,,
Panther_retail_Lester,2017-04-08,perfect_foresight,12.4824,7.199387999999999,0.0,False,False,0,-0.0046999999999999265,5.179938,0.0
Panther_retail_Lester,2017-04-09,previous_day,12.4824,9.489257999999998,0.0,False,True,4,-0.39759999999999973,,
Panther_retail_Lester,2017-04-09,previous_week,12.4824,9.489257999999998,0.0,False,True,4,-3.2348,,
Panther_retail_Lester,2017-04-09,ridge,12.4824,9.489257999999998,0.0,False,True,5,-1.3648,,
Panther_retail_Lester,2017-04-09,gradient_boosting,12.4824,9.489257999999998,0.0,False,True,4,-1.4347999999999999,,
Panther_retail_Lester,2017-04-09,perfect_foresight,12.4824,9.489257999999998,0.0,False,False,0,-0.0048000000000001375,7.393377999999999,0.0
Panther_retail_Lester,2017-04-10,previous_day,12.4824,8.106308,0.0,False,True,4,-0.9787999999999999,,
Panther_retail_Lester,2017-04-10,previous_week,12.4824,8.106308,0.0,False,True,3,-2.3805999999999994,,
Panther_retail_Lester,2017-04-10,ridge,12.4824,8.106308,0.0,False,True,4,-1.1665999999999999,,
Panther_retail_Lester,2017-04-10,gradient_boosting,12.4824,8.106308,0.0,False,True,4,-0.9266000000000001,,
Panther_retail_Lester,2017-04-10,perfect_foresight,12.4824,8.106308,0.0,False,False,0,-0.0034000000000000696,5.722888,0.0
Panther_retail_Lester,2017-04-11,previous_day,12.4824,9.964113999999999,0.0,False,False,0,0.08860000000000001,7.578114,0.0
Panther_retail_Lester,2017-04-11,previous_week,12.4824,9.964113999999999,0.0,False,True,2,-0.8685,,
Panther_retail_Lester,2017-04-11,ridge,12.4824,9.964113999999999,0.0,False,True,1,-0.034499999999999975,,
Panther_retail_Lester,2017-04-11,gradient_boosting,12.4824,9.964113999999999,0.0,False,False,0,0.018600000000000172,7.5361139999999995,0.0
Panther_retail_Lester,2017-04-11,perfect_foresight,12.4824,9.964113999999999,0.0,False,False,0,-0.0045000000000001705,7.520894,0.0
Panther_retail_Lester,2017-04-12,previous_day,12.4824,11.057431999999997,0.0,False,True,1,-0.021300000000000097,,
Panther_retail_Lester,2017-04-12,previous_week,12.4824,11.057431999999997,0.0,False,True,2,-0.7044999999999999,,
Panther_retail_Lester,2017-04-12,ridge,12.4824,11.057431999999997,0.0,False,True,2,-0.27449999999999974,,
Panther_retail_Lester,2017-04-12,gradient_boosting,12.4824,11.057431999999997,0.0,False,True,1,-0.024499999999999744,,
Panther_retail_Lester,2017-04-12,perfect_foresight,12.4824,11.057431999999997,0.0,False,False,0,-0.0044999999999997264,8.615022,0.0
Panther_retail_Lester,2017-04-13,previous_day,12.4824,9.654822,0.0,False,True,4,-1.0375,,
Panther_retail_Lester,2017-04-13,previous_week,12.4824,9.654822,0.0,False,True,3,-0.6215000000000002,,
Panther_retail_Lester,2017-04-13,ridge,12.4824,9.654822,0.0,False,True,4,-1.3616000000000001,,
Panther_retail_Lester,2017-04-13,gradient_boosting,12.4824,9.654822,0.0,False,True,4,-1.0716,,
Panther_retail_Lester,2017-04-13,perfect_foresight,12.4824,9.654822,0.0,False,False,0,-0.0016000000000002679,7.212232000000001,0.0
Panther_retail_Lester,2017-04-14,previous_day,12.4824,10.203674000000003,0.0,False,True,2,-0.2043999999999997,,
Panther_retail_Lester,2017-04-14,previous_week,12.4824,10.203674000000003,0.0,False,False,0,0.025299999999999878,8.288674,0.0
Panther_retail_Lester,2017-04-14,ridge,12.4824,10.203674000000003,0.0,False,True,4,-0.5994999999999999,,
Panther_retail_Lester,2017-04-14,gradient_boosting,12.4824,10.203674000000003,0.0,False,True,1,-0.26439999999999975,,
Panther_retail_Lester,2017-04-14,perfect_foresight,12.4824,10.203674000000003,0.0,False,False,0,-0.0043999999999999595,7.759194000000001,0.0
Panther_retail_Lester,2017-04-15,previous_day,12.4824,10.711928,0.0,False,True,2,-0.4394999999999998,,
Panther_retail_Lester,2017-04-15,previous_week,12.4824,10.711928,0.0,False,False,0,0.0033000000000000806,8.690928000000001,0.0
Panther_retail_Lester,2017-04-15,ridge,12.4824,10.711928,0.0,False,True,3,-0.7755999999999998,,
Panther_retail_Lester,2017-04-15,gradient_boosting,12.4824,10.711928,0.0,False,True,4,-0.8294999999999999,,
Panther_retail_Lester,2017-04-15,perfect_foresight,12.4824,10.711928,0.0,False,False,0,-0.0013999999999998458,8.271348000000001,0.0
Panther_retail_Lester,2017-04-16,previous_day,12.4824,10.213441999999999,0.0,False,True,2,-0.4295,,
Panther_retail_Lester,2017-04-16,previous_week,12.4824,10.213441999999999,0.0,False,True,2,-1.4659,,
Panther_retail_Lester,2017-04-16,ridge,12.4824,10.213441999999999,0.0,False,True,4,-0.8395000000000001,,
Panther_retail_Lester,2017-04-16,gradient_boosting,12.4824,10.213441999999999,0.0,False,True,1,-0.5295000000000001,,
Panther_retail_Lester,2017-04-16,perfect_foresight,12.4824,10.213441999999999,0.0,False,False,0,-0.00039999999999995595,7.772682000000001,0.0
Panther_retail_Lester,2017-04-17,previous_day,12.4824,11.846162,0.0,False,True,3,-0.29849999999999977,,
Panther_retail_Lester,2017-04-17,previous_week,12.4824,11.846162,0.0,False,False,0,0.2954000000000001,9.460161999999999,0.0
Panther_retail_Lester,2017-04-17,ridge,12.4824,11.846162,0.0,False,True,3,-0.5446,,
Panther_retail_Lester,2017-04-17,gradient_boosting,12.4824,11.846162,0.0,False,True,3,-0.5185,,
Panther_retail_Lester,2017-04-17,perfect_foresight,12.4824,11.846162,0.0,False,False,0,-0.0045999999999999375,9.401772000000001,0.0
Panther_retail_Lester,2017-04-18,previous_day,12.4824,11.612388,0.0,False,True,4,-0.3705000000000003,,
Panther_retail_Lester,2017-04-18,previous_week,12.4824,11.612388,0.0,False,True,3,-0.5194000000000001,,
Panther_retail_Lester,2017-04-18,ridge,12.4824,11.612388,0.0,False,True,4,-0.8005,,
Panther_retail_Lester,2017-04-18,gradient_boosting,12.4824,11.612388,0.0,False,True,3,-0.5194999999999999,,
Panther_retail_Lester,2017-04-18,perfect_foresight,12.4824,11.612388,0.0,False,False,0,-0.000500000000000167,9.168688,0.0
Panther_retail_Lester,2017-04-19,previous_day,12.4824,13.503243999999997,0.0,False,False,0,0.3365999999999998,11.059243999999998,0.0
Panther_retail_Lester,2017-04-19,previous_week,12.4824,13.503243999999997,0.0,False,True,1,-0.6434000000000002,,
Panther_retail_Lester,2017-04-19,ridge,12.4824,13.503243999999997,0.0,False,True,1,-0.4934000000000003,,
Panther_retail_Lester,2017-04-19,gradient_boosting,12.4824,13.503243999999997,0.0,False,False,0,0.4565999999999999,11.059243999999998,0.0
Panther_retail_Lester,2017-04-19,perfect_foresight,12.4824,13.503243999999997,0.0,False,False,0,-0.000300000000000189,11.059333999999998,0.0
Panther_retail_Lester,2017-04-20,previous_day,12.4824,11.894400000000001,0.0,False,True,3,-2.3435,,
Panther_retail_Lester,2017-04-20,previous_week,12.4824,11.894400000000001,0.0,False,False,0,0.09649999999999981,9.4504,0.0
Panther_retail_Lester,2017-04-20,ridge,12.4824,11.894400000000001,0.0,False,True,3,-1.4335,,
Panther_retail_Lester,2017-04-20,gradient_boosting,12.4824,11.894400000000001,0.0,False,True,3,-1.7535000000000003,,
Panther_retail_Lester,2017-04-20,perfect_foresight,12.4824,11.894400000000001,0.0,False,False,0,-0.0045000000000001705,9.45112,0.0
Panther_retail_Lester,2017-04-21,previous_day,12.4824,12.514436000000002,0.0,False,True,1,-0.38139999999999974,,
Panther_retail_Lester,2017-04-21,previous_week,12.4824,12.514436000000002,0.0,False,False,0,0.3314999999999997,10.067436,0.0
Panther_retail_Lester,2017-04-21,ridge,12.4824,12.514436000000002,0.0,False,True,2,-0.5313999999999997,,
Panther_retail_Lester,2017-04-21,gradient_boosting,12.4824,12.514436000000002,0.0,False,False,0,0.07860000000000023,10.070436000000003,0.0
Panther_retail_Lester,2017-04-21,perfect_foresight,12.4824,12.514436000000002,0.0,False,False,0,-0.0013999999999998458,10.071366000000001,0.0
Panther_retail_Lester,2017-04-22,previous_day,12.4824,12.630721999999999,0.0,False,True,2,-0.4493999999999998,,
Panther_retail_Lester,2017-04-22,previous_week,12.4824,12.630721999999999,0.0,False,True,1,-0.07540000000000013,,
Panther_retail_Lester,2017-04-22,ridge,12.4824,12.630721999999999,0.0,False,True,4,-0.40939999999999976,,
Panther_retail_Lester,2017-04-22,gradient_boosting,12.4824,12.630721999999999,0.0,False,True,2,-0.3994,,
Panther_retail_Lester,2017-04-22,perfect_foresight,12.4824,12.630721999999999,0.0,False,False,0,-0.0043999999999999595,10.189332,0.0
Panther_retail_Lester,2017-04-23,previous_day,12.4824,13.548536,0.0,False,True,2,-0.15539999999999976,,
Panther_retail_Lester,2017-04-23,previous_week,12.4824,13.548536,0.0,False,True,1,-0.024399999999999977,,
Panther_retail_Lester,2017-04-23,ridge,12.4824,13.548536,0.0,False,True,3,-0.48539999999999983,,
Panther_retail_Lester,2017-04-23,gradient_boosting,12.4824,13.548536,0.0,False,True,2,-0.2644000000000002,,
Panther_retail_Lester,2017-04-23,perfect_foresight,12.4824,13.548536,0.0,False,False,0,-0.0043999999999999595,11.107146,0.0
Panther_retail_Lester,2017-04-24,previous_day,12.4824,11.539834,0.0,False,True,3,-0.9855,,
Panther_retail_Lester,2017-04-24,previous_week,12.4824,11.539834,0.0,False,True,2,-0.8755000000000002,,
Panther_retail_Lester,2017-04-24,ridge,12.4824,11.539834,0.0,False,True,4,-1.2155,,
Panther_retail_Lester,2017-04-24,gradient_boosting,12.4824,11.539834,0.0,False,True,4,-1.1055000000000001,,
Panther_retail_Lester,2017-04-24,perfect_foresight,12.4824,11.539834,0.0,False,False,0,-0.000500000000000167,9.098984,0.0
Panther_retail_Lester,2017-04-25,previous_day,12.4824,15.104631999999999,0.0,False,True,1,-0.0365000000000002,,
Panther_retail_Lester,2017-04-25,previous_week,12.4824,15.104631999999999,0.0,False,True,1,-0.026499999999999968,,
Panther_retail_Lester,2017-04-25,ridge,12.4824,15.104631999999999,0.0,False,True,1,-0.47650000000000015,,
Panther_retail_Lester,2017-04-25,gradient_boosting,12.4824,15.104631999999999,0.0,False,True,1,-0.046499999999999986,,
Panther_retail_Lester,2017-04-25,perfect_foresight,12.4824,15.104631999999999,0.0,False,False,0,-0.0022999999999999687,12.662042,0.0
Panther_retail_Lester,2017-04-26,previous_day,12.4824,19.29318,0.0,False,False,0,0.37900000000000045,16.849180000000004,0.0
Panther_retail_Lester,2017-04-26,previous_week,12.4824,19.29318,0.0,False,False,0,0.0990000000000002,16.84918,0.0
Panther_retail_Lester,2017-04-26,ridge,12.4824,19.29318,0.0,False,False,0,0.819,16.84918,0.0
Panther_retail_Lester,2017-04-26,gradient_boosting,12.4824,19.29318,0.0,False,False,0,0.9690000000000003,16.85218,0.0
Panther_retail_Lester,2017-04-26,perfect_foresight,12.4824,19.29318,0.0,False,False,0,0.0019999999999997797,16.84918,0.0
Panther_retail_Lester,2017-04-27,previous_day,12.4824,24.115668,0.0,False,False,0,0.10499999999999954,21.671668,0.0
Panther_retail_Lester,2017-04-27,previous_week,12.4824,24.115668,0.0,False,False,0,1.8549999999999995,21.668668,0.0
Panther_retail_Lester,2017-04-27,ridge,12.4824,24.115668,0.0,False,False,0,0.45500000000000007,21.671668,0.0
Panther_retail_Lester,2017-04-27,gradient_boosting,12.4824,24.115668,0.0,False,False,0,0.9849999999999994,21.668668,0.0
Panther_retail_Lester,2017-04-27,perfect_foresight,12.4824,24.115668,0.0,False,False,0,0.01499999999999968,21.671668,0.0
Panther_retail_Lester,2017-04-28,previous_day,12.4824,23.56781,0.0,False,False,0,0.06299999999999972,21.123809999999995,0.0
Panther_retail_Lester,2017-04-28,previous_week,12.4824,23.56781,0.0,False,False,0,1.7610000000000001,21.123809999999995,0.0
Panther_retail_Lester,2017-04-28,ridge,12.4824,23.56781,0.0,False,False,0,0.15299999999999958,21.123809999999995,0.0
Panther_retail_Lester,2017-04-28,gradient_boosting,12.4824,23.56781,0.0,False,False,0,0.2029999999999994,21.123809999999995,0.0
Panther_retail_Lester,2017-04-28,perfect_foresight,12.4824,23.56781,0.0,False,False,0,0.06299999999999972,21.123809999999995,0.0
Panther_retail_Lester,2017-04-29,previous_day,12.4824,22.062246,0.0,False,True,1,-0.25710000000000033,,
Panther_retail_Lester,2017-04-29,previous_week,12.4824,22.062246,0.0,False,False,0,1.8428999999999998,19.618246,0.0
Panther_retail_Lester,2017-04-29,ridge,12.4824,22.062246,0.0,False,True,1,-0.18710000000000004,,
Panther_retail_Lester,2017-04-29,gradient_boosting,12.4824,22.062246,0.0,False,True,1,-0.25710000000000033,,
Panther_retail_Lester,2017-04-29,perfect_foresight,12.4824,22.062246,0.0,False,False,0,0.0028999999999994586,19.618246,0.0
Panther_retail_Lester,2017-04-30,previous_day,12.4824,20.515944000000005,0.0,False,True,3,-0.40610000000000035,,
Panther_retail_Lester,2017-04-30,previous_week,12.4824,20.515944000000005,0.0,False,False,0,1.1049000000000002,18.071944000000002,0.0
Panther_retail_Lester,2017-04-30,ridge,12.4824,20.515944000000005,0.0,False,True,3,-0.40610000000000035,,
Panther_retail_Lester,2017-04-30,gradient_boosting,12.4824,20.515944000000005,0.0,False,True,3,-0.40610000000000035,,
Panther_retail_Lester,2017-04-30,perfect_foresight,12.4824,20.515944000000005,0.0,False,False,0,-0.0032000000000005357,18.075904,0.0
Panther_retail_Lester,2017-05-01,previous_day,12.4824,20.131367999999995,0.0,False,False,0,0.3109000000000002,17.690368,0.0
Panther_retail_Lester,2017-05-01,previous_week,12.4824,20.131367999999995,0.0,False,False,0,1.8278999999999996,17.690368,0.0
Panther_retail_Lester,2017-05-01,ridge,12.4824,20.131367999999995,0.0,False,False,0,0.02090000000000014,17.690368,0.0
Panther_retail_Lester,2017-05-01,gradient_boosting,12.4824,20.131367999999995,0.0,False,True,2,-0.3190999999999997,,
Panther_retail_Lester,2017-05-01,perfect_foresight,12.4824,20.131367999999995,0.0,False,False,0,-0.002100000000000435,17.687998,0.0
Panther_retail_Lester,2017-05-02,previous_day,12.4824,19.257924,0.0,False,True,3,-1.1033000000000004,,
Panther_retail_Lester,2017-05-02,previous_week,12.4824,19.257924,0.0,False,True,1,-0.5181999999999993,,
Panther_retail_Lester,2017-05-02,ridge,12.4824,19.257924,0.0,False,True,3,-1.1333000000000006,,
Panther_retail_Lester,2017-05-02,gradient_boosting,12.4824,19.257924,0.0,False,True,3,-1.1533000000000002,,
Panther_retail_Lester,2017-05-02,perfect_foresight,12.4824,19.257924,0.0,False,False,0,-0.0033000000000003027,16.815874,0.0
Panther_retail_Lester,2017-05-03,previous_day,12.4824,20.468491999999998,0.0,False,False,0,0.7399,18.024492,0.0
Panther_retail_Lester,2017-05-03,previous_week,12.4824,20.468491999999998,0.0,False,True,1,-0.32010000000000005,,
Panther_retail_Lester,2017-05-03,ridge,12.4824,20.468491999999998,0.0,False,True,1,-0.1001000000000003,,
Panther_retail_Lester,2017-05-03,gradient_boosting,12.4824,20.468491999999998,0.0,False,True,1,-0.4100999999999999,,
Panther_retail_Lester,2017-05-03,perfect_foresight,12.4824,20.468491999999998,0.0,False,False,0,-9.999999999976694e-05,18.024521999999997,0.0
Panther_retail_Lester,2017-05-04,previous_day,12.4824,20.831128000000003,0.0,False,True,1,-0.21509999999999962,,
Panther_retail_Lester,2017-05-04,previous_week,12.4824,20.831128000000003,0.0,False,True,1,-0.21509999999999962,,
Panther_retail_Lester,2017-05-04,ridge,12.4824,20.831128000000003,0.0,False,True,1,-0.21509999999999962,,
Panther_retail_Lester,2017-05-04,gradient_boosting,12.4824,20.831128000000003,0.0,False,True,1,-0.20509999999999984,,
Panther_retail_Lester,2017-05-04,perfect_foresight,12.4824,20.831128000000003,0.0,False,False,0,0.0049000000000001265,18.387128000000004,0.0
Panther_retail_Lester,2017-05-05,previous_day,12.4824,16.54792,0.0,False,True,3,-1.5533000000000001,,
Panther_retail_Lester,2017-05-05,previous_week,12.4824,16.54792,0.0,False,True,3,-1.6454,,
Panther_retail_Lester,2017-05-05,ridge,12.4824,16.54792,0.0,False,True,3,-1.5854000000000004,,
Panther_retail_Lester,2017-05-05,gradient_boosting,12.4824,16.54792,0.0,False,True,3,-1.6454,,
Panther_retail_Lester,2017-05-05,perfect_foresight,12.4824,16.54792,0.0,False,False,0,-0.0033000000000003027,14.105599999999999,0.0
Panther_retail_Lester,2017-05-06,previous_day,12.4824,13.929801999999999,0.0,False,True,3,-1.3336000000000001,,
Panther_retail_Lester,2017-05-06,previous_week,12.4824,13.929801999999999,0.0,False,True,3,-2.8836,,
Panther_retail_Lester,2017-05-06,ridge,12.4824,13.929801999999999,0.0,False,True,3,-2.2136,,
Panther_retail_Lester,2017-05-06,gradient_boosting,12.4824,13.929801999999999,0.0,False,True,3,-2.0836,,
Panther_retail_Lester,2017-05-06,perfect_foresight,12.4824,13.929801999999999,0.0,False,False,0,-0.0041999999999999815,11.488141999999998,0.0
Panther_retail_Lester,2017-05-07,previous_day,12.4824,15.485918,0.0,False,True,1,-0.2892999999999999,,
Panther_retail_Lester,2017-05-07,previous_week,12.4824,15.485918,0.0,False,True,3,-1.8955000000000002,,
Panther_retail_Lester,2017-05-07,ridge,12.4824,15.485918,0.0,False,True,2,-0.9055,,
Panther_retail_Lester,2017-05-07,gradient_boosting,12.4824,15.485918,0.0,False,True,2,-0.5892999999999997,,
Panther_retail_Lester,2017-05-07,perfect_foresight,12.4824,15.485918,0.0,False,False,0,-0.0041999999999999815,13.046178,0.0
Panther_retail_Lester,2017-05-08,previous_day,12.4824,19.321774000000005,0.0,False,False,0,0.3089999999999993,16.880774,0.0
Panther_retail_Lester,2017-05-08,previous_week,12.4824,19.321774000000005,0.0,False,True,3,-0.8882999999999996,,
Panther_retail_Lester,2017-05-08,ridge,12.4824,19.321774000000005,0.0,False,False,0,0.24170000000000025,16.877774000000002,0.0
Panther_retail_Lester,2017-05-08,gradient_boosting,12.4824,19.321774000000005,0.0,False,False,0,0.47170000000000023,16.880774000000002,0.0
Panther_retail_Lester,2017-05-08,perfect_foresight,12.4824,19.321774000000005,0.0,False,False,0,-0.0020999999999995467,16.878434000000002,0.0
Panther_retail_Lester,2017-05-09,previous_day,12.4824,18.229908000000002,0.0,False,True,2,-0.46740000000000004,,
Panther_retail_Lester,2017-05-09,previous_week,12.4824,18.229908000000002,0.0,False,True,1,-0.9473999999999996,,
Panther_retail_Lester,2017-05-09,ridge,12.4824,18.229908000000002,0.0,False,True,2,-0.8274000000000004,,
Panther_retail_Lester,2017-05-09,gradient_boosting,12.4824,18.229908000000002,0.0,False,True,1,-0.34739999999999993,,
Panther_retail_Lester,2017-05-09,perfect_foresight,12.4824,18.229908000000002,0.0,False,False,0,0.0026000000000001577,15.785908000000003,0.0
Panther_retail_Lester,2017-05-10,previous_day,12.4824,20.910957999999997,0.0,False,True,2,-0.44810000000000016,,
Panther_retail_Lester,2017-05-10,previous_week,12.4824,20.910957999999997,0.0,False,True,2,-1.3422999999999998,,
Panther_retail_Lester,2017-05-10,ridge,12.4824,20.910957999999997,0.0,False,True,3,-0.5423,,
Panther_retail_Lester,2017-05-10,gradient_boosting,12.4824,20.910957999999997,0.0,False,True,2,-0.38229999999999986,,
Panther_retail_Lester,2017-05-10,perfect_foresight,12.4824,20.910957999999997,0.0,False,False,0,-0.0022999999999999687,18.467647999999997,0.0
Panther_retail_Lester,2017-05-11,previous_day,12.4824,18.367054,0.0,False,True,1,-0.46720000000000006,,
Panther_retail_Lester,2017-05-11,previous_week,12.4824,18.367054,0.0,False,True,2,-0.9172000000000002,,
Panther_retail_Lester,2017-05-11,ridge,12.4824,18.367054,0.0,False,True,1,-0.3681000000000001,,
Panther_retail_Lester,2017-05-11,gradient_boosting,12.4824,18.367054,0.0,False,True,2,-0.9172000000000002,,
Panther_retail_Lester,2017-05-11,perfect_foresight,12.4824,18.367054,0.0,False,False,0,-0.0011999999999998678,15.923414000000003,0.0
Panther_retail_Lester,2017-05-12,previous_day,12.4824,20.120724000000003,0.0,False,True,1,-0.36209999999999987,,
Panther_retail_Lester,2017-05-12,previous_week,12.4824,20.120724000000003,0.0,False,False,0,0.8698999999999995,17.676724,0.0
Panther_retail_Lester,2017-05-12,ridge,12.4824,20.120724000000003,0.0,False,True,1,-0.36209999999999987,,
Panther_retail_Lester,2017-05-12,gradient_boosting,12.4824,20.120724000000003,0.0,False,True,1,-0.23209999999999997,,
Panther_retail_Lester,2017-05-12,perfect_foresight,12.4824,20.120724000000003,0.0,False,False,0,-0.0020999999999995467,17.677354,0.0
Panther_retail_Lester,2017-05-13,previous_day,12.4824,15.406754000000001,0.0,False,True,3,-1.3593000000000002,,
Panther_retail_Lester,2017-05-13,previous_week,12.4824,15.406754000000001,0.0,False,True,3,-0.7113999999999998,,
Panther_retail_Lester,2017-05-13,ridge,12.4824,15.406754000000001,0.0,False,True,3,-1.4533,,
Panther_retail_Lester,2017-05-13,gradient_boosting,12.4824,15.406754000000001,0.0,False,True,3,-1.4533,,
Panther_retail_Lester,2017-05-13,perfect_foresight,12.4824,15.406754000000001,0.0,False,False,0,-0.0032999999999998586,12.964164,0.0
Panther_retail_Lester,2017-05-14,previous_day,12.4824,15.649097999999997,0.0,False,True,2,-0.5714000000000001,,
Panther_retail_Lester,2017-05-14,previous_week,12.4824,15.649097999999997,0.0,False,True,2,-0.9653000000000005,,
Panther_retail_Lester,2017-05-14,ridge,12.4824,15.649097999999997,0.0,False,True,3,-1.1813999999999996,,
Panther_retail_Lester,2017-05-14,gradient_boosting,12.4824,15.649097999999997,0.0,False,True,2,-0.8913999999999995,,
Panther_retail_Lester,2017-05-14,perfect_foresight,12.4824,15.649097999999997,0.0,False,False,0,-0.0041999999999999815,13.206777999999998,0.0
Panther_retail_Lester,2017-05-15,previous_day,12.4824,21.131758000000005,0.0,False,False,0,1.1399999999999997,18.687758000000006,0.0
Panther_retail_Lester,2017-05-15,previous_week,12.4824,21.131758000000005,0.0,False,False,0,0.5199999999999996,18.687758000000006,0.0
Panther_retail_Lester,2017-05-15,ridge,12.4824,21.131758000000005,0.0,False,False,0,0.8399999999999999,18.687758000000006,0.0
Panther_retail_Lester,2017-05-15,gradient_boosting,12.4824,21.131758000000005,0.0,False,False,0,0.8899999999999997,18.687758000000006,0.0
Panther_retail_Lester,2017-05-15,perfect_foresight,12.4824,21.131758000000005,0.0,False,False,0,0.4299999999999997,18.687758000000006,0.0
Panther_retail_Lester,2017-05-16,previous_day,12.4824,24.397546,0.0,False,False,0,0.5930999999999997,21.953546,0.0
Panther_retail_Lester,2017-05-16,previous_week,12.4824,24.397546,0.0,False,False,0,0.9821999999999997,21.953546,0.0
Panther_retail_Lester,2017-05-16,ridge,12.4824,24.397546,0.0,False,False,0,0.5930999999999997,21.953546,0.0
Panther_retail_Lester,2017-05-16,gradient_boosting,12.4824,24.397546,0.0,False,False,0,0.5930999999999997,21.953546,0.0
Panther_retail_Lester,2017-05-16,perfect_foresight,12.4824,24.397546,0.0,False,False,0,0.5930999999999997,21.953546,0.0
Panther_retail_Lester,2017-05-17,previous_day,12.4824,26.418702,0.0,False,False,0,1.4992999999999999,23.974702,0.0
Panther_retail_Lester,2017-05-17,previous_week,12.4824,26.418702,0.0,False,False,0,1.8573000000000004,23.974702,0.0
Panther_retail_Lester,2017-05-17,ridge,12.4824,26.418702,0.0,False,False,0,1.4992999999999999,23.974702,0.0
Panther_retail_Lester,2017-05-17,gradient_boosting,12.4824,26.418702,0.0,False,False,0,1.4992999999999999,23.974702,0.0
Panther_retail_Lester,2017-05-17,perfect_foresight,12.4824,26.418702,0.0,False,False,0,1.4992999999999999,23.974702,0.0
Panther_retail_Lester,2017-05-18,previous_day,12.4824,24.105902000000007,0.0,False,False,0,0.34499999999999975,21.661902,0.0
Panther_retail_Lester,2017-05-18,previous_week,12.4824,24.105902000000007,0.0,False,False,0,0.7111000000000001,21.661902,0.0
Panther_retail_Lester,2017-05-18,ridge,12.4824,24.105902000000007,0.0,False,False,0,0.34499999999999975,21.661902,0.0
Panther_retail_Lester,2017-05-18,gradient_boosting,12.4824,24.105902000000007,0.0,False,False,0,0.34499999999999975,21.661902,0.0
Panther_retail_Lester,2017-05-18,perfect_foresight,12.4824,24.105902000000007,0.0,False,False,0,0.34499999999999975,21.661902,0.0
Panther_retail_Lester,2017-05-19,previous_day,12.4824,24.632416,0.0,False,False,0,0.7621000000000002,22.188416,0.0
Panther_retail_Lester,2017-05-19,previous_week,12.4824,24.632416,0.0,False,False,0,0.7621000000000002,22.188416,0.0
Panther_retail_Lester,2017-05-19,ridge,12.4824,24.632416,0.0,False,False,0,0.7621000000000002,22.188416,0.0
Panther_retail_Lester,2017-05-19,gradient_boosting,12.4824,24.632416,0.0,False,False,0,0.7621000000000002,22.188416,0.0
Panther_retail_Lester,2017-05-19,perfect_foresight,12.4824,24.632416,0.0,False,False,0,0.7621000000000002,22.188416,0.0
Panther_retail_Lester,2017-05-20,previous_day,12.4824,21.299932000000002,0.0,False,True,2,-0.4040999999999997,,
Panther_retail_Lester,2017-05-20,previous_week,12.4824,21.299932000000002,0.0,False,False,0,0.6459000000000001,18.855932,0.0
Panther_retail_Lester,2017-05-20,ridge,12.4824,21.299932000000002,0.0,False,True,2,-0.4040999999999997,,
Panther_retail_Lester,2017-05-20,gradient_boosting,12.4824,21.299932000000002,0.0,False,True,2,-0.4040999999999997,,
Panther_retail_Lester,2017-05-20,perfect_foresight,12.4824,21.299932000000002,0.0,False,False,0,0.0038999999999997925,18.855932000000003,0.0
Panther_retail_Lester,2017-05-21,previous_day,12.4824,24.140817999999996,0.0,False,False,0,0.7091000000000003,21.696818,0.0
Panther_retail_Lester,2017-05-21,previous_week,12.4824,24.140817999999996,0.0,False,False,0,1.4191000000000003,21.696818,0.0
Panther_retail_Lester,2017-05-21,ridge,12.4824,24.140817999999996,0.0,False,False,0,0.7091000000000003,21.696818,0.0
Panther_retail_Lester,2017-05-21,gradient_boosting,12.4824,24.140817999999996,0.0,False,False,0,0.7091000000000003,21.696818,0.0
Panther_retail_Lester,2017-05-21,perfect_foresight,12.4824,24.140817999999996,0.0,False,False,0,0.7091000000000003,21.696818,0.0
Panther_retail_Lester,2017-05-22,previous_day,12.4824,21.081116,0.0,False,False,0,0.46609999999999996,18.637116000000002,0.0
Panther_retail_Lester,2017-05-22,previous_week,12.4824,21.081116,0.0,False,False,0,0.46609999999999996,18.637116000000002,0.0
Panther_retail_Lester,2017-05-22,ridge,12.4824,21.081116,0.0,False,False,0,0.46609999999999996,18.637116000000002,0.0
Panther_retail_Lester,2017-05-22,gradient_boosting,12.4824,21.081116,0.0,False,False,0,0.46609999999999996,18.637116000000002,0.0
Panther_retail_Lester,2017-05-22,perfect_foresight,12.4824,21.081116,0.0,False,False,0,0.46609999999999996,18.637116000000002,0.0
Panther_retail_Lester,2017-05-23,previous_day,12.4824,23.921205999999994,0.0,False,False,0,1.2702,21.477206,0.0
Panther_retail_Lester,2017-05-23,previous_week,12.4824,23.921205999999994,0.0,False,False,0,1.2702,21.477206,0.0
Panther_retail_Lester,2017-05-23,ridge,12.4824,23.921205999999994,0.0,False,False,0,1.2702,21.477206,0.0
Panther_retail_Lester,2017-05-23,gradient_boosting,12.4824,23.921205999999994,0.0,False,False,0,1.2702,21.477206,0.0
Panther_retail_Lester,2017-05-23,perfect_foresight,12.4824,23.921205999999994,0.0,False,False,0,1.2702,21.477206,0.0
Panther_retail_Lester,2017-05-24,previous_day,12.4824,19.294957999999998,0.0,False,False,0,0.6090999999999998,16.850958,0.0
Panther_retail_Lester,2017-05-24,previous_week,12.4824,19.294957999999998,0.0,False,False,0,0.6090999999999998,16.850958,0.0
Panther_retail_Lester,2017-05-24,ridge,12.4824,19.294957999999998,0.0,False,False,0,0.6090999999999998,16.850958,0.0
Panther_retail_Lester,2017-05-24,gradient_boosting,12.4824,19.294957999999998,0.0,False,False,0,0.6090999999999998,16.850958,0.0
Panther_retail_Lester,2017-05-24,perfect_foresight,12.4824,19.294957999999998,0.0,False,False,0,0.6090999999999998,16.850958,0.0
Panther_retail_Lester,2017-05-25,previous_day,12.4824,18.196603999999997,0.0,False,True,2,-0.1600999999999999,,
Panther_retail_Lester,2017-05-25,previous_week,12.4824,18.196603999999997,0.0,False,True,2,-0.1600999999999999,,
Panther_retail_Lester,2017-05-25,ridge,12.4824,18.196603999999997,0.0,False,True,2,-0.1600999999999999,,
Panther_retail_Lester,2017-05-25,gradient_boosting,12.4824,18.196603999999997,0.0,False,True,1,-0.09699999999999953,,
Panther_retail_Lester,2017-05-25,perfect_foresight,12.4824,18.196603999999997,0.0,False,False,0,-9.999999999976694e-05,15.752634,0.0
Panther_retail_Lester,2017-05-26,previous_day,12.4824,18.963044,0.0,False,True,1,-0.2820999999999998,,
Panther_retail_Lester,2017-05-26,previous_week,12.4824,18.963044,0.0,False,True,1,-0.44209999999999994,,
Panther_retail_Lester,2017-05-26,ridge,12.4824,18.963044,0.0,False,True,1,-0.2920999999999996,,
Panther_retail_Lester,2017-05-26,gradient_boosting,12.4824,18.963044,0.0,False,False,0,0.19789999999999974,16.519044,0.0
Panther_retail_Lester,2017-05-26,perfect_foresight,12.4824,18.963044,0.0,False,False,0,-0.0020999999999995467,16.519674000000002,0.0
Panther_retail_Lester,2017-05-27,previous_day,12.4824,16.615174,0.0,False,True,3,-1.3023999999999996,,
Panther_retail_Lester,2017-05-27,previous_week,12.4824,16.615174,0.0,False,True,3,-1.4524,,
Panther_retail_Lester,2017-05-27,ridge,12.4824,16.615174,0.0,False,True,3,-1.3224,,
Panther_retail_Lester,2017-05-27,gradient_boosting,12.4824,16.615174,0.0,False,True,3,-0.6322000000000001,,
Panther_retail_Lester,2017-05-27,perfect_foresight,12.4824,16.615174,0.0,False,False,0,-0.0023999999999997357,14.170214,0.0
Panther_retail_Lester,2017-05-28,previous_day,12.4824,19.13159,0.0,False,True,1,-0.07419999999999938,,
Panther_retail_Lester,2017-05-28,previous_week,12.4824,19.13159,0.0,False,True,3,-1.2883,,
Panther_retail_Lester,2017-05-28,ridge,12.4824,19.13159,0.0,False,True,3,-0.5342000000000002,,
Panther_retail_Lester,2017-05-28,gradient_boosting,12.4824,19.13159,0.0,False,True,3,-0.6242000000000001,,
Panther_retail_Lester,2017-05-28,perfect_foresight,12.4824,19.13159,0.0,False,False,0,0.0017000000000000348,16.687589999999997,0.0
Panther_retail_Lester,2017-05-29,previous_day,12.4824,21.747836,0.0,False,False,0,0.08079999999999998,19.303836,0.0
Panther_retail_Lester,2017-05-29,previous_week,12.4824,21.747836,0.0,False,True,3,-0.7792000000000003,,
Panther_retail_Lester,2017-05-29,ridge,12.4824,21.747836,0.0,False,True,2,-0.4791999999999996,,
Panther_retail_Lester,2017-05-29,gradient_boosting,12.4824,21.747836,0.0,False,True,1,-0.5392000000000001,,
Panther_retail_Lester,2017-05-29,perfect_foresight,12.4824,21.747836,0.0,False,False,0,-0.0030000000000001137,19.304736000000002,0.0
Panther_retail_Lester,2017-05-30,previous_day,12.4824,29.599437999999996,0.0,False,False,0,1.8213,27.155438,0.0
Panther_retail_Lester,2017-05-30,previous_week,12.4824,29.599437999999996,0.0,False,False,0,1.7512999999999996,27.155438,0.0
Panther_retail_Lester,2017-05-30,ridge,12.4824,29.599437999999996,0.0,False,False,0,1.7512999999999996,27.155438,0.0
Panther_retail_Lester,2017-05-30,gradient_boosting,12.4824,29.599437999999996,0.0,False,False,0,1.7512999999999996,27.155438,0.0
Panther_retail_Lester,2017-05-30,perfect_foresight,12.4824,29.599437999999996,0.0,False,False,0,1.7512999999999996,27.155438,0.0
Panther_retail_Lester,2017-05-31,previous_day,12.4824,27.802632,0.0,False,False,0,1.7133000000000003,25.358631999999997,0.0
Panther_retail_Lester,2017-05-31,previous_week,12.4824,27.802632,0.0,False,False,0,1.7133000000000003,25.358631999999997,0.0
Panther_retail_Lester,2017-05-31,ridge,12.4824,27.802632,0.0,False,False,0,1.7133000000000003,25.358631999999997,0.0
Panther_retail_Lester,2017-05-31,gradient_boosting,12.4824,27.802632,0.0,False,False,0,1.7133000000000003,25.358631999999997,0.0
Panther_retail_Lester,2017-05-31,perfect_foresight,12.4824,27.802632,0.0,False,False,0,1.7133000000000003,25.358631999999997,0.0
Panther_retail_Lester,2017-06-01,previous_day,12.4824,24.774658,0.0,False,False,0,1.1492000000000004,22.330657999999996,0.0
Panther_retail_Lester,2017-06-01,previous_week,12.4824,24.774658,0.0,False,False,0,1.2631999999999994,22.330657999999996,0.0
Panther_retail_Lester,2017-06-01,ridge,12.4824,24.774658,0.0,False,False,0,1.1492000000000004,22.330657999999996,0.0
Panther_retail_Lester,2017-06-01,gradient_boosting,12.4824,24.774658,0.0,False,False,0,1.1492000000000004,22.330657999999996,0.0
Panther_retail_Lester,2017-06-01,perfect_foresight,12.4824,24.774658,0.0,False,False,0,1.1492000000000004,22.330658,0.0
Panther_retail_Lester,2017-06-02,previous_day,12.4824,21.150504,0.0,False,False,0,1.5693000000000001,18.706504000000002,0.0
Panther_retail_Lester,2017-06-02,previous_week,12.4824,21.150504,0.0,False,False,0,1.6203000000000003,18.706504000000002,0.0
Panther_retail_Lester,2017-06-02,ridge,12.4824,21.150504,0.0,False,False,0,1.5693000000000001,18.706504000000002,0.0
Panther_retail_Lester,2017-06-02,gradient_boosting,12.4824,21.150504,0.0,False,False,0,1.5693000000000001,18.706504000000002,0.0
Panther_retail_Lester,2017-06-02,perfect_foresight,12.4824,21.150504,0.0,False,False,0,1.5693000000000001,18.706504000000002,0.0
Panther_retail_Lester,2017-06-03,previous_day,12.4824,21.153592,0.0,False,False,0,1.2632000000000003,18.709592,0.0
Panther_retail_Lester,2017-06-03,previous_week,12.4824,21.153592,0.0,False,False,0,1.6399999999999997,18.706592,0.0
Panther_retail_Lester,2017-06-03,ridge,12.4824,21.153592,0.0,False,False,0,1.2632000000000003,18.709592,0.0
Panther_retail_Lester,2017-06-03,gradient_boosting,12.4824,21.153592,0.0,False,False,0,1.2632000000000003,18.709592,0.0
Panther_retail_Lester,2017-06-03,perfect_foresight,12.4824,21.153592,0.0,False,False,0,1.2632000000000003,18.709592,0.0
Panther_retail_Lester,2017-06-04,previous_day,12.4824,21.260267999999996,0.0,False,True,1,-0.13600000000000012,,
Panther_retail_Lester,2017-06-04,previous_week,12.4824,21.260267999999996,0.0,False,False,0,0.1120000000000001,18.816267999999997,0.0
Panther_retail_Lester,2017-06-04,ridge,12.4824,21.260267999999996,0.0,False,True,1,-0.13600000000000012,,
Panther_retail_Lester,2017-06-04,gradient_boosting,12.4824,21.260267999999996,0.0,False,True,1,-0.13600000000000012,,
Panther_retail_Lester,2017-06-04,perfect_foresight,12.4824,21.260267999999996,0.0,False,False,0,0.05999999999999961,18.816268,0.0
Panther_retail_Lester,2017-06-05,previous_day,12.4824,23.507784000000004,0.0,False,False,0,0.16100000000000048,21.063784000000002,0.0
Panther_retail_Lester,2017-06-05,previous_week,12.4824,23.507784000000004,0.0,False,False,0,0.9790999999999999,21.063784000000002,0.0
Panther_retail_Lester,2017-06-05,ridge,12.4824,23.507784000000004,0.0,False,False,0,0.9010999999999996,21.063784000000002,0.0
Panther_retail_Lester,2017-06-05,gradient_boosting,12.4824,23.507784000000004,0.0,False,False,0,0.9010999999999996,21.063784000000002,0.0
Panther_retail_Lester,2017-06-05,perfect_foresight,12.4824,23.507784000000004,0.0,False,False,0,0.9010999999999996,21.063784000000002,0.0
Panther_retail_Lester,2017-06-06,previous_day,12.4824,21.697113999999996,0.0,False,False,0,0.006999999999999673,19.253114,0.0
Panther_retail_Lester,2017-06-06,previous_week,12.4824,21.697113999999996,0.0,False,False,0,0.006999999999999673,19.253114,0.0
Panther_retail_Lester,2017-06-06,ridge,12.4824,21.697113999999996,0.0,False,False,0,0.006999999999999673,19.253114,0.0
Panther_retail_Lester,2017-06-06,gradient_boosting,12.4824,21.697113999999996,0.0,False,False,0,0.006999999999999673,19.253114,0.0
Panther_retail_Lester,2017-06-06,perfect_foresight,12.4824,21.697113999999996,0.0,False,False,0,0.006999999999999673,19.253114,0.0
Panther_retail_Lester,2017-06-07,previous_day,12.4824,19.611522,0.0,False,True,3,-1.2763,,
Panther_retail_Lester,2017-06-07,previous_week,12.4824,19.611522,0.0,False,True,3,-1.2763,,
Panther_retail_Lester,2017-06-07,ridge,12.4824,19.611522,0.0,False,True,3,-1.2763,,
Panther_retail_Lester,2017-06-07,gradient_boosting,12.4824,19.611522,0.0,False,True,3,-1.2763,,
Panther_retail_Lester,2017-06-07,perfect_foresight,12.4824,19.611522,0.0,False,False,0,-0.0032999999999998586,17.168512000000003,0.0
Panther_retail_Lester,2017-06-08,previous_day,12.4824,21.254488000000002,0.0,False,False,0,0.6358000000000001,18.810488,0.0
Panther_retail_Lester,2017-06-08,previous_week,12.4824,21.254488000000002,0.0,False,True,2,-0.6441999999999997,,
Panther_retail_Lester,2017-06-08,ridge,12.4824,21.254488000000002,0.0,False,True,2,-0.6441999999999997,,
Panther_retail_Lester,2017-06-08,gradient_boosting,12.4824,21.254488000000002,0.0,False,True,2,-0.6441999999999997,,
Panther_retail_Lester,2017-06-08,perfect_foresight,12.4824,21.254488000000002,0.0,False,False,0,-0.0041999999999999815,18.809378,0.0
Panther_retail_Lester,2017-06-09,previous_day,12.4824,23.720841999999998,0.0,False,False,0,0.06099999999999994,21.273842000000002,0.0
Panther_retail_Lester,2017-06-09,previous_week,12.4824,23.720841999999998,0.0,False,False,0,0.06099999999999994,21.276842000000002,0.0
Panther_retail_Lester,2017-06-09,ridge,12.4824,23.720841999999998,0.0,False,False,0,0.06099999999999994,21.276842000000002,0.0
Panther_retail_Lester,2017-06-09,gradient_boosting,12.4824,23.720841999999998,0.0,False,False,0,0.06099999999999994,21.276842,0.0
Panther_retail_Lester,2017-06-09,perfect_foresight,12.4824,23.720841999999998,0.0,False,False,0,0.06099999999999994,21.276842000000002,0.0
Panther_retail_Lester,2017-06-10,previous_day,12.4824,23.578580000000006,0.0,False,False,0,0.5590999999999999,21.134580000000007,0.0
Panther_retail_Lester,2017-06-10,previous_week,12.4824,23.578580000000006,0.0,False,False,0,0.5590999999999999,21.134580000000007,0.0
Panther_retail_Lester,2017-06-10,ridge,12.4824,23.578580000000006,0.0,False,False,0,0.5590999999999999,21.134580000000007,0.0
Panther_retail_Lester,2017-06-10,gradient_boosting,12.4824,23.578580000000006,0.0,False,False,0,0.5590999999999999,21.134580000000007,0.0
Panther_retail_Lester,2017-06-10,perfect_foresight,12.4824,23.578580000000006,0.0,False,False,0,0.5590999999999999,21.134580000000007,0.0
Panther_retail_Lester,2017-06-11,previous_day,12.4824,23.366882,0.0,False,False,0,0.5541,20.922881999999998,0.0
Panther_retail_Lester,2017-06-11,previous_week,12.4824,23.366882,0.0,False,False,0,0.5541,20.922881999999998,0.0
Panther_retail_Lester,2017-06-11,ridge,12.4824,23.366882,0.0,False,False,0,0.5541,20.922881999999998,0.0
Panther_retail_Lester,2017-06-11,gradient_boosting,12.4824,23.366882,0.0,False,False,0,0.5541,20.922881999999998,0.0
Panther_retail_Lester,2017-06-11,perfect_foresight,12.4824,23.366882,0.0,False,False,0,0.5541,20.922881999999998,0.0
Panther_retail_Lester,2017-06-12,previous_day,12.4824,39.410604,7.9246,False,False,0,3.4837,36.966604,2.0684000000000005
Panther_retail_Lester,2017-06-12,previous_week,12.4824,39.410604,7.9246,False,False,0,3.4837,36.966604,2.0684000000000005
Panther_retail_Lester,2017-06-12,ridge,12.4824,39.410604,7.9246,False,False,0,3.4837,36.966604,2.0684000000000005
Panther_retail_Lester,2017-06-12,gradient_boosting,12.4824,39.410604,7.9246,False,False,0,3.4837,36.966604,2.0684000000000005
Panther_retail_Lester,2017-06-12,perfect_foresight,12.4824,39.410604,7.9246,False,False,0,3.4837,37.173604,0.0
Panther_retail_Lester,2017-06-13,previous_day,12.4824,32.794309999999996,0.0,False,False,0,3.6287000000000003,30.557309999999998,0.0
Panther_retail_Lester,2017-06-13,previous_week,12.4824,32.794309999999996,0.0,False,False,0,1.9733,30.350309999999997,0.0
Panther_retail_Lester,2017-06-13,ridge,12.4824,32.794309999999996,0.0,False,False,0,1.9733,30.350309999999997,0.0
Panther_retail_Lester,2017-06-13,gradient_boosting,12.4824,32.794309999999996,0.0,False,False,0,1.9733,30.350309999999997,0.0
Panther_retail_Lester,2017-06-13,perfect_foresight,12.4824,32.794309999999996,0.0,False,False,0,1.9733,30.350309999999997,0.0
Panther_retail_Lester,2017-06-14,previous_day,12.4824,34.59147800000001,0.0,False,False,0,4.4909,32.14747800000001,0.0
Panther_retail_Lester,2017-06-14,previous_week,12.4824,34.59147800000001,0.0,False,False,0,4.2015,32.14747800000001,0.0
Panther_retail_Lester,2017-06-14,ridge,12.4824,34.59147800000001,0.0,False,False,0,4.4909,32.14747800000001,0.0
Panther_retail_Lester,2017-06-14,gradient_boosting,12.4824,34.59147800000001,0.0,False,False,0,4.4909,32.14747800000001,0.0
Panther_retail_Lester,2017-06-14,perfect_foresight,12.4824,34.59147800000001,0.0,False,False,0,4.4909,32.14747800000001,0.0
Panther_retail_Lester,2017-06-15,previous_day,12.4824,35.865216,1.6542999999999992,False,False,0,4.2738,33.421215999999994,0.0
Panther_retail_Lester,2017-06-15,previous_week,12.4824,35.865216,1.6542999999999992,False,False,0,4.2738,33.418215999999994,0.0
Panther_retail_Lester,2017-06-15,ridge,12.4824,35.865216,1.6542999999999992,False,False,0,4.2738,33.421215999999994,0.0
Panther_retail_Lester,2017-06-15,gradient_boosting,12.4824,35.865216,1.6542999999999992,False,False,0,4.2738,33.421216,0.0
Panther_retail_Lester,2017-06-15,perfect_foresight,12.4824,35.865216,1.6542999999999992,False,False,0,4.2738,33.421215999999994,0.0
Panther_retail_Lester,2017-06-16,previous_day,12.4824,38.50571399999999,0.6450999999999993,False,False,0,4.5579,36.061714,0.0
Panther_retail_Lester,2017-06-16,previous_week,12.4824,38.50571399999999,0.6450999999999993,False,False,0,4.5579,36.061714,0.0
Panther_retail_Lester,2017-06-16,ridge,12.4824,38.50571399999999,0.6450999999999993,False,False,0,4.5579,36.061714,0.0
Panther_retail_Lester,2017-06-16,gradient_boosting,12.4824,38.50571399999999,0.6450999999999993,False,False,0,4.5579,36.061714,0.0
Panther_retail_Lester,2017-06-16,perfect_foresight,12.4824,38.50571399999999,0.6450999999999993,False,False,0,4.5579,36.061714,0.0
Panther_retail_Lester,2017-06-17,previous_day,12.4824,45.633152,5.466000000000001,False,False,0,4.6399,43.18915200000001,5.3820000000000014
Panther_retail_Lester,2017-06-17,previous_week,12.4824,45.633152,5.466000000000001,False,False,0,4.6399,43.18915200000001,5.3820000000000014
Panther_retail_Lester,2017-06-17,ridge,12.4824,45.633152,5.466000000000001,False,False,0,4.6399,43.189152,5.3820000000000014
Panther_retail_Lester,2017-06-17,gradient_boosting,12.4824,45.633152,5.466000000000001,False,False,0,4.6399,43.189152,5.3820000000000014
Panther_retail_Lester,2017-06-17,perfect_foresight,12.4824,45.633152,5.466000000000001,False,False,0,4.6399,43.199152000000005,0.009999999999999787
Panther_retail_Lester,2017-06-18,previous_day,12.4824,43.57449200000001,0.0,False,False,0,4.5644,41.140492,0.0
Panther_retail_Lester,2017-06-18,previous_week,12.4824,43.57449200000001,0.0,False,False,0,5.632099999999999,41.130492000000004,0.0
Panther_retail_Lester,2017-06-18,ridge,12.4824,43.57449200000001,0.0,False,False,0,5.632099999999999,41.130492000000004,0.0
Panther_retail_Lester,2017-06-18,gradient_boosting,12.4824,43.57449200000001,0.0,False,False,0,5.632099999999999,41.130492000000004,0.0
Panther_retail_Lester,2017-06-18,perfect_foresight,12.4824,43.57449200000001,0.0,False,False,0,5.632099999999999,41.130492000000004,0.0
Panther_retail_Lester,2017-06-23,previous_day,12.4824,55.618947999999996,19.433799999999998,False,False,0,5.9811,53.212548,9.520599999999996
Panther_retail_Lester,2017-06-23,previous_week,12.4824,55.618947999999996,19.433799999999998,False,False,0,5.9811,53.17494799999999,13.954799999999999
Panther_retail_Lester,2017-06-23,ridge,12.4824,55.618947999999996,19.433799999999998,False,False,0,5.9811,53.226147999999995,12.864799999999999
Panther_retail_Lester,2017-06-23,gradient_boosting,12.4824,55.618947999999996,19.433799999999998,False,False,0,5.9811,53.220548,13.384799999999998
Panther_retail_Lester,2017-06-23,perfect_foresight,12.4824,55.618947999999996,19.433799999999998,False,False,0,5.9811,53.32854800000001,4.402199999999999
Panther_retail_Lester,2017-06-24,previous_day,12.4824,52.99781199999999,12.615499999999997,False,False,0,6.4872,50.707412,4.898300000000001
Panther_retail_Lester,2017-06-24,previous_week,12.4824,52.99781199999999,12.615499999999997,False,False,0,6.4872,50.56381199999999,7.6076999999999995
Panther_retail_Lester,2017-06-24,ridge,12.4824,52.99781199999999,12.615499999999997,False,False,0,6.4872,50.61941199999999,8.6459
Panther_retail_Lester,2017-06-24,gradient_boosting,12.4824,52.99781199999999,12.615499999999997,False,False,0,6.4872,50.61941199999998,8.3159
Panther_retail_Lester,2017-06-24,perfect_foresight,12.4824,52.99781199999999,12.615499999999997,False,False,0,6.4872,51.188812000000006,0.00990000000000002
Panther_retail_Lester,2017-06-25,previous_day,12.4824,41.929888,0.0,False,False,0,5.8361,40.120887999999994,0.0
Panther_retail_Lester,2017-06-25,previous_week,12.4824,41.929888,0.0,False,False,0,5.366,39.485888,0.11709999999999887
Panther_retail_Lester,2017-06-25,ridge,12.4824,41.929888,0.0,False,False,0,5.366,39.545888,0.0
Panther_retail_Lester,2017-06-25,gradient_boosting,12.4824,41.929888,0.0,False,False,0,5.366,39.526688,0.0
Panther_retail_Lester,2017-06-25,perfect_foresight,12.4824,41.929888,0.0,False,False,0,5.366,39.495488,0.0
Panther_retail_Lester,2017-06-28,previous_day,12.4824,45.892118,10.5601,False,False,0,2.7936,43.448118,6.557400000000001
Panther_retail_Lester,2017-06-28,previous_week,12.4824,45.892118,10.5601,False,False,0,2.7936,43.479518,3.439
Panther_retail_Lester,2017-06-28,ridge,12.4824,45.892118,10.5601,False,False,0,2.7936,43.448118,7.137400000000001
Panther_retail_Lester,2017-06-28,gradient_boosting,12.4824,45.892118,10.5601,False,False,0,2.7936,43.448118,7.137400000000001
Panther_retail_Lester,2017-06-28,perfect_foresight,12.4824,45.892118,10.5601,False,False,0,2.7936,43.565118000000005,0.009000000000000341
Panther_retail_Lester,2017-06-29,previous_day,12.4824,58.991384000000004,36.935199999999995,False,False,0,4.9069,56.664384,22.05689999999999
Panther_retail_Lester,2017-06-29,previous_week,12.4824,58.991384000000004,36.935199999999995,False,False,0,4.9069,56.584984,21.895199999999996
Panther_retail_Lester,2017-06-29,ridge,12.4824,58.991384000000004,36.935199999999995,False,False,0,4.9069,56.547383999999994,22.383299999999995
Panther_retail_Lester,2017-06-29,gradient_boosting,12.4824,58.991384000000004,36.935199999999995,False,False,0,4.9069,56.547383999999994,22.383299999999995
Panther_retail_Lester,2017-06-29,perfect_foresight,12.4824,58.991384000000004,36.935199999999995,False,False,0,4.9069,56.547383999999994,21.895199999999992
Panther_retail_Lester,2017-06-30,previous_day,12.4824,56.05551400000001,19.6429,False,False,0,6.0412,53.61151400000001,11.553499999999998
Panther_retail_Lester,2017-06-30,previous_week,12.4824,56.05551400000001,19.6429,False,False,0,6.0412,53.765114000000004,10.588200000000002
Panther_retail_Lester,2017-06-30,ridge,12.4824,56.05551400000001,19.6429,False,False,0,6.0412,53.637114000000004,11.394400000000001
Panther_retail_Lester,2017-06-30,gradient_boosting,12.4824,56.05551400000001,19.6429,False,False,0,6.0412,53.64051400000001,11.344400000000002
Panther_retail_Lester,2017-06-30,perfect_foresight,12.4824,56.05551400000001,19.6429,False,False,0,6.0412,54.011514,3.4791000000000007
Panther_retail_Lester,2017-07-01,previous_day,12.4824,49.90644200000001,0.6981000000000002,False,False,0,7.6884,47.862442,2.173499999999999
Panther_retail_Lester,2017-07-01,previous_week,12.4824,49.90644200000001,0.6981000000000002,False,False,0,6.4559999999999995,48.097442,2.3307
Panther_retail_Lester,2017-07-01,ridge,12.4824,49.90644200000001,0.6981000000000002,False,False,0,7.6564,47.59924200000001,2.173499999999999
Panther_retail_Lester,2017-07-01,gradient_boosting,12.4824,49.90644200000001,0.6981000000000002,False,False,0,7.3584,47.637642000000014,2.173499999999999
Panther_retail_Lester,2017-07-01,perfect_foresight,12.4824,49.90644200000001,0.6981000000000002,False,False,0,7.3584,47.55124200000001,0.0
Panther_retail_Lester,2017-07-02,previous_day,12.4824,53.448975999999995,16.016199999999998,False,False,0,7.2943999999999996,51.093776,13.3537
Panther_retail_Lester,2017-07-02,previous_week,12.4824,53.448975999999995,16.016199999999998,False,False,0,7.2943999999999996,51.014576,13.7669
Panther_retail_Lester,2017-07-02,ridge,12.4824,53.448975999999995,16.016199999999998,False,False,0,7.2943999999999996,51.11137599999999,13.3537
Panther_retail_Lester,2017-07-02,gradient_boosting,12.4824,53.448975999999995,16.016199999999998,False,False,0,7.2943999999999996,51.07977599999999,13.7069
Panther_retail_Lester,2017-07-02,perfect_foresight,12.4824,53.448975999999995,16.016199999999998,False,False,0,7.3834,51.21197599999999,0.9873999999999974
Panther_retail_Lester,2017-07-05,previous_day,12.4824,61.085083999999995,48.755500000000005,False,False,0,4.7199,58.641084,35.75
Panther_retail_Lester,2017-07-05,previous_week,12.4824,61.085083999999995,48.755500000000005,False,False,0,4.5769,58.758084,35.23
Panther_retail_Lester,2017-07-05,ridge,12.4824,61.085083999999995,48.755500000000005,False,False,0,4.5769,58.64108399999999,35.75
Panther_retail_Lester,2017-07-05,gradient_boosting,12.4824,61.085083999999995,48.755500000000005,False,False,0,4.5769,58.64108399999999,35.75
Panther_retail_Lester,2017-07-05,perfect_foresight,12.4824,61.085083999999995,48.755500000000005,False,False,0,4.5769,58.662683999999985,33.72
Panther_retail_Lester,2017-07-06,previous_day,12.4824,56.774608,29.310699999999997,False,False,0,6.0111,54.352208,14.270699999999994
Panther_retail_Lester,2017-07-06,previous_week,12.4824,56.774608,29.310699999999997,False,False,0,6.0111,54.330608,14.501899999999996
Panther_retail_Lester,2017-07-06,ridge,12.4824,56.774608,29.310699999999997,False,False,0,6.0111,54.476808,16.933899999999994
Panther_retail_Lester,2017-07-06,gradient_boosting,12.4824,56.774608,29.310699999999997,False,False,0,6.0111,54.44240799999999,15.0019
Panther_retail_Lester,2017-07-06,perfect_foresight,12.4824,56.774608,29.310699999999997,False,False,0,6.0111,54.330608,14.271899999999995
Panther_retail_Lester,2017-07-07,previous_day,12.4824,55.931656000000004,21.975299999999997,False,False,0,5.9371,53.487656,16.0783
Panther_retail_Lester,2017-07-07,previous_week,12.4824,55.931656000000004,21.975299999999997,False,False,0,5.9371,53.88765600000001,13.837199999999998
Panther_retail_Lester,2017-07-07,ridge,12.4824,55.931656000000004,21.975299999999997,False,False,0,5.9371,53.52365600000001,14.7472
Panther_retail_Lester,2017-07-07,gradient_boosting,12.4824,55.931656000000004,21.975299999999997,False,False,0,5.9371,53.55645600000001,16.4772
Panther_retail_Lester,2017-07-07,perfect_foresight,12.4824,55.931656000000004,21.975299999999997,False,False,0,5.9371,53.516256,6.948699999999999
Panther_retail_Lester,2017-07-08,previous_day,12.4824,48.353829999999995,4.876899999999999,False,False,0,6.2062,45.93843,0.5200999999999993
Panther_retail_Lester,2017-07-08,previous_week,12.4824,48.353829999999995,4.876899999999999,False,False,0,6.2062,45.99862999999999,1.1012000000000004
Panther_retail_Lester,2017-07-08,ridge,12.4824,48.353829999999995,4.876899999999999,False,False,0,6.2062,45.97462999999999,0.7311999999999994
Panther_retail_Lester,2017-07-08,gradient_boosting,12.4824,48.353829999999995,4.876899999999999,False,False,0,6.2062,46.001829999999984,1.1012000000000004
Panther_retail_Lester,2017-07-08,perfect_foresight,12.4824,48.353829999999995,4.876899999999999,False,False,0,6.2062,45.96182999999999,0.005199999999998539
Panther_retail_Lester,2017-07-09,previous_day,12.4824,55.4744,25.0088,False,False,0,5.249,53.08240000000001,18.135799999999996
Panther_retail_Lester,2017-07-09,previous_week,12.4824,55.4744,25.0088,False,False,0,5.249,53.2374,10.409199999999998
Panther_retail_Lester,2017-07-09,ridge,12.4824,55.4744,25.0088,False,False,0,5.249,53.0392,19.125799999999998
Panther_retail_Lester,2017-07-09,gradient_boosting,12.4824,55.4744,25.0088,False,False,0,5.249,53.1312,18.5387
Panther_retail_Lester,2017-07-09,perfect_foresight,12.4824,55.4744,25.0088,False,False,0,5.249,53.053200000000004,9.9662
Panther_retail_Lester,2017-07-10,previous_day,12.4824,62.014406,32.6084,False,False,0,5.9032,59.593206,21.0061
Panther_retail_Lester,2017-07-10,previous_week,12.4824,62.014406,32.6084,False,False,0,5.9032,59.570406000000006,21.9595
Panther_retail_Lester,2017-07-10,ridge,12.4824,62.014406,32.6084,False,False,0,5.9032,59.611205999999996,24.1199
Panther_retail_Lester,2017-07-10,gradient_boosting,12.4824,62.014406,32.6084,False,False,0,5.9032,59.659006,24.110800000000005
Panther_retail_Lester,2017-07-10,perfect_foresight,12.4824,62.014406,32.6084,False,False,0,5.9032,59.568406,21.021800000000002
Panther_retail_Lester,2017-07-11,previous_day,12.4824,57.930026,14.566799999999999,False,False,0,5.8921,55.484026,13.072799999999999
Panther_retail_Lester,2017-07-11,previous_week,12.4824,57.930026,14.566799999999999,False,False,0,5.7941,55.486025999999995,11.8028
Panther_retail_Lester,2017-07-11,ridge,12.4824,57.930026,14.566799999999999,False,False,0,5.8921,55.660425999999994,12.326400000000001
Panther_retail_Lester,2017-07-11,gradient_boosting,12.4824,57.930026,14.566799999999999,False,False,0,5.8921,55.776426,13.3064
Panther_retail_Lester,2017-07-11,perfect_foresight,12.4824,57.930026,14.566799999999999,False,False,0,5.8921,56.126626,0.5718000000000014
Panther_retail_Lester,2017-07-12,previous_day,12.4824,53.981348000000004,16.252199999999995,False,False,0,6.2202,52.177948,6.574299999999997
Panther_retail_Lester,2017-07-12,previous_week,12.4824,53.981348000000004,16.252199999999995,False,False,0,6.2202,51.558948,8.052899999999996
Panther_retail_Lester,2017-07-12,ridge,12.4824,53.981348000000004,16.252199999999995,False,False,0,6.2202,51.730948000000005,8.352899999999995
Panther_retail_Lester,2017-07-12,gradient_boosting,12.4824,53.981348000000004,16.252199999999995,False,False,0,6.2202,51.896948,9.772899999999996
Panther_retail_Lester,2017-07-12,perfect_foresight,12.4824,53.981348000000004,16.252199999999995,False,False,0,6.2202,51.60134800000001,1.2206999999999972
Panther_retail_Lester,2017-07-13,previous_day,12.4824,58.32808999999999,27.5873,False,False,0,5.8481,55.94808999999999,15.097399999999999
Panther_retail_Lester,2017-07-13,previous_week,12.4824,58.32808999999999,27.5873,False,False,0,5.8481,55.88408999999999,19.0419
Panther_retail_Lester,2017-07-13,ridge,12.4824,58.32808999999999,27.5873,False,False,0,5.8481,55.901289999999996,19.4929
Panther_retail_Lester,2017-07-13,gradient_boosting,12.4824,58.32808999999999,27.5873,False,False,0,5.8481,55.966689999999986,18.652899999999995
Panther_retail_Lester,2017-07-13,perfect_foresight,12.4824,58.32808999999999,27.5873,False,False,0,5.8481,56.05009,12.551899999999998
Panther_retail_Lester,2017-07-14,previous_day,12.4824,60.27878000000001,27.405299999999997,False,False,0,7.6685,58.00078000000001,13.086499999999997
Panther_retail_Lester,2017-07-14,previous_week,12.4824,60.27878000000001,27.405299999999997,False,False,0,7.6685,57.863380000000014,15.437799999999996
Panther_retail_Lester,2017-07-14,ridge,12.4824,60.27878000000001,27.405299999999997,False,False,0,7.6685,57.95318000000001,15.485299999999995
Panther_retail_Lester,2017-07-14,gradient_boosting,12.4824,60.27878000000001,27.405299999999997,False,False,0,7.6685,57.96518000000001,15.575299999999999
Panther_retail_Lester,2017-07-14,perfect_foresight,12.4824,60.27878000000001,27.405299999999997,False,False,0,7.6685,58.00818,12.286299999999995
Panther_retail_Lester,2017-07-15,previous_day,12.4824,58.85593800000001,25.179000000000002,False,False,0,6.6283,56.585338000000014,18.2778
Panther_retail_Lester,2017-07-15,previous_week,12.4824,58.85593800000001,25.179000000000002,False,False,0,6.6283,56.463938000000006,21.676699999999997
Panther_retail_Lester,2017-07-15,ridge,12.4824,58.85593800000001,25.179000000000002,False,False,0,6.6283,56.56113800000001,18.830199999999998
Panther_retail_Lester,2017-07-15,gradient_boosting,12.4824,58.85593800000001,25.179000000000002,False,False,0,6.6283,56.549538000000005,20.986700000000003
Panther_retail_Lester,2017-07-15,perfect_foresight,12.4824,58.85593800000001,25.179000000000002,False,False,0,6.6283,56.598538000000005,10.138299999999997
Panther_retail_Lester,2017-07-16,previous_day,12.4824,66.17314400000001,45.2198,False,False,0,7.5815,63.91574400000001,36.18339999999999
Panther_retail_Lester,2017-07-16,previous_week,12.4824,66.17314400000001,45.2198,False,False,0,7.5815,63.751944,34.99159999999999
Panther_retail_Lester,2017-07-16,ridge,12.4824,66.17314400000001,45.2198,False,False,0,7.423400000000001,63.95554399999999,38.421499999999995
Panther_retail_Lester,2017-07-16,gradient_boosting,12.4824,66.17314400000001,45.2198,False,False,0,7.423400000000001,63.878744,38.7215
Panther_retail_Lester,2017-07-16,perfect_foresight,12.4824,66.17314400000001,45.2198,False,False,0,7.5815,63.793544,32.9444
Panther_retail_Lester,2017-07-17,previous_day,12.4824,64.030888,39.585499999999996,False,False,0,8.9417,61.651287999999994,26.96429999999999
Panther_retail_Lester,2017-07-17,previous_week,12.4824,64.030888,39.585499999999996,False,False,0,8.8717,61.58488799999999,27.84819999999999
Panther_retail_Lester,2017-07-17,ridge,12.4824,64.030888,39.585499999999996,False,False,0,9.002099999999999,62.031488,27.689699999999995
Panther_retail_Lester,2017-07-17,gradient_boosting,12.4824,64.030888,39.585499999999996,False,False,0,9.171700000000001,61.99188800000001,28.760199999999998
Panther_retail_Lester,2017-07-17,perfect_foresight,12.4824,64.030888,39.585499999999996,False,False,0,8.8717,61.646487999999984,24.559499999999993
Panther_retail_Lester,2017-07-18,previous_day,12.4824,61.19012199999999,37.0472,False,False,0,7.4194,58.80572199999999,24.022
Panther_retail_Lester,2017-07-18,previous_week,12.4824,61.19012199999999,37.0472,False,False,0,7.4194,59.386722,26.6972
Panther_retail_Lester,2017-07-18,ridge,12.4824,61.19012199999999,37.0472,False,False,0,7.4194,58.920922,23.9896
Panther_retail_Lester,2017-07-18,gradient_boosting,12.4824,61.19012199999999,37.0472,False,False,0,7.4194,58.91452199999999,24.6618
Panther_retail_Lester,2017-07-18,perfect_foresight,12.4824,61.19012199999999,37.0472,False,False,0,7.4194,58.809321999999995,22.012
Panther_retail_Lester,2017-07-19,previous_day,12.4824,62.8949,40.4919,False,False,0,6.7963,60.514100000000006,26.315399999999997
Panther_retail_Lester,2017-07-19,previous_week,12.4824,62.8949,40.4919,False,False,0,6.7963,60.5149,26.5572
Panther_retail_Lester,2017-07-19,ridge,12.4824,62.8949,40.4919,False,False,0,6.7963,60.5467,26.4002
Panther_retail_Lester,2017-07-19,gradient_boosting,12.4824,62.8949,40.4919,False,False,0,6.7963,60.5319,27.035500000000003
Panther_retail_Lester,2017-07-19,perfect_foresight,12.4824,62.8949,40.4919,False,False,0,6.7963,60.5377,25.4531
Panther_retail_Lester,2017-07-20,previous_day,12.4824,60.4612,32.400299999999994,False,False,0,6.7853,58.104,18.537599999999998
Panther_retail_Lester,2017-07-20,previous_week,12.4824,60.4612,32.400299999999994,False,False,0,6.7853,58.18319999999999,19.966899999999995
Panther_retail_Lester,2017-07-20,ridge,12.4824,60.4612,32.400299999999994,False,False,0,6.7853,58.206399999999995,18.847599999999996
Panther_retail_Lester,2017-07-20,gradient_boosting,12.4824,60.4612,32.400299999999994,False,False,0,6.7853,58.072399999999995,19.313699999999997
Panther_retail_Lester,2017-07-20,perfect_foresight,12.4824,60.4612,32.400299999999994,False,False,0,6.7853,58.020199999999996,17.370299999999993
Panther_retail_Lester,2017-07-21,previous_day,12.4824,59.50368,26.4971,False,False,0,6.2742,57.06268,12.9531
Panther_retail_Lester,2017-07-21,previous_week,12.4824,59.50368,26.4971,False,False,0,6.2742,57.23308,13.983099999999999
Panther_retail_Lester,2017-07-21,ridge,12.4824,59.50368,26.4971,False,False,0,6.2742,57.135680000000015,12.518299999999998
Panther_retail_Lester,2017-07-21,gradient_boosting,12.4824,59.50368,26.4971,False,False,0,6.2742,57.12368000000001,12.8976
Panther_retail_Lester,2017-07-21,perfect_foresight,12.4824,59.50368,26.4971,False,False,0,6.2742,57.08768000000001,11.4614
Panther_retail_Lester,2017-07-22,previous_day,12.4824,49.986516,9.279799999999998,False,False,0,6.3992,47.570516,2.7104999999999997
Panther_retail_Lester,2017-07-22,previous_week,12.4824,49.986516,9.279799999999998,False,False,0,6.3992,47.729116,4.4323
Panther_retail_Lester,2017-07-22,ridge,12.4824,49.986516,9.279799999999998,False,False,0,6.3992,47.63691599999999,2.737499999999999
Panther_retail_Lester,2017-07-22,gradient_boosting,12.4824,49.986516,9.279799999999998,False,False,0,6.3992,47.65931599999999,2.737499999999999
Panther_retail_Lester,2017-07-22,perfect_foresight,12.4824,49.986516,9.279799999999998,False,False,0,6.3992,47.813516,0.004400000000000404
Panther_retail_Lester,2017-07-23,previous_day,12.4824,44.682452000000005,4.603899999999999,False,False,0,6.1672,42.509451999999996,1.5092999999999996
Panther_retail_Lester,2017-07-23,previous_week,12.4824,44.682452000000005,4.603899999999999,False,False,0,6.1672,42.302851999999994,2.2744
Panther_retail_Lester,2017-07-23,ridge,12.4824,44.682452000000005,4.603899999999999,False,False,0,6.1672,42.238452,2.5555000000000003
Panther_retail_Lester,2017-07-23,gradient_boosting,12.4824,44.682452000000005,4.603899999999999,False,False,0,6.1672,42.323252000000004,2.5555000000000003
Panther_retail_Lester,2017-07-23,perfect_foresight,12.4824,44.682452000000005,4.603899999999999,False,False,0,6.1672,42.347452000000004,0.0
Panther_retail_Lester,2017-07-24,previous_day,12.4824,52.424326,3.4645999999999972,False,False,0,6.4032,50.089326,1.0082000000000004
Panther_retail_Lester,2017-07-24,previous_week,12.4824,52.424326,3.4645999999999972,False,False,0,6.4032,50.039926,0.2782
Panther_retail_Lester,2017-07-24,ridge,12.4824,52.424326,3.4645999999999972,False,False,0,6.4032,49.98072600000001,1.4992999999999999
Panther_retail_Lester,2017-07-24,gradient_boosting,12.4824,52.424326,3.4645999999999972,False,False,0,6.4032,49.99152600000001,1.3893000000000004
Panther_retail_Lester,2017-07-24,perfect_foresight,12.4824,52.424326,3.4645999999999972,False,False,0,6.4032,50.059126000000006,0.0010999999999992127
Panther_retail_Lester,2017-07-25,previous_day,12.4824,60.64019,34.479600000000005,False,False,0,5.6921,58.27499000000001,31.7102
Panther_retail_Lester,2017-07-25,previous_week,12.4824,60.64019,34.479600000000005,False,False,0,5.6921,58.259389999999996,29.710200000000004
Panther_retail_Lester,2017-07-25,ridge,12.4824,60.64019,34.479600000000005,False,False,0,5.6921,58.29059,32.3502
Panther_retail_Lester,2017-07-25,gradient_boosting,12.4824,60.64019,34.479600000000005,False,False,0,5.6921,58.30259,32.360200000000006
Panther_retail_Lester,2017-07-25,perfect_foresight,12.4824,60.64019,34.479600000000005,False,False,0,5.6921,58.24738999999999,20.9983
Panther_retail_Lester,2017-07-26,previous_day,12.4824,65.98016199999999,39.190799999999996,False,False,0,8.0325,63.587362,31.73579999999999
Panther_retail_Lester,2017-07-26,previous_week,12.4824,65.98016199999999,39.190799999999996,False,False,0,8.0325,63.622961999999994,33.026999999999994
Panther_retail_Lester,2017-07-26,ridge,12.4824,65.98016199999999,39.190799999999996,False,False,0,8.0325,63.850962,33.139599999999994
Panther_retail_Lester,2017-07-26,gradient_boosting,12.4824,65.98016199999999,39.190799999999996,False,False,0,8.0325,63.61296199999999,35.22299999999999
Panther_retail_Lester,2017-07-26,perfect_foresight,12.4824,65.98016199999999,39.190799999999996,False,False,0,8.7357,63.55436199999999,27.1944
Panther_retail_Lester,2017-07-27,previous_day,12.4824,62.75441200000001,26.862399999999994,False,False,0,8.5717,60.328612,15.181499999999994
Panther_retail_Lester,2017-07-27,previous_week,12.4824,62.75441200000001,26.862399999999994,False,False,0,8.5717,60.313412,17.314899999999994
Panther_retail_Lester,2017-07-27,ridge,12.4824,62.75441200000001,26.862399999999994,False,False,0,8.5717,61.02521200000001,14.736799999999993
Panther_retail_Lester,2017-07-27,gradient_boosting,12.4824,62.75441200000001,26.862399999999994,False,False,0,8.5717,60.497012000000005,19.068599999999996
Panther_retail_Lester,2017-07-27,perfect_foresight,12.4824,62.75441200000001,26.862399999999994,False,False,0,8.5717,60.330412,12.954899999999995
Panther_retail_Lester,2017-07-28,previous_day,12.4824,60.288523999999995,22.7525,False,False,0,7.2384,57.864524,14.0713
Panther_retail_Lester,2017-07-28,previous_week,12.4824,60.288523999999995,22.7525,False,False,0,7.2384,57.872524,15.994600000000002
Panther_retail_Lester,2017-07-28,ridge,12.4824,60.288523999999995,22.7525,False,False,0,7.2384,57.994524000000006,15.948099999999998
Panther_retail_Lester,2017-07-28,gradient_boosting,12.4824,60.288523999999995,22.7525,False,False,0,7.2384,57.957324,17.2846
Panther_retail_Lester,2017-07-28,perfect_foresight,12.4824,60.288523999999995,22.7525,False,False,0,7.2384,58.162724000000004,9.9188
Panther_retail_Lester,2017-07-29,previous_day,12.4824,43.432702,0.0,False,False,0,6.5423,41.306902,0.4992000000000001
Panther_retail_Lester,2017-07-29,previous_week,12.4824,43.432702,0.0,False,False,0,4.072699999999999,41.259702000000004,1.6024999999999991
Panther_retail_Lester,2017-07-29,ridge,12.4824,43.432702,0.0,False,False,0,4.072699999999999,41.169102,0.0
Panther_retail_Lester,2017-07-29,gradient_boosting,12.4824,43.432702,0.0,False,False,0,4.072699999999999,41.379501999999995,0.4992000000000001
Panther_retail_Lester,2017-07-29,perfect_foresight,12.4824,43.432702,0.0,False,False,0,4.072699999999999,41.076702,0.0032999999999994145
Panther_retail_Lester,2017-07-30,previous_day,12.4824,37.33649799999999,0.0,False,False,0,2.8255,34.98049799999999,0.5782000000000007
Panther_retail_Lester,2017-07-30,previous_week,12.4824,37.33649799999999,0.0,False,False,0,3.1915999999999993,35.001498,0.9573
Panther_retail_Lester,2017-07-30,ridge,12.4824,37.33649799999999,0.0,False,False,0,2.8255,34.96209799999999,0.9573
Panther_retail_Lester,2017-07-30,gradient_boosting,12.4824,37.33649799999999,0.0,False,False,0,2.8255,34.89409799999999,0.9573
Panther_retail_Lester,2017-07-30,perfect_foresight,12.4824,37.33649799999999,0.0,False,False,0,2.8255,34.892497999999996,0.0
Panther_retail_Lester,2017-07-31,previous_day,12.4824,47.98887199999999,1.1012000000000004,False,False,0,5.8211,45.54487199999999,0.0
Panther_retail_Lester,2017-07-31,previous_week,12.4824,47.98887199999999,1.1012000000000004,False,False,0,5.8211,45.623672,0.0
Panther_retail_Lester,2017-07-31,ridge,12.4824,47.98887199999999,1.1012000000000004,False,False,0,5.8211,45.54487199999999,0.0
Panther_retail_Lester,2017-07-31,gradient_boosting,12.4824,47.98887199999999,1.1012000000000004,False,False,0,5.8211,45.55087199999999,0.0
Panther_retail_Lester,2017-07-31,perfect_foresight,12.4824,47.98887199999999,1.1012000000000004,False,False,0,5.8211,45.54487199999999,0.0
Panther_retail_Lester,2017-08-01,previous_day,12.4824,59.54943200000001,30.0659,False,False,0,5.407,57.105432,26.4662
Panther_retail_Lester,2017-08-01,previous_week,12.4824,59.54943200000001,30.0659,False,False,0,5.407,57.156632,19.095599999999997
Panther_retail_Lester,2017-08-01,ridge,12.4824,59.54943200000001,30.0659,False,False,0,5.407,57.105432,26.4662
Panther_retail_Lester,2017-08-01,gradient_boosting,12.4824,59.54943200000001,30.0659,False,False,0,5.407,57.120632,26.466199999999997
Panther_retail_Lester,2017-08-01,perfect_foresight,12.4824,59.54943200000001,30.0659,False,False,0,5.407,57.12243200000001,17.690899999999996
Panther_retail_Lester,2017-08-02,previous_day,12.4824,56.990807999999994,10.821099999999998,False,False,0,7.4574,54.563807999999995,5.223299999999998
Panther_retail_Lester,2017-08-02,previous_week,12.4824,56.990807999999994,10.821099999999998,False,False,0,7.8555,54.565008,5.362099999999998
Panther_retail_Lester,2017-08-02,ridge,12.4824,56.990807999999994,10.821099999999998,False,False,0,7.4574,54.755207999999996,6.795999999999999
Panther_retail_Lester,2017-08-02,gradient_boosting,12.4824,56.990807999999994,10.821099999999998,False,False,0,7.4574,54.670807999999994,6.694100000000001
Panther_retail_Lester,2017-08-02,perfect_foresight,12.4824,56.990807999999994,10.821099999999998,False,False,0,7.4574,55.054807999999994,0.014799999999999258
Panther_retail_Lester,2017-08-03,previous_day,12.4824,63.15739200000001,35.7559,False,False,0,6.4082,61.221391999999994,25.458699999999997
Panther_retail_Lester,2017-08-03,previous_week,12.4824,63.15739200000001,35.7559,False,False,0,6.4082,60.733392,22.558699999999998
Panther_retail_Lester,2017-08-03,ridge,12.4824,63.15739200000001,35.7559,False,False,0,6.4082,60.842992,27.444899999999997
Panther_retail_Lester,2017-08-03,gradient_boosting,12.4824,63.15739200000001,35.7559,False,False,0,6.4082,60.90559199999999,27.6449
Panther_retail_Lester,2017-08-03,perfect_foresight,12.4824,63.15739200000001,35.7559,False,False,0,6.4082,60.733392,21.9767
Panther_retail_Lester,2017-08-04,previous_day,12.4824,76.28112,84.3583,False,False,0,6.9493,73.85712,72.3659
Panther_retail_Lester,2017-08-04,previous_week,12.4824,76.28112,84.3583,False,False,0,6.9493,74.15532,72.13589999999999
Panther_retail_Lester,2017-08-04,ridge,12.4824,76.28112,84.3583,False,False,0,6.9493,73.96771999999999,71.3757
Panther_retail_Lester,2017-08-04,gradient_boosting,12.4824,76.28112,84.3583,False,False,0,6.9493,74.05052,71.8409
Panther_retail_Lester,2017-08-04,perfect_foresight,12.4824,76.28112,84.3583,False,False,0,6.9493,73.89472,71.3707
Panther_retail_Lester,2017-08-05,previous_day,12.4824,55.604856,20.4109,False,False,0,8.0616,53.218456,9.942200000000003
Panther_retail_Lester,2017-08-05,previous_week,12.4824,55.604856,20.4109,False,False,0,8.0616,53.248855999999996,9.309900000000003
Panther_retail_Lester,2017-08-05,ridge,12.4824,55.604856,20.4109,False,False,0,7.927099999999999,53.285056000000004,8.3309
Panther_retail_Lester,2017-08-05,gradient_boosting,12.4824,55.604856,20.4109,False,False,0,8.0616,53.616056000000015,12.571900000000003
Panther_retail_Lester,2017-08-05,perfect_foresight,12.4824,55.604856,20.4109,False,False,0,8.0616,53.232056,5.3817
Panther_retail_Lester,2017-08-06,previous_day,12.4824,60.644006000000005,33.4516,False,False,0,6.7213,58.27120600000001,23.284799999999997
Panther_retail_Lester,2017-08-06,previous_week,12.4824,60.644006000000005,33.4516,False,False,0,6.7213,58.200006,28.0548
Panther_retail_Lester,2017-08-06,ridge,12.4824,60.644006000000005,33.4516,False,False,0,6.7213,58.284806,26.6548
Panther_retail_Lester,2017-08-06,gradient_boosting,12.4824,60.644006000000005,33.4516,False,False,0,6.7213,58.313606,26.234800000000003
Panther_retail_Lester,2017-08-06,perfect_foresight,12.4824,60.644006000000005,33.4516,False,False,0,6.7213,58.431206,18.695699999999995
Panther_retail_Lester,2017-08-07,previous_day,12.4824,71.24086600000001,55.1497,False,False,0,9.0027,69.02806600000001,45.3258
Panther_retail_Lester,2017-08-07,previous_week,12.4824,71.24086600000001,55.1497,False,False,0,9.0027,68.79686600000001,47.5663
Panther_retail_Lester,2017-08-07,ridge,12.4824,71.24086600000001,55.1497,False,False,0,9.0027,68.94706599999999,46.25410000000001
Panther_retail_Lester,2017-08-07,gradient_boosting,12.4824,71.24086600000001,55.1497,False,False,0,9.0027,69.02126600000001,45.3109
Panther_retail_Lester,2017-08-07,perfect_foresight,12.4824,71.24086600000001,55.1497,False,False,0,9.0027,68.906866,42.254900000000006
Panther_retail_Lester,2017-08-08,previous_day,12.4824,73.90472399999997,68.68639999999999,False,False,0,9.9769,71.57072399999998,60.8852
Panther_retail_Lester,2017-08-08,previous_week,12.4824,73.90472399999997,68.68639999999999,False,False,0,9.9369,71.477724,60.9529
Panther_retail_Lester,2017-08-08,ridge,12.4824,73.90472399999997,68.68639999999999,False,False,0,9.9769,71.65332399999998,58.372099999999996
Panther_retail_Lester,2017-08-08,gradient_boosting,12.4824,73.90472399999997,68.68639999999999,False,False,0,9.9769,71.881324,62.1556
Panther_retail_Lester,2017-08-08,perfect_foresight,12.4824,73.90472399999997,68.68639999999999,False,False,0,9.9769,71.48192399999999,57.9576
Panther_retail_Lester,2017-08-09,previous_day,12.4824,67.50664400000001,42.7994,False,False,0,6.8763000000000005,65.083844,39.0849
Panther_retail_Lester,2017-08-09,previous_week,12.4824,67.50664400000001,42.7994,False,False,0,9.9469,65.570644,38.674899999999994
Panther_retail_Lester,2017-08-09,ridge,12.4824,67.50664400000001,42.7994,False,False,0,8.9863,65.083844,37.1272
Panther_retail_Lester,2017-08-09,gradient_boosting,12.4824,67.50664400000001,42.7994,False,False,0,9.3163,65.463444,36.2564
Panther_retail_Lester,2017-08-09,perfect_foresight,12.4824,67.50664400000001,42.7994,False,False,0,10.3369,65.104844,31.6171
Panther_retail_Lester,2017-08-10,previous_day,12.4824,64.688492,36.280199999999994,False,False,0,8.4085,62.286692,31.64419999999999
Panther_retail_Lester,2017-08-10,previous_week,12.4824,64.688492,36.280199999999994,False,False,0,8.0185,62.264492000000004,29.339899999999993
Panther_retail_Lester,2017-08-10,ridge,12.4824,64.688492,36.280199999999994,False,False,0,8.788499999999999,63.06349199999999,25.043499999999995
Panther_retail_Lester,2017-08-10,gradient_boosting,12.4824,64.688492,36.280199999999994,False,False,0,8.0185,62.544492,32.12549999999999
Panther_retail_Lester,2017-08-10,perfect_foresight,12.4824,64.688492,36.280199999999994,False,False,0,8.0185,62.264492,25.065499999999993
Panther_retail_Lester,2017-08-11,previous_day,12.4824,64.661746,34.9559,False,False,0,8.3116,62.237745999999994,27.2382
Panther_retail_Lester,2017-08-11,previous_week,12.4824,64.661746,34.9559,False,False,0,8.3116,62.275345999999985,25.125999999999998
Panther_retail_Lester,2017-08-11,ridge,12.4824,64.661746,34.9559,False,False,0,8.6927,63.12974599999999,26.411500000000004
Panther_retail_Lester,2017-08-11,gradient_boosting,12.4824,64.661746,34.9559,False,False,0,8.3116,62.589946000000005,24.421599999999998
Panther_retail_Lester,2017-08-11,perfect_foresight,12.4824,64.661746,34.9559,False,False,0,8.3116,62.226745999999984,22.019799999999996
Panther_retail_Lester,2017-08-12,previous_day,12.4824,42.51849999999999,0.610100000000001,False,False,0,5.366,40.083499999999994,0.610100000000001
Panther_retail_Lester,2017-08-12,previous_week,12.4824,42.51849999999999,0.610100000000001,False,False,0,5.611,40.1457,0.610100000000001
Panther_retail_Lester,2017-08-12,ridge,12.4824,42.51849999999999,0.610100000000001,False,False,0,5.366,40.38270000000001,0.49210000000000065
Panther_retail_Lester,2017-08-12,gradient_boosting,12.4824,42.51849999999999,0.610100000000001,False,False,0,5.576,40.558499999999995,0.610100000000001
Panther_retail_Lester,2017-08-12,perfect_foresight,12.4824,42.51849999999999,0.610100000000001,False,False,0,5.366,40.13549999999999,0.002100000000000435
Panther_retail_Lester,2017-08-13,previous_day,12.4824,36.836766000000004,0.0,False,False,0,3.4746000000000006,34.453765999999995,0.17609999999999992
Panther_retail_Lester,2017-08-13,previous_week,12.4824,36.836766000000004,0.0,False,False,0,2.4554,34.623965999999996,0.0
Panther_retail_Lester,2017-08-13,ridge,12.4824,36.836766000000004,0.0,False,False,0,3.4545999999999992,34.392765999999995,0.17609999999999992
Panther_retail_Lester,2017-08-13,gradient_boosting,12.4824,36.836766000000004,0.0,False,False,0,3.4545999999999992,34.392765999999995,0.17609999999999992
Panther_retail_Lester,2017-08-13,perfect_foresight,12.4824,36.836766000000004,0.0,False,False,0,3.4545999999999992,34.407166,0.0
Panther_retail_Lester,2017-08-14,previous_day,12.4824,70.20221199999999,61.686099999999996,False,False,0,6.3962,67.772612,51.7291
Panther_retail_Lester,2017-08-14,previous_week,12.4824,70.20221199999999,61.686099999999996,False,False,0,6.6543,67.868212,51.009
Panther_retail_Lester,2017-08-14,ridge,12.4824,70.20221199999999,61.686099999999996,False,False,0,6.3962,67.759012,51.729099999999995
Panther_retail_Lester,2017-08-14,gradient_boosting,12.4824,70.20221199999999,61.686099999999996,False,False,0,6.3962,67.758212,51.7291
Panther_retail_Lester,2017-08-14,perfect_foresight,12.4824,70.20221199999999,61.686099999999996,False,False,0,6.3962,67.77821200000001,50.94
Panther_retail_Lester,2017-08-15,previous_day,12.4824,66.601124,36.808299999999996,False,False,0,10.237,64.17712399999999,33.5814
Panther_retail_Lester,2017-08-15,previous_week,12.4824,66.601124,36.808299999999996,False,False,0,10.423,64.17832399999999,31.732799999999997
Panther_retail_Lester,2017-08-15,ridge,12.4824,66.601124,36.808299999999996,False,False,0,10.237,64.658124,31.762499999999996
Panther_retail_Lester,2017-08-15,gradient_boosting,12.4824,66.601124,36.808299999999996,False,False,0,10.237,64.37432400000002,33.9414
Panther_retail_Lester,2017-08-15,perfect_foresight,12.4824,66.601124,36.808299999999996,False,False,0,10.7941,64.17712399999999,26.908899999999996
Panther_retail_Lester,2017-08-16,previous_day,12.4824,70.96127600000001,55.77199999999999,False,False,0,10.564,68.537276,45.46639999999999
Panther_retail_Lester,2017-08-16,previous_week,12.4824,70.96127600000001,55.77199999999999,False,False,0,10.517,68.559476,47.18149999999999
Panther_retail_Lester,2017-08-16,ridge,12.4824,70.96127600000001,55.77199999999999,False,False,0,10.3828,69.36987599999999,45.703799999999994
Panther_retail_Lester,2017-08-16,gradient_boosting,12.4824,70.96127600000001,55.77199999999999,False,False,0,10.4559,68.896676,49.79889999999999
Panther_retail_Lester,2017-08-16,perfect_foresight,12.4824,70.96127600000001,55.77199999999999,False,False,0,10.564,68.595676,41.6279
Panther_retail_Lester,2017-08-17,previous_day,12.4824,61.556396,32.8413,False,False,0,8.3806,59.190796,19.6767
Panther_retail_Lester,2017-08-17,previous_week,12.4824,61.556396,32.8413,False,False,0,8.3806,59.13239600000001,19.2307
Panther_retail_Lester,2017-08-17,ridge,12.4824,61.556396,32.8413,False,False,0,8.3806,59.524996,22.101299999999995
Panther_retail_Lester,2017-08-17,gradient_boosting,12.4824,61.556396,32.8413,False,False,0,8.3806,59.283595999999996,21.0148
Panther_retail_Lester,2017-08-17,perfect_foresight,12.4824,61.556396,32.8413,False,False,0,8.3806,59.246996,13.9636
Panther_retail_Lester,2017-08-18,previous_day,12.4824,64.425984,44.073499999999996,False,False,0,6.6383,62.116584,36.69969999999999
Panther_retail_Lester,2017-08-18,previous_week,12.4824,64.425984,44.073499999999996,False,False,0,6.6383,61.990984000000005,38.3287
Panther_retail_Lester,2017-08-18,ridge,12.4824,64.425984,44.073499999999996,False,False,0,6.6583,62.155384000000005,37.4522
Panther_retail_Lester,2017-08-18,gradient_boosting,12.4824,64.425984,44.073499999999996,False,False,0,6.6383,62.116584,37.6597
Panther_retail_Lester,2017-08-18,perfect_foresight,12.4824,64.425984,44.073499999999996,False,False,0,6.6383,61.991983999999995,31.863599999999995
Panther_retail_Lester,2017-08-19,previous_day,12.4824,65.062166,50.9829,False,False,0,7.1664,62.62816600000001,41.756699999999995
Panther_retail_Lester,2017-08-19,previous_week,12.4824,65.062166,50.9829,False,False,0,7.1664,62.67916600000001,46.385
Panther_retail_Lester,2017-08-19,ridge,12.4824,65.062166,50.9829,False,False,0,7.1664,62.800966,45.334799999999994
Panther_retail_Lester,2017-08-19,gradient_boosting,12.4824,65.062166,50.9829,False,False,0,7.1664,63.02756600000001,45.3648
Panther_retail_Lester,2017-08-19,perfect_foresight,12.4824,65.062166,50.9829,False,False,0,7.1664,62.619166,40.4388
Panther_retail_Lester,2017-08-20,previous_day,12.4824,63.94240599999999,39.5617,False,False,0,8.3146,61.49940599999999,28.495699999999992
Panther_retail_Lester,2017-08-20,previous_week,12.4824,63.94240599999999,39.5617,False,False,0,8.3146,61.512806,30.843099999999996
Panther_retail_Lester,2017-08-20,ridge,12.4824,63.94240599999999,39.5617,False,False,0,8.3146,62.22900599999999,27.143699999999995
Panther_retail_Lester,2017-08-20,gradient_boosting,12.4824,63.94240599999999,39.5617,False,False,0,8.3146,62.01500600000001,31.36659999999999
Panther_retail_Lester,2017-08-20,perfect_foresight,12.4824,63.94240599999999,39.5617,False,False,0,8.3146,61.66160599999999,24.534799999999997
Panther_retail_Lester,2017-08-21,previous_day,12.4824,64.880972,43.0514,False,False,0,8.2926,62.600172,36.4875
Panther_retail_Lester,2017-08-21,previous_week,12.4824,64.880972,43.0514,False,False,0,7.8185,62.45697199999999,39.875099999999996
Panther_retail_Lester,2017-08-21,ridge,12.4824,64.880972,43.0514,False,False,0,8.2926,62.93897200000001,30.663999999999998
Panther_retail_Lester,2017-08-21,gradient_boosting,12.4824,64.880972,43.0514,False,False,0,8.0085,62.724971999999994,35.65399999999999
Panther_retail_Lester,2017-08-21,perfect_foresight,12.4824,64.880972,43.0514,False,False,0,7.8185,62.532372,29.3665
Panther_retail_Lester,2017-08-22,previous_day,12.4824,71.310318,67.66130000000001,False,False,0,7.8265,68.961718,56.59610000000001
Panther_retail_Lester,2017-08-22,previous_week,12.4824,71.310318,67.66130000000001,False,False,0,7.8265,68.886318,57.9354
Panther_retail_Lester,2017-08-22,ridge,12.4824,71.310318,67.66130000000001,False,False,0,7.8265,69.638718,56.396100000000004
Panther_retail_Lester,2017-08-22,gradient_boosting,12.4824,71.310318,67.66130000000001,False,False,0,7.8265,69.01491800000001,58.1364
Panther_retail_Lester,2017-08-22,perfect_foresight,12.4824,71.310318,67.66130000000001,False,False,0,7.8265,68.86931799999999,56.6105
Panther_retail_Lester,2017-08-23,previous_day,12.4824,66.821914,49.8648,False,False,0,8.4136,64.380914,36.92809999999999
Panther_retail_Lester,2017-08-23,previous_week,12.4824,66.821914,49.8648,False,False,0,9.2458,64.456314,36.648799999999994
Panther_retail_Lester,2017-08-23,ridge,12.4824,66.821914,49.8648,False,False,0,9.2458,64.673114,40.264199999999995
Panther_retail_Lester,2017-08-23,gradient_boosting,12.4824,66.821914,49.8648,False,False,0,8.4136,64.772114,36.7109
Panther_retail_Lester,2017-08-23,perfect_foresight,12.4824,66.821914,49.8648,False,False,0,8.4136,64.377914,34.8301
Panther_retail_Lester,2017-08-24,previous_day,12.4824,62.26072599999999,44.0409,False,False,0,5.061,59.816725999999996,32.2366
Panther_retail_Lester,2017-08-24,previous_week,12.4824,62.26072599999999,44.0409,False,False,0,5.061,59.95132599999999,34.35359999999999
Panther_retail_Lester,2017-08-24,ridge,12.4824,62.26072599999999,44.0409,False,False,0,5.061,60.389126,32.8881
Panther_retail_Lester,2017-08-24,gradient_boosting,12.4824,62.26072599999999,44.0409,False,False,0,5.061,59.973925999999985,31.863500000000002
Panther_retail_Lester,2017-08-24,perfect_foresight,12.4824,62.26072599999999,44.0409,False,False,0,5.061,59.84712599999999,29.0066
Panther_retail_Lester,2017-08-25,previous_day,12.4824,57.463066,25.303999999999995,False,False,0,5.2860000000000005,55.049465999999995,17.861699999999995
Panther_retail_Lester,2017-08-25,previous_week,12.4824,57.463066,25.303999999999995,False,False,0,5.2860000000000005,55.02906599999999,16.496399999999998
Panther_retail_Lester,2017-08-25,ridge,12.4824,57.463066,25.303999999999995,False,False,0,5.2860000000000005,55.381665999999996,17.720599999999997
Panther_retail_Lester,2017-08-25,gradient_boosting,12.4824,57.463066,25.303999999999995,False,False,0,5.2860000000000005,55.176666,19.172
Panther_retail_Lester,2017-08-25,perfect_foresight,12.4824,57.463066,25.303999999999995,False,False,0,5.2860000000000005,55.030466000000004,10.266099999999998
Panther_retail_Lester,2017-08-26,previous_day,12.4824,59.81105,33.8576,False,False,0,6.3092,57.37845000000001,21.3583
Panther_retail_Lester,2017-08-26,previous_week,12.4824,59.81105,33.8576,False,False,0,6.3092,57.36805000000001,22.9283
Panther_retail_Lester,2017-08-26,ridge,12.4824,59.81105,33.8576,False,False,0,6.3092,57.45425,24.3838
Panther_retail_Lester,2017-08-26,gradient_boosting,12.4824,59.81105,33.8576,False,False,0,6.3092,57.57265,24.353799999999996
Panther_retail_Lester,2017-08-26,perfect_foresight,12.4824,59.81105,33.8576,False,False,0,6.3092,57.426050000000004,18.8299
Panther_retail_Lester,2017-08-27,previous_day,12.4824,53.85408,16.4484,False,False,0,6.8073,51.46908,7.9948
Panther_retail_Lester,2017-08-27,previous_week,12.4824,53.85408,16.4484,False,False,0,6.8073,51.57328,9.8905
Panther_retail_Lester,2017-08-27,ridge,12.4824,53.85408,16.4484,False,False,0,6.8073,51.55188,9.990199999999998
Panther_retail_Lester,2017-08-27,gradient_boosting,12.4824,53.85408,16.4484,False,False,0,6.8073,51.57588,10.6036
Panther_retail_Lester,2017-08-27,perfect_foresight,12.4824,53.85408,16.4484,False,False,0,6.8073,51.60527999999999,1.4152000000000005
Panther_retail_Lester,2017-08-28,previous_day,12.4824,49.57733199999999,2.031399999999998,False,False,0,6.4492,47.328532,0.24409999999999954
Panther_retail_Lester,2017-08-28,previous_week,12.4824,49.57733199999999,2.031399999999998,False,False,0,6.4492,47.228731999999994,0.4801999999999982
Panther_retail_Lester,2017-08-28,ridge,12.4824,49.57733199999999,2.031399999999998,False,False,0,6.4492,47.18693199999999,0.8692999999999973
Panther_retail_Lester,2017-08-28,gradient_boosting,12.4824,49.57733199999999,2.031399999999998,False,False,0,6.4492,47.18073199999999,0.8892999999999969
Panther_retail_Lester,2017-08-28,perfect_foresight,12.4824,49.57733199999999,2.031399999999998,False,False,0,6.4492,47.181532,0.004099999999999326
Panther_retail_Lester,2017-08-29,previous_day,12.4824,48.636582000000004,3.4796999999999993,False,False,0,5.119,46.240782,1.4062999999999999
Panther_retail_Lester,2017-08-29,previous_week,12.4824,48.636582000000004,3.4796999999999993,False,False,0,5.119,46.19558200000001,0.28309999999999924
Panther_retail_Lester,2017-08-29,ridge,12.4824,48.636582000000004,3.4796999999999993,False,False,0,5.119,46.21418200000001,1.4062999999999999
Panther_retail_Lester,2017-08-29,gradient_boosting,12.4824,48.636582000000004,3.4796999999999993,False,False,0,5.119,46.19258200000001,1.4062999999999999
Panther_retail_Lester,2017-08-29,perfect_foresight,12.4824,48.636582000000004,3.4796999999999993,False,False,0,5.119,46.19958200000001,0.008200000000002206
Panther_retail_Lester,2017-08-30,previous_day,12.4824,53.38966,17.7947,False,False,0,4.984,50.95266,14.437199999999999
Panther_retail_Lester,2017-08-30,previous_week,12.4824,53.38966,17.7947,False,False,0,4.984,50.945660000000004,15.5072
Panther_retail_Lester,2017-08-30,ridge,12.4824,53.38966,17.7947,False,False,0,4.984,50.945660000000004,15.7572
Panther_retail_Lester,2017-08-30,gradient_boosting,12.4824,53.38966,17.7947,False,False,0,4.984,50.994460000000004,15.547199999999998
Panther_retail_Lester,2017-08-30,perfect_foresight,12.4824,53.38966,17.7947,False,False,0,4.8109,51.41365999999999,2.7712999999999948
Panther_retail_Lester,2017-08-31,previous_day,12.4824,75.184408,87.797,False,False,0,5.8111,73.20840799999999,77.869
Panther_retail_Lester,2017-08-31,previous_week,12.4824,75.184408,87.797,False,False,0,6.0012,72.770808,77.85899999999998
Panther_retail_Lester,2017-08-31,ridge,12.4824,75.184408,87.797,False,False,0,6.0012,72.77720799999999,77.859
Panther_retail_Lester,2017-08-31,gradient_boosting,12.4824,75.184408,87.797,False,False,0,6.0012,72.864808,77.84899999999999
Panther_retail_Lester,2017-08-31,perfect_foresight,12.4824,75.184408,87.797,False,False,0,6.0012,72.760408,77.819
Panther_retail_Lester,2017-09-01,previous_day,12.4824,78.95562,93.9382,False,False,0,7.7785,76.53161999999999,81.7438
Panther_retail_Lester,2017-09-01,previous_week,12.4824,78.95562,93.9382,False,False,0,7.7785,76.52302,80.99869999999999
Panther_retail_Lester,2017-09-01,ridge,12.4824,78.95562,93.9382,False,False,0,7.7785,76.53801999999999,80.35759999999999
Panther_retail_Lester,2017-09-01,gradient_boosting,12.4824,78.95562,93.9382,False,False,0,7.7785,76.75641999999999,83.0214
Panther_retail_Lester,2017-09-01,perfect_foresight,12.4824,78.95562,93.9382,False,False,0,7.7785,76.52602000000002,80.03949999999999
Panther_retail_Lester,2017-09-02,previous_day,12.4824,59.838588000000016,34.3227,False,False,0,6.9703,57.40898800000001,22.2924
Panther_retail_Lester,2017-09-02,previous_week,12.4824,59.838588000000016,34.3227,False,False,0,6.9703,57.45358800000001,19.987900000000003
Panther_retail_Lester,2017-09-02,ridge,12.4824,59.838588000000016,34.3227,False,False,0,6.9703,57.441788,19.2827
Panther_retail_Lester,2017-09-02,gradient_boosting,12.4824,59.838588000000016,34.3227,False,False,0,6.9703,57.47538800000001,22.572400000000002
Panther_retail_Lester,2017-09-02,perfect_foresight,12.4824,59.838588000000016,34.3227,False,False,0,6.9703,57.39458800000001,19.2872
Panther_retail_Lester,2017-09-03,previous_day,12.4824,55.978325999999996,26.260199999999998,False,False,0,6.1462,53.53432599999999,12.200399999999997
Panther_retail_Lester,2017-09-03,previous_week,12.4824,55.978325999999996,26.260199999999998,False,False,0,6.1462,53.729525999999986,12.123599999999996
Panther_retail_Lester,2017-09-03,ridge,12.4824,55.978325999999996,26.260199999999998,False,False,0,6.1462,53.63432600000001,14.896999999999995
Panther_retail_Lester,2017-09-03,gradient_boosting,12.4824,55.978325999999996,26.260199999999998,False,False,0,6.1462,53.541526,17.080399999999997
Panther_retail_Lester,2017-09-03,perfect_foresight,12.4824,55.978325999999996,26.260199999999998,False,False,0,6.1462,53.53432599999999,11.227799999999997
Panther_retail_Lester,2017-09-04,previous_day,12.4824,54.087362,14.296999999999997,False,False,0,6.6043,51.643362,5.756599999999999
Panther_retail_Lester,2017-09-04,previous_week,12.4824,54.087362,14.296999999999997,False,False,0,6.6043,51.691562000000005,7.136599999999998
Panther_retail_Lester,2017-09-04,ridge,12.4824,54.087362,14.296999999999997,False,False,0,6.6043,51.665162,6.892599999999998
Panther_retail_Lester,2017-09-04,gradient_boosting,12.4824,54.087362,14.296999999999997,False,False,0,6.6043,51.647362,7.676599999999997
Panther_retail_Lester,2017-09-04,perfect_foresight,12.4824,54.087362,14.296999999999997,False,False,0,6.6043,52.157362,0.01249999999999929
Panther_retail_Lester,2017-09-05,previous_day,12.4824,62.182233999999994,40.9971,False,False,0,6.5523,60.25223399999999,26.6073
Panther_retail_Lester,2017-09-05,previous_week,12.4824,62.182233999999994,40.9971,False,False,0,6.5523,59.745234,29.348799999999997
Panther_retail_Lester,2017-09-05,ridge,12.4824,62.182233999999994,40.9971,False,False,0,6.5523,59.76623399999999,28.988799999999998
Panther_retail_Lester,2017-09-05,gradient_boosting,12.4824,62.182233999999994,40.9971,False,False,0,6.5523,59.749433999999994,29.1988
Panther_retail_Lester,2017-09-05,perfect_foresight,12.4824,62.182233999999994,40.9971,False,False,0,6.5523,59.78943399999999,25.958800000000004
Panther_retail_Lester,2017-09-06,previous_day,12.4824,60.117374,31.083299999999998,False,False,0,6.8113,57.724574,21.4998
Panther_retail_Lester,2017-09-06,previous_week,12.4824,60.117374,31.083299999999998,False,False,0,6.3282,58.141374000000006,19.7729
Panther_retail_Lester,2017-09-06,ridge,12.4824,60.117374,31.083299999999998,False,False,0,6.8113,57.74577400000001,21.7647
Panther_retail_Lester,2017-09-06,gradient_boosting,12.4824,60.117374,31.083299999999998,False,False,0,6.8113,57.689374,23.1347
Panther_retail_Lester,2017-09-06,perfect_foresight,12.4824,60.117374,31.083299999999998,False,False,0,6.8113,57.67937400000001,15.8721
Panther_retail_Lester,2017-09-07,previous_day,12.4824,61.509888,37.4835,False,False,0,6.4893,59.071887999999994,24.179199999999998
Panther_retail_Lester,2017-09-07,previous_week,12.4824,61.509888,37.4835,False,False,0,6.4893,59.085888,29.884999999999998
Panther_retail_Lester,2017-09-07,ridge,12.4824,61.509888,37.4835,False,False,0,6.4893,59.301488000000006,26.812599999999996
Panther_retail_Lester,2017-09-07,gradient_boosting,12.4824,61.509888,37.4835,False,False,0,6.4893,59.065887999999994,29.735
Panther_retail_Lester,2017-09-07,perfect_foresight,12.4824,61.509888,37.4835,False,False,0,6.4893,59.168488,22.448100000000004
Panther_retail_Lester,2017-09-08,previous_day,12.4824,40.126673999999994,0.0,False,False,0,5.1406,37.785274,0.0
Panther_retail_Lester,2017-09-08,previous_week,12.4824,40.126673999999994,0.0,False,False,0,3.4706,37.697074,0.0
Panther_retail_Lester,2017-09-08,ridge,12.4824,40.126673999999994,0.0,False,False,0,3.1906,37.981474000000006,0.0
Panther_retail_Lester,2017-09-08,gradient_boosting,12.4824,40.126673999999994,0.0,False,False,0,3.1906,37.723474,0.0
Panther_retail_Lester,2017-09-08,perfect_foresight,12.4824,40.126673999999994,0.0,False,False,0,3.1906,37.682674,0.0
Panther_retail_Lester,2017-09-09,previous_day,12.4824,38.730016,0.0,False,False,0,3.585699999999999,36.286016000000004,0.48709999999999987
Panther_retail_Lester,2017-09-09,previous_week,12.4824,38.730016,0.0,False,False,0,3.5115999999999996,36.286016000000004,0.48709999999999987
Panther_retail_Lester,2017-09-09,ridge,12.4824,38.730016,0.0,False,False,0,3.585699999999999,36.286016000000004,0.48709999999999987
Panther_retail_Lester,2017-09-09,gradient_boosting,12.4824,38.730016,0.0,False,False,0,3.585699999999999,36.286016000000004,0.48709999999999987
Panther_retail_Lester,2017-09-09,perfect_foresight,12.4824,38.730016,0.0,False,False,0,3.585699999999999,36.286016000000004,0.0
Panther_retail_Lester,2017-09-10,previous_day,12.4824,35.25258999999999,0.0,False,False,0,1.9924,32.80859,0.0
Panther_retail_Lester,2017-09-10,previous_week,12.4824,35.25258999999999,0.0,False,False,0,3.9324,32.80859,0.0
Panther_retail_Lester,2017-09-10,ridge,12.4824,35.25258999999999,0.0,False,False,0,1.9924,32.80859,0.0
Panther_retail_Lester,2017-09-10,gradient_boosting,12.4824,35.25258999999999,0.0,False,False,0,1.9924,32.80859,0.0
Panther_retail_Lester,2017-09-10,perfect_foresight,12.4824,35.25258999999999,0.0,False,False,0,1.9924,32.80859,0.0
Panther_retail_Lester,2017-09-11,previous_day,12.4824,37.58022999999999,0.0,False,False,0,2.5995,35.13623,0.0
Panther_retail_Lester,2017-09-11,previous_week,12.4824,37.58022999999999,0.0,False,False,0,5.5195,35.65023,0.0
Panther_retail_Lester,2017-09-11,ridge,12.4824,37.58022999999999,0.0,False,False,0,2.5995,35.13623,0.0
Panther_retail_Lester,2017-09-11,gradient_boosting,12.4824,37.58022999999999,0.0,False,False,0,2.5995,35.13623,0.0
Panther_retail_Lester,2017-09-11,perfect_foresight,12.4824,37.58022999999999,0.0,False,False,0,2.5995,35.13623,0.0
Panther_retail_Lester,2017-09-12,previous_day,12.4824,38.27945999999999,0.0,False,False,0,2.9625000000000004,35.835460000000005,0.0
Panther_retail_Lester,2017-09-12,previous_week,12.4824,38.27945999999999,0.0,False,False,0,3.1426,35.88666,0.0
Panther_retail_Lester,2017-09-12,ridge,12.4824,38.27945999999999,0.0,False,False,0,2.9625000000000004,35.835460000000005,0.0
Panther_retail_Lester,2017-09-12,gradient_boosting,12.4824,38.27945999999999,0.0,False,False,0,2.9625000000000004,35.835460000000005,0.0
Panther_retail_Lester,2017-09-12,perfect_foresight,12.4824,38.27945999999999,0.0,False,False,0,2.9625000000000004,35.835460000000005,0.0
Panther_retail_Lester,2017-09-13,previous_day,12.4824,58.243219999999994,29.424699999999998,False,False,0,5.9522,55.79922,24.5758
Panther_retail_Lester,2017-09-13,previous_week,12.4824,58.243219999999994,29.424699999999998,False,False,0,5.9522,55.80521999999999,18.996899999999997
Panther_retail_Lester,2017-09-13,ridge,12.4824,58.243219999999994,29.424699999999998,False,False,0,5.9522,55.79922,24.5758
Panther_retail_Lester,2017-09-13,gradient_boosting,12.4824,58.243219999999994,29.424699999999998,False,False,0,5.9522,55.79922,24.5758
Panther_retail_Lester,2017-09-13,perfect_foresight,12.4824,58.243219999999994,29.424699999999998,False,False,0,5.9522,55.87681999999999,14.395099999999994
Panther_retail_Lester,2017-09-14,previous_day,12.4824,57.874078000000004,30.038000000000004,False,False,0,6.6373,55.507678,18.315200000000004
Panther_retail_Lester,2017-09-14,previous_week,12.4824,57.874078000000004,30.038000000000004,False,False,0,6.6373,55.532678000000004,17.145400000000002
Panther_retail_Lester,2017-09-14,ridge,12.4824,57.874078000000004,30.038000000000004,False,False,0,6.6373,55.606878,20.8335
Panther_retail_Lester,2017-09-14,gradient_boosting,12.4824,57.874078000000004,30.038000000000004,False,False,0,6.0911,55.43007800000001,22.5835
Panther_retail_Lester,2017-09-14,perfect_foresight,12.4824,57.874078000000004,30.038000000000004,False,False,0,6.0911,55.427077999999995,14.997
Panther_retail_Lester,2017-09-15,previous_day,12.4824,60.541568,45.0406,False,False,0,4.2028,58.09456799999999,31.337100000000003
Panther_retail_Lester,2017-09-15,previous_week,12.4824,60.541568,45.0406,False,False,0,4.2028,58.097567999999995,31.644999999999996
Panther_retail_Lester,2017-09-15,ridge,12.4824,60.541568,45.0406,False,False,0,4.2028,58.190568000000006,31.644999999999996
Panther_retail_Lester,2017-09-15,gradient_boosting,12.4824,60.541568,45.0406,False,False,0,4.2028,58.097567999999995,31.644999999999996
Panther_retail_Lester,2017-09-15,perfect_foresight,12.4824,60.541568,45.0406,False,False,0,4.2028,58.129568,30.011199999999995
Panther_retail_Lester,2017-09-16,previous_day,12.4824,59.980982000000004,32.4594,False,False,0,7.2344,57.56898200000001,20.0522
Panther_retail_Lester,2017-09-16,previous_week,12.4824,59.980982000000004,32.4594,False,False,0,7.2344,57.53698200000001,21.9094
Panther_retail_Lester,2017-09-16,ridge,12.4824,59.980982000000004,32.4594,False,False,0,7.2344,57.644582,21.3222
Panther_retail_Lester,2017-09-16,gradient_boosting,12.4824,59.980982000000004,32.4594,False,False,0,7.2344,57.573782000000016,21.8343
Panther_retail_Lester,2017-09-16,perfect_foresight,12.4824,59.980982000000004,32.4594,False,False,0,7.2344,57.54438200000001,17.4315
Panther_retail_Lester,2017-09-17,previous_day,12.4824,50.861264000000006,19.0918,False,False,0,5.3239,48.42466399999999,7.986600000000001
Panther_retail_Lester,2017-09-17,previous_week,12.4824,50.861264000000006,19.0918,False,False,0,5.253900000000001,48.417263999999996,12.052400000000002
Panther_retail_Lester,2017-09-17,ridge,12.4824,50.861264000000006,19.0918,False,False,0,5.8901,48.48506400000001,10.2424
Panther_retail_Lester,2017-09-17,gradient_boosting,12.4824,50.861264000000006,19.0918,False,False,0,5.623900000000001,48.446864,12.052400000000002
Panther_retail_Lester,2017-09-17,perfect_foresight,12.4824,50.861264000000006,19.0918,False,False,0,4.9339,48.417263999999996,4.057900000000002
Panther_retail_Lester,2017-09-18,previous_day,12.4824,50.973552,14.429899999999998,False,False,0,4.3778,48.529551999999995,8.028899999999998
Panther_retail_Lester,2017-09-18,previous_week,12.4824,50.973552,14.429899999999998,False,False,0,4.3778,48.529551999999995,9.233799999999999
Panther_retail_Lester,2017-09-18,ridge,12.4824,50.973552,14.429899999999998,False,False,0,4.3778,48.529551999999995,9.233799999999999
Panther_retail_Lester,2017-09-18,gradient_boosting,12.4824,50.973552,14.429899999999998,False,False,0,4.3778,48.529551999999995,9.233799999999999
Panther_retail_Lester,2017-09-18,perfect_foresight,12.4824,50.973552,14.429899999999998,False,False,0,4.3778,49.323552,0.01249999999999929
Panther_retail_Lester,2017-09-19,previous_day,12.4824,56.74919400000001,26.032199999999996,False,False,0,5.337000000000001,55.09919400000001,13.687999999999999
Panther_retail_Lester,2017-09-19,previous_week,12.4824,56.74919400000001,26.032199999999996,False,False,0,5.337000000000001,54.30519400000001,19.3389
Panther_retail_Lester,2017-09-19,ridge,12.4824,56.74919400000001,26.032199999999996,False,False,0,5.337000000000001,54.30519400000001,19.3389
Panther_retail_Lester,2017-09-19,gradient_boosting,12.4824,56.74919400000001,26.032199999999996,False,False,0,5.337000000000001,54.305994000000005,19.328899999999997
Panther_retail_Lester,2017-09-19,perfect_foresight,12.4824,56.74919400000001,26.032199999999996,False,False,0,5.337000000000001,54.320394,11.001299999999999
Panther_retail_Lester,2017-09-20,previous_day,12.4824,56.83929,29.335699999999996,False,False,0,6.013999999999999,54.41049,14.369199999999996
Panther_retail_Lester,2017-09-20,previous_week,12.4824,56.83929,29.335699999999996,False,False,0,6.4193,54.47289,15.669199999999995
Panther_retail_Lester,2017-09-20,ridge,12.4824,56.83929,29.335699999999996,False,False,0,6.393999999999999,54.49289,21.109199999999994
Panther_retail_Lester,2017-09-20,gradient_boosting,12.4824,56.83929,29.335699999999996,False,False,0,5.824,54.395289999999996,21.759199999999996
Panther_retail_Lester,2017-09-20,perfect_foresight,12.4824,56.83929,29.335699999999996,False,False,0,5.824,54.395289999999996,14.303699999999994
Panther_retail_Lester,2017-09-21,previous_day,12.4824,60.281714,49.8617,False,False,0,4.4509,57.837714000000005,34.82169999999999
Panther_retail_Lester,2017-09-21,previous_week,12.4824,60.281714,49.8617,False,False,0,4.4509,57.834714000000005,34.811699999999995
Panther_retail_Lester,2017-09-21,ridge,12.4824,60.281714,49.8617,False,False,0,4.4509,57.87671399999999,37.0272
Panther_retail_Lester,2017-09-21,gradient_boosting,12.4824,60.281714,49.8617,False,False,0,4.4509,57.837714,37.0743
Panther_retail_Lester,2017-09-21,perfect_foresight,12.4824,60.281714,49.8617,False,False,0,4.4509,57.840714,34.8317
Panther_retail_Lester,2017-09-22,previous_day,12.4824,56.340448,36.4942,False,False,0,4.5459,53.89944799999999,26.834899999999998
Panther_retail_Lester,2017-09-22,previous_week,12.4824,56.340448,36.4942,False,False,0,4.5459,53.928447999999996,26.4955
Panther_retail_Lester,2017-09-22,ridge,12.4824,56.340448,36.4942,False,False,0,4.5459,54.049448000000005,27.7455
Panther_retail_Lester,2017-09-22,gradient_boosting,12.4824,56.340448,36.4942,False,False,0,4.5459,53.898047999999996,29.6249
Panther_retail_Lester,2017-09-22,perfect_foresight,12.4824,56.340448,36.4942,False,False,0,4.5459,53.896448,21.456699999999998
Panther_retail_Lester,2017-09-23,previous_day,12.4824,58.48793,46.0679,False,False,0,4.0238,56.043929999999996,34.1951
Panther_retail_Lester,2017-09-23,previous_week,12.4824,58.48793,46.0679,False,False,0,4.0238,56.05132999999999,33.6051
Panther_retail_Lester,2017-09-23,ridge,12.4824,58.48793,46.0679,False,False,0,4.0238,56.043929999999996,36.555099999999996
Panther_retail_Lester,2017-09-23,gradient_boosting,12.4824,58.48793,46.0679,False,False,0,4.0238,56.04393,36.555099999999996
Panther_retail_Lester,2017-09-23,perfect_foresight,12.4824,58.48793,46.0679,False,False,0,4.0238,56.09993,31.0289
Panther_retail_Lester,2017-09-24,previous_day,12.4824,60.35919799999999,36.57,False,False,0,6.5983,57.971197999999994,22.5643
Panther_retail_Lester,2017-09-24,previous_week,12.4824,60.35919799999999,36.57,False,False,0,6.5983,57.915198,22.098100000000002
Panther_retail_Lester,2017-09-24,ridge,12.4824,60.35919799999999,36.57,False,False,0,6.5983,57.91219799999999,24.607699999999998
Panther_retail_Lester,2017-09-24,gradient_boosting,12.4824,60.35919799999999,36.57,False,False,0,6.5983,57.965597999999986,24.2227
Panther_retail_Lester,2017-09-24,perfect_foresight,12.4824,60.35919799999999,36.57,False,False,0,6.5983,57.96079799999999,21.5343
Panther_retail_Lester,2017-09-25,previous_day,12.4824,65.254732,51.132799999999996,False,False,0,7.1854,62.856332,38.0006
Panther_retail_Lester,2017-09-25,previous_week,12.4824,65.254732,51.132799999999996,False,False,0,7.1854,63.604732000000006,37.3981
Panther_retail_Lester,2017-09-25,ridge,12.4824,65.254732,51.132799999999996,False,False,0,7.1854,62.922732,37.445299999999996
Panther_retail_Lester,2017-09-25,gradient_boosting,12.4824,65.254732,51.132799999999996,False,False,0,7.1854,62.818732000000004,39.5006
Panther_retail_Lester,2017-09-25,perfect_foresight,12.4824,65.254732,51.132799999999996,False,False,0,7.1854,62.916532000000004,36.1028
Panther_retail_Lester,2017-09-26,previous_day,12.4824,66.54202000000001,51.187,False,False,0,6.7103,64.20382000000001,36.9816
Panther_retail_Lester,2017-09-26,previous_week,12.4824,66.54202000000001,51.187,False,False,0,6.7103,64.11322000000001,37.362300000000005
Panther_retail_Lester,2017-09-26,ridge,12.4824,66.54202000000001,51.187,False,False,0,6.7103,64.55902,36.7111
Panther_retail_Lester,2017-09-26,gradient_boosting,12.4824,66.54202000000001,51.187,False,False,0,6.7103,64.12362000000002,38.8616
Panther_retail_Lester,2017-09-26,perfect_foresight,12.4824,66.54202000000001,51.187,False,False,0,6.7103,64.20882,36.1511
Panther_retail_Lester,2017-09-27,previous_day,12.4824,55.052097999999994,17.566499999999998,False,False,0,6.645200000000001,52.71889799999999,15.270399999999999
Panther_retail_Lester,2017-09-27,previous_week,12.4824,55.052097999999994,17.566499999999998,False,False,0,7.4314,52.608098,12.293599999999998
Panther_retail_Lester,2017-09-27,ridge,12.4824,55.052097999999994,17.566499999999998,False,False,0,7.4314,53.039698,9.284899999999999
Panther_retail_Lester,2017-09-27,gradient_boosting,12.4824,55.052097999999994,17.566499999999998,False,False,0,6.0151,52.650898,16.540399999999998
Panther_retail_Lester,2017-09-27,perfect_foresight,12.4824,55.052097999999994,17.566499999999998,False,False,0,7.4314,53.76309799999999,0.495000000000001
Panther_retail_Lester,2017-09-28,previous_day,12.4824,65.026596,53.0104,False,False,0,5.2410000000000005,63.73759599999999,41.24619999999999
Panther_retail_Lester,2017-09-28,previous_week,12.4824,65.026596,53.0104,False,False,0,5.2410000000000005,62.585595999999995,39.5969
Panther_retail_Lester,2017-09-28,ridge,12.4824,65.026596,53.0104,False,False,0,5.2410000000000005,62.59879599999999,40.926
Panther_retail_Lester,2017-09-28,gradient_boosting,12.4824,65.026596,53.0104,False,False,0,5.2410000000000005,62.619795999999994,40.586000000000006
Panther_retail_Lester,2017-09-28,perfect_foresight,12.4824,65.026596,53.0104,False,False,0,5.2410000000000005,62.676995999999995,38.2714
Panther_retail_Lester,2017-09-29,previous_day,12.4824,66.73718600000001,53.6824,False,False,0,7.3244,64.38758600000001,39.4648
Panther_retail_Lester,2017-09-29,previous_week,12.4824,66.73718600000001,53.6824,False,False,0,7.1534,64.293186,39.9618
Panther_retail_Lester,2017-09-29,ridge,12.4824,66.73718600000001,53.6824,False,False,0,7.3244,64.669386,40.4748
Panther_retail_Lester,2017-09-29,gradient_boosting,12.4824,66.73718600000001,53.6824,False,False,0,7.3244,64.356786,40.548
Panther_retail_Lester,2017-09-29,perfect_foresight,12.4824,66.73718600000001,53.6824,False,False,0,7.3244,64.354786,38.6456
Panther_retail_Lester,2017-09-30,previous_day,12.4824,67.07527400000001,56.2479,False,False,0,6.9723,64.69287399999999,47.4446
Panther_retail_Lester,2017-09-30,previous_week,12.4824,67.07527400000001,56.2479,False,False,0,6.9723,64.687274,45.8489
Panther_retail_Lester,2017-09-30,ridge,12.4824,67.07527400000001,56.2479,False,False,0,6.9723,64.934274,45.4234
Panther_retail_Lester,2017-09-30,gradient_boosting,12.4824,67.07527400000001,56.2479,False,False,0,6.9723,64.701474,49.2846
Panther_retail_Lester,2017-09-30,perfect_foresight,12.4824,67.07527400000001,56.2479,False,False,0,6.9723,64.649274,44.436699999999995
Panther_retail_Lester,2017-10-01,previous_day,12.4824,57.83412200000001,22.1644,False,False,0,8.1836,55.408122000000006,14.421000000000001
Panther_retail_Lester,2017-10-01,previous_week,12.4824,57.83412200000001,22.1644,False,False,0,8.1836,55.435722000000005,14.677600000000002
Panther_retail_Lester,2017-10-01,ridge,12.4824,57.83412200000001,22.1644,False,False,0,8.1836,55.77012199999999,9.980599999999999
Panther_retail_Lester,2017-10-01,gradient_boosting,12.4824,57.83412200000001,22.1644,False,False,0,8.1836,55.504522,16.4174
Panther_retail_Lester,2017-10-01,perfect_foresight,12.4824,57.83412200000001,22.1644,False,False,0,8.1836,55.460522,7.134100000000002
Panther_retail_Lester,2017-10-02,previous_day,12.4824,48.212598,6.907399999999999,False,False,0,4.7697,45.838998,6.907399999999999
Panther_retail_Lester,2017-10-02,previous_week,12.4824,48.212598,6.907399999999999,False,False,0,4.7979,45.87439800000001,6.907399999999999
Panther_retail_Lester,2017-10-02,ridge,12.4824,48.212598,6.907399999999999,False,False,0,4.7979,45.855397999999994,6.907399999999999
Panther_retail_Lester,2017-10-02,gradient_boosting,12.4824,48.212598,6.907399999999999,False,False,0,4.2997,45.801398000000006,6.907399999999999
Panther_retail_Lester,2017-10-02,perfect_foresight,12.4824,48.212598,6.907399999999999,False,False,0,3.8897,46.385598,0.0
Panther_retail_Lester,2017-10-03,previous_day,12.4824,50.726858,20.096999999999994,False,False,0,3.0156,48.89985800000001,18.514499999999998
Panther_retail_Lester,2017-10-03,previous_week,12.4824,50.726858,20.096999999999994,False,False,0,3.0156,48.393657999999995,18.427
Panther_retail_Lester,2017-10-03,ridge,12.4824,50.726858,20.096999999999994,False,False,0,3.0156,48.282858000000004,20.056999999999995
Panther_retail_Lester,2017-10-03,gradient_boosting,12.4824,50.726858,20.096999999999994,False,False,0,3.0156,48.282858000000004,20.056999999999995
Panther_retail_Lester,2017-10-03,perfect_foresight,12.4824,50.726858,20.096999999999994,False,False,0,3.0156,48.548858,4.741099999999998
Panther_retail_Lester,2017-10-04,previous_day,12.4824,52.396255999999994,16.3652,False,False,0,3.9337,50.218256000000004,7.651100000000001
Panther_retail_Lester,2017-10-04,previous_week,12.4824,52.396255999999994,16.3652,False,False,0,3.9337,51.10725600000001,8.947000000000003
Panther_retail_Lester,2017-10-04,ridge,12.4824,52.396255999999994,16.3652,False,False,0,3.9337,49.952256,14.006700000000002
Panther_retail_Lester,2017-10-04,gradient_boosting,12.4824,52.396255999999994,16.3652,False,False,0,3.9337,49.952256,14.006700000000002
Panther_retail_Lester,2017-10-04,perfect_foresight,12.4824,52.396255999999994,16.3652,False,False,0,3.9337,50.286256,0.924100000000001
Panther_retail_Lester,2017-10-05,previous_day,12.4824,55.43563600000001,36.4531,False,False,0,3.0826,53.325636,23.8466
Panther_retail_Lester,2017-10-05,previous_week,12.4824,55.43563600000001,36.4531,False,False,0,3.0826,53.086036,25.1092
Panther_retail_Lester,2017-10-05,ridge,12.4824,55.43563600000001,36.4531,False,False,0,3.0826,52.99163600000001,26.479200000000006
Panther_retail_Lester,2017-10-05,gradient_boosting,12.4824,55.43563600000001,36.4531,False,False,0,3.0826,52.99163600000001,26.6792
Panther_retail_Lester,2017-10-05,perfect_foresight,12.4824,55.43563600000001,36.4531,False,False,0,3.0826,52.99163600000001,21.419600000000006
Panther_retail_Lester,2017-10-06,previous_day,12.4824,65.529018,57.218199999999996,False,False,0,4.4389,63.085018,42.17819999999999
Panther_retail_Lester,2017-10-06,previous_week,12.4824,65.529018,57.218199999999996,False,False,0,4.4389,63.146618,42.515299999999996
Panther_retail_Lester,2017-10-06,ridge,12.4824,65.529018,57.218199999999996,False,False,0,4.4389,63.08501799999999,42.515299999999996
Panther_retail_Lester,2017-10-06,gradient_boosting,12.4824,65.529018,57.218199999999996,False,False,0,4.4389,63.08501799999999,42.515299999999996
Panther_retail_Lester,2017-10-06,perfect_foresight,12.4824,65.529018,57.218199999999996,False,False,0,4.4389,63.08501799999999,42.1782
Panther_retail_Lester,2017-10-07,previous_day,12.4824,62.39408,42.09620000000001,False,False,0,6.3902,59.95008,29.878900000000005
Panther_retail_Lester,2017-10-07,previous_week,12.4824,62.39408,42.09620000000001,False,False,0,6.3902,59.96808,27.394400000000005
Panther_retail_Lester,2017-10-07,ridge,12.4824,62.39408,42.09620000000001,False,False,0,6.3902,60.22268000000001,29.29470000000001
Panther_retail_Lester,2017-10-07,gradient_boosting,12.4824,62.39408,42.09620000000001,False,False,0,6.3902,59.99808000000001,29.878900000000005
Panther_retail_Lester,2017-10-07,perfect_foresight,12.4824,62.39408,42.09620000000001,False,False,0,6.3902,59.95008,27.060700000000004
Panther_retail_Lester,2017-10-08,previous_day,12.4824,53.36089,22.7056,False,False,0,5.9021,50.91689,15.8356
Panther_retail_Lester,2017-10-08,previous_week,12.4824,53.36089,22.7056,False,False,0,5.9021,50.98729,10.483899999999998
Panther_retail_Lester,2017-10-08,ridge,12.4824,53.36089,22.7056,False,False,0,5.9021,51.01369000000001,15.222200000000003
Panther_retail_Lester,2017-10-08,gradient_boosting,12.4824,53.36089,22.7056,False,False,0,5.9021,50.947289999999995,17.1456
Panther_retail_Lester,2017-10-08,perfect_foresight,12.4824,53.36089,22.7056,False,False,0,5.9021,50.91689,7.6690000000000005
Panther_retail_Lester,2017-10-09,previous_day,12.4824,65.893944,63.7094,False,False,0,3.9427,63.44994400000001,48.66940000000001
Panther_retail_Lester,2017-10-09,previous_week,12.4824,65.893944,63.7094,False,False,0,3.9427,64.066944,48.974900000000005
Panther_retail_Lester,2017-10-09,ridge,12.4824,65.893944,63.7094,False,False,0,3.9427,63.449944,48.66940000000001
Panther_retail_Lester,2017-10-09,gradient_boosting,12.4824,65.893944,63.7094,False,False,0,3.9427,63.44994400000001,48.66940000000001
Panther_retail_Lester,2017-10-09,perfect_foresight,12.4824,65.893944,63.7094,False,False,0,3.6227,63.44994400000001,48.66940000000001
Panther_retail_Lester,2017-10-10,previous_day,12.4824,64.13743,65.5018,False,False,0,3.1136,61.69343,50.4618
Panther_retail_Lester,2017-10-10,previous_week,12.4824,64.13743,65.5018,False,False,0,3.1136,61.959430000000005,50.501799999999996
Panther_retail_Lester,2017-10-10,ridge,12.4824,64.13743,65.5018,False,False,0,3.1136,61.79043000000001,50.4618
Panther_retail_Lester,2017-10-10,gradient_boosting,12.4824,64.13743,65.5018,False,False,0,3.1136,61.69642999999999,50.4618
Panther_retail_Lester,2017-10-10,perfect_foresight,12.4824,64.13743,65.5018,False,False,0,3.1136,61.69343,50.4618
Panther_retail_Lester,2017-10-11,previous_day,12.4824,63.732872,58.6895,False,False,0,3.0116,61.288872,44.6777
Panther_retail_Lester,2017-10-11,previous_week,12.4824,63.732872,58.6895,False,False,0,3.0116,61.62287200000001,43.6995
Panther_retail_Lester,2017-10-11,ridge,12.4824,63.732872,58.6895,False,False,0,3.0116,61.408872,43.688500000000005
Panther_retail_Lester,2017-10-11,gradient_boosting,12.4824,63.732872,58.6895,False,False,0,3.0116,61.288872,44.6777
Panther_retail_Lester,2017-10-11,perfect_foresight,12.4824,63.732872,58.6895,False,False,0,3.0116,61.288872,43.6495
Panther_retail_Lester,2017-10-12,previous_day,12.4824,59.173958,36.028099999999995,False,False,0,4.979,56.729957999999996,24.184999999999995
Panther_retail_Lester,2017-10-12,previous_week,12.4824,59.173958,36.028099999999995,False,False,0,4.979,56.729957999999996,21.601899999999997
Panther_retail_Lester,2017-10-12,ridge,12.4824,59.173958,36.028099999999995,False,False,0,4.979,56.83895799999999,22.5108
Panther_retail_Lester,2017-10-12,gradient_boosting,12.4824,59.173958,36.028099999999995,False,False,0,4.979,56.750958000000004,24.22079999999999
Panther_retail_Lester,2017-10-12,perfect_foresight,12.4824,59.173958,36.028099999999995,False,False,0,4.979,56.726957999999996,20.985599999999998
Panther_retail_Lester,2017-10-13,previous_day,12.4824,60.123371999999996,39.9568,False,False,0,4.9719,57.67637200000001,25.724199999999996
Panther_retail_Lester,2017-10-13,previous_week,12.4824,60.123371999999996,39.9568,False,False,0,4.9719,57.67937200000001,27.5413
Panther_retail_Lester,2017-10-13,ridge,12.4824,60.123371999999996,39.9568,False,False,0,4.9719,57.71937200000001,27.551299999999998
Panther_retail_Lester,2017-10-13,gradient_boosting,12.4824,60.123371999999996,39.9568,False,False,0,4.9719,57.70717200000001,27.551299999999998
Panther_retail_Lester,2017-10-13,perfect_foresight,12.4824,60.123371999999996,39.9568,False,False,0,4.9489,57.682372,24.926799999999997
Panther_retail_Lester,2017-10-14,previous_day,12.4824,52.67719399999999,19.260799999999996,False,False,0,4.9430000000000005,50.23619399999999,11.8959
Panther_retail_Lester,2017-10-14,previous_week,12.4824,52.67719399999999,19.260799999999996,False,False,0,4.8749,50.23319399999999,12.405899999999999
Panther_retail_Lester,2017-10-14,ridge,12.4824,52.67719399999999,19.260799999999996,False,False,0,4.8749,50.24919399999999,12.3104
Panther_retail_Lester,2017-10-14,gradient_boosting,12.4824,52.67719399999999,19.260799999999996,False,False,0,4.8749,50.242594000000004,14.435899999999998
Panther_retail_Lester,2017-10-14,perfect_foresight,12.4824,52.67719399999999,19.260799999999996,False,False,0,4.8749,50.266194,4.235099999999996
Panther_retail_Lester,2017-10-15,previous_day,12.4824,52.372555999999996,25.340999999999994,False,False,0,4.7589,49.961555999999995,10.310999999999996
Panther_retail_Lester,2017-10-15,previous_week,12.4824,52.372555999999996,25.340999999999994,False,False,0,4.7589,49.92855599999999,11.806299999999997
Panther_retail_Lester,2017-10-15,ridge,12.4824,52.372555999999996,25.340999999999994,False,False,0,4.7589,49.92855599999999,15.971199999999998
Panther_retail_Lester,2017-10-15,gradient_boosting,12.4824,52.372555999999996,25.340999999999994,False,False,0,4.7589,49.945356,15.971199999999998
Panther_retail_Lester,2017-10-15,perfect_foresight,12.4824,52.372555999999996,25.340999999999994,False,False,0,4.7589,49.92855599999999,10.308599999999997
Panther_retail_Lester,2017-10-16,previous_day,12.4824,57.932773999999995,37.32929999999999,False,False,0,3.7996999999999996,55.48877399999999,22.289299999999997
Panther_retail_Lester,2017-10-16,previous_week,12.4824,57.932773999999995,37.32929999999999,False,False,0,3.4797,55.48877399999999,25.214899999999993
Panther_retail_Lester,2017-10-16,ridge,12.4824,57.932773999999995,37.32929999999999,False,False,0,3.7996999999999996,55.48877399999999,25.214899999999993
Panther_retail_Lester,2017-10-16,gradient_boosting,12.4824,57.932773999999995,37.32929999999999,False,False,0,3.7996999999999996,55.48877399999999,25.214899999999993
Panther_retail_Lester,2017-10-16,perfect_foresight,12.4824,57.932773999999995,37.32929999999999,False,False,0,3.4797,55.48577399999999,22.285599999999995
Panther_retail_Lester,2017-10-17,previous_day,12.4824,53.018056,23.9958,False,False,0,2.8766,50.571056000000006,14.639899999999999
Panther_retail_Lester,2017-10-17,previous_week,12.4824,53.018056,23.9958,False,False,0,2.8766,50.574056000000006,16.5923
Panther_retail_Lester,2017-10-17,ridge,12.4824,53.018056,23.9958,False,False,0,2.8766,50.60005600000001,14.7423
Panther_retail_Lester,2017-10-17,gradient_boosting,12.4824,53.018056,23.9958,False,False,0,2.8766,50.574056000000006,16.5923
Panther_retail_Lester,2017-10-17,perfect_foresight,12.4824,53.018056,23.9958,False,False,0,2.8766,50.68005600000001,8.963899999999999
Panther_retail_Lester,2017-10-18,previous_day,12.4824,50.36529200000001,12.721499999999999,False,False,0,4.0128,48.02729200000001,3.7325999999999997
Panther_retail_Lester,2017-10-18,previous_week,12.4824,50.36529200000001,12.721499999999999,False,False,0,4.0128,47.92129200000001,7.5356999999999985
Panther_retail_Lester,2017-10-18,ridge,12.4824,50.36529200000001,12.721499999999999,False,False,0,4.0128,47.92129200000001,8.5657
Panther_retail_Lester,2017-10-18,gradient_boosting,12.4824,50.36529200000001,12.721499999999999,False,False,0,4.0128,47.92129200000001,8.5657
Panther_retail_Lester,2017-10-18,perfect_foresight,12.4824,50.36529200000001,12.721499999999999,False,False,0,4.0128,48.25929200000001,0.010099999999997777
Panther_retail_Lester,2017-10-19,previous_day,12.4824,53.857380000000006,22.5425,False,False,0,4.0138,51.75138000000001,9.6147
Panther_retail_Lester,2017-10-19,previous_week,12.4824,53.857380000000006,22.5425,False,False,0,4.0138,51.41038000000001,9.76
Panther_retail_Lester,2017-10-19,ridge,12.4824,53.857380000000006,22.5425,False,False,0,4.0138,51.413380000000004,13.834800000000001
Panther_retail_Lester,2017-10-19,gradient_boosting,12.4824,53.857380000000006,22.5425,False,False,0,4.0138,51.413380000000004,13.834800000000001
Panther_retail_Lester,2017-10-19,perfect_foresight,12.4824,53.857380000000006,22.5425,False,False,0,4.0138,51.413380000000004,7.505500000000001
Panther_retail_Lester,2017-10-20,previous_day,12.4824,51.308319999999995,13.053599999999996,False,False,0,4.3608,48.86432,3.2806999999999977
Panther_retail_Lester,2017-10-20,previous_week,12.4824,51.308319999999995,13.053599999999996,False,False,0,4.3608,48.86732000000001,5.431099999999997
Panther_retail_Lester,2017-10-20,ridge,12.4824,51.308319999999995,13.053599999999996,False,False,0,4.3608,48.864320000000006,7.723599999999998
Panther_retail_Lester,2017-10-20,gradient_boosting,12.4824,51.308319999999995,13.053599999999996,False,False,0,4.3608,48.86432,7.723599999999998
Panther_retail_Lester,2017-10-20,perfect_foresight,12.4824,51.308319999999995,13.053599999999996,False,False,0,4.3608,48.95932,0.004399999999996851
Panther_retail_Lester,2017-10-21,previous_day,12.4824,44.62715600000001,4.738899999999999,False,False,0,4.0768,42.27815600000001,0.5532000000000004
Panther_retail_Lester,2017-10-21,previous_week,12.4824,44.62715600000001,4.738899999999999,False,False,0,4.0768,42.216156000000005,0.6831999999999994
Panther_retail_Lester,2017-10-21,ridge,12.4824,44.62715600000001,4.738899999999999,False,False,0,4.0768,42.183156000000004,3.7817000000000007
Panther_retail_Lester,2017-10-21,gradient_boosting,12.4824,44.62715600000001,4.738899999999999,False,False,0,4.0768,42.187156,3.7817000000000007
Panther_retail_Lester,2017-10-21,perfect_foresight,12.4824,44.62715600000001,4.738899999999999,False,False,0,4.0768,42.281156,0.0031999999999996476
Panther_retail_Lester,2017-10-22,previous_day,12.4824,46.519084,13.284599999999996,False,False,0,3.9808,44.173083999999996,7.4363999999999955
Panther_retail_Lester,2017-10-22,previous_week,12.4824,46.519084,13.284599999999996,False,False,0,3.9808,44.07508399999999,4.910199999999998
Panther_retail_Lester,2017-10-22,ridge,12.4824,46.519084,13.284599999999996,False,False,0,3.9808,44.07508399999999,8.943699999999998
Panther_retail_Lester,2017-10-22,gradient_boosting,12.4824,46.519084,13.284599999999996,False,False,0,3.9808,44.07508399999999,8.943699999999998
Panther_retail_Lester,2017-10-22,perfect_foresight,12.4824,46.519084,13.284599999999996,False,False,0,3.9808,44.291084,0.008999999999996788
Panther_retail_Lester,2017-10-23,previous_day,12.4824,55.21114600000001,29.780799999999996,False,False,0,3.7066,52.98314600000001,15.820299999999996
Panther_retail_Lester,2017-10-23,previous_week,12.4824,55.21114600000001,29.780799999999996,False,False,0,3.3866,52.76414600000001,17.693699999999996
Panther_retail_Lester,2017-10-23,ridge,12.4824,55.21114600000001,29.780799999999996,False,False,0,3.7066,52.76714600000001,19.5398
Panther_retail_Lester,2017-10-23,gradient_boosting,12.4824,55.21114600000001,29.780799999999996,False,False,0,3.7066,52.76714600000001,19.5398
Panther_retail_Lester,2017-10-23,perfect_foresight,12.4824,55.21114600000001,29.780799999999996,False,False,0,3.3866,52.76714600000001,14.744599999999997
Panther_retail_Lester,2017-10-24,previous_day,12.4824,53.328109999999995,28.071399999999997,False,False,0,2.7755,50.88410999999999,13.531899999999997
Panther_retail_Lester,2017-10-24,previous_week,12.4824,53.328109999999995,28.071399999999997,False,False,0,2.7755,50.99011,14.091399999999997
Panther_retail_Lester,2017-10-24,ridge,12.4824,53.328109999999995,28.071399999999997,False,False,0,2.7755,50.88410999999999,15.371899999999998
Panther_retail_Lester,2017-10-24,gradient_boosting,12.4824,53.328109999999995,28.071399999999997,False,False,0,2.7755,50.88410999999999,15.371899999999998
Panther_retail_Lester,2017-10-24,perfect_foresight,12.4824,53.328109999999995,28.071399999999997,False,False,0,2.7755,50.88410999999999,13.0338
Panther_retail_Lester,2017-10-25,previous_day,12.4824,42.599968,2.625499999999999,False,False,0,3.7237,40.155968,1.1181999999999999
Panther_retail_Lester,2017-10-25,previous_week,12.4824,42.599968,2.625499999999999,False,False,0,3.7237,40.493967999999995,0.0
Panther_retail_Lester,2017-10-25,ridge,12.4824,42.599968,2.625499999999999,False,False,0,3.7237,40.155968,2.5854999999999997
Panther_retail_Lester,2017-10-25,gradient_boosting,12.4824,42.599968,2.625499999999999,False,False,0,3.7237,40.155968,2.5854999999999997
Panther_retail_Lester,2017-10-25,perfect_foresight,12.4824,42.599968,2.625499999999999,False,False,0,3.7237,40.155967999999994,0.001100000000000989
Panther_retail_Lester,2017-10-26,previous_day,12.4824,40.159666,1.1593,False,False,0,2.7805,37.715666000000006,0.0
Panther_retail_Lester,2017-10-26,previous_week,12.4824,40.159666,1.1593,False,False,0,2.7805,37.715666,0.31509999999999927
Panther_retail_Lester,2017-10-26,ridge,12.4824,40.159666,1.1593,False,False,0,2.7805,37.715666000000006,1.1193000000000008
Panther_retail_Lester,2017-10-26,gradient_boosting,12.4824,40.159666,1.1593,False,False,0,2.7805,37.715666000000006,1.1193000000000008
Panther_retail_Lester,2017-10-26,perfect_foresight,12.4824,40.159666,1.1593,False,False,0,2.7805,37.712666,0.0
Panther_retail_Lester,2017-10-27,previous_day,12.4824,46.20482200000001,4.489000000000001,False,False,0,3.6107,43.75782200000001,3.6258
Panther_retail_Lester,2017-10-27,previous_week,12.4824,46.20482200000001,4.489000000000001,False,False,0,3.6107,43.85582200000001,1.2058
Panther_retail_Lester,2017-10-27,ridge,12.4824,46.20482200000001,4.489000000000001,False,False,0,3.6107,43.76082200000001,4.229900000000001
Panther_retail_Lester,2017-10-27,gradient_boosting,12.4824,46.20482200000001,4.489000000000001,False,False,0,3.6107,43.76082200000001,4.229900000000001
Panther_retail_Lester,2017-10-27,perfect_foresight,12.4824,46.20482200000001,4.489000000000001,False,False,0,3.6107,43.810822000000016,0.00990000000000002
Panther_retail_Lester,2017-10-28,previous_day,12.4824,39.14845799999999,0.04400000000000048,False,False,0,4.3118,36.754458,0.04400000000000048
Panther_retail_Lester,2017-10-28,previous_week,12.4824,39.14845799999999,0.04400000000000048,False,False,0,4.3118,36.802457999999994,0.0
Panther_retail_Lester,2017-10-28,ridge,12.4824,39.14845799999999,0.04400000000000048,False,False,0,4.3118,36.704457999999995,0.004000000000001336
Panther_retail_Lester,2017-10-28,gradient_boosting,12.4824,39.14845799999999,0.04400000000000048,False,False,0,4.3118,36.704457999999995,0.004000000000001336
Panther_retail_Lester,2017-10-28,perfect_foresight,12.4824,39.14845799999999,0.04400000000000048,False,False,0,3.9918,36.704457999999995,0.004000000000001336
Panther_retail_Lester,2017-10-29,previous_day,12.4824,30.983720000000005,0.0,False,False,0,2.9295,28.539720000000003,0.0
Panther_retail_Lester,2017-10-29,previous_week,12.4824,30.983720000000005,0.0,False,False,0,3.3216,28.75572,0.0
Panther_retail_Lester,2017-10-29,ridge,12.4824,30.983720000000005,0.0,False,False,0,2.9295,28.539720000000003,0.0
Panther_retail_Lester,2017-10-29,gradient_boosting,12.4824,30.983720000000005,0.0,False,False,0,2.9295,28.539720000000003,0.0
Panther_retail_Lester,2017-10-29,perfect_foresight,12.4824,30.983720000000005,0.0,False,False,0,2.9295,28.539720000000003,0.0
Panther_retail_Lester,2017-10-30,previous_day,12.4824,35.825075999999996,0.0,False,False,0,2.9966,33.38107600000001,0.0
Panther_retail_Lester,2017-10-30,previous_week,12.4824,35.825075999999996,0.0,False,False,0,2.9966,33.381076,0.0
Panther_retail_Lester,2017-10-30,ridge,12.4824,35.825075999999996,0.0,False,False,0,2.9966,33.38107600000001,0.0
Panther_retail_Lester,2017-10-30,gradient_boosting,12.4824,35.825075999999996,0.0,False,False,0,2.9966,33.38107600000001,0.0
Panther_retail_Lester,2017-10-30,perfect_foresight,12.4824,35.825075999999996,0.0,False,False,0,2.9966,33.38107600000001,0.0
Panther_retail_Lester,2017-10-31,previous_day,12.4824,34.624294000000006,0.0,False,False,0,2.8145,32.180293999999996,0.0
Panther_retail_Lester,2017-10-31,previous_week,12.4824,34.624294000000006,0.0,False,False,0,2.8145,32.180294,0.0
Panther_retail_Lester,2017-10-31,ridge,12.4824,34.624294000000006,0.0,False,False,0,2.8145,32.180293999999996,0.0
Panther_retail_Lester,2017-10-31,gradient_boosting,12.4824,34.624294000000006,0.0,False,False,0,2.8145,32.180293999999996,0.0
Panther_retail_Lester,2017-10-31,perfect_foresight,12.4824,34.624294000000006,0.0,False,False,0,2.8145,32.180293999999996,0.0
Panther_retail_Lester,2017-11-01,previous_day,12.4824,45.217673999999995,7.3104,False,False,0,3.3056,42.773674,5.557100000000002
Panther_retail_Lester,2017-11-01,previous_week,12.4824,45.217673999999995,7.3104,False,False,0,3.3056,42.773674,3.5039000000000016
Panther_retail_Lester,2017-11-01,ridge,12.4824,45.217673999999995,7.3104,False,False,0,3.3056,42.773674,5.557100000000002
Panther_retail_Lester,2017-11-01,gradient_boosting,12.4824,45.217673999999995,7.3104,False,False,0,3.3056,42.77367399999999,5.557100000000002
Panther_retail_Lester,2017-11-01,perfect_foresight,12.4824,45.217673999999995,7.3104,False,False,0,3.3056,42.868674,0.005599999999999383
Panther_retail_Lester,2017-11-02,previous_day,12.4824,48.594908000000004,15.505999999999998,False,False,0,3.0596,46.24590799999999,5.439699999999998
Panther_retail_Lester,2017-11-02,previous_week,12.4824,48.594908000000004,15.505999999999998,False,False,0,3.0596,46.147907999999994,6.761599999999998
Panther_retail_Lester,2017-11-02,ridge,12.4824,48.594908000000004,15.505999999999998,False,False,0,3.0596,46.150907999999994,7.891599999999999
Panther_retail_Lester,2017-11-02,gradient_boosting,12.4824,48.594908000000004,15.505999999999998,False,False,0,3.0596,46.150907999999994,7.891599999999999
Panther_retail_Lester,2017-11-02,perfect_foresight,12.4824,48.594908000000004,15.505999999999998,False,False,0,3.0596,46.18990799999999,0.48309999999999853
Panther_retail_Lester,2017-11-03,previous_day,12.4824,50.10827999999999,11.7684,False,False,0,4.9319,47.70328000000001,2.1723999999999997
Panther_retail_Lester,2017-11-03,previous_week,12.4824,50.10827999999999,11.7684,False,False,0,4.9319,47.71428,7.0976
Panther_retail_Lester,2017-11-03,ridge,12.4824,50.10827999999999,11.7684,False,False,0,4.9319,47.664280000000005,8.6317
Panther_retail_Lester,2017-11-03,gradient_boosting,12.4824,50.10827999999999,11.7684,False,False,0,4.9319,47.664280000000005,8.6317
Panther_retail_Lester,2017-11-03,perfect_foresight,12.4824,50.10827999999999,11.7684,False,False,0,4.904,47.85728,0.0
Panther_retail_Lester,2017-11-04,previous_day,12.4824,39.03120799999999,0.0,False,False,0,4.0058,36.780207999999995,0.0
Panther_retail_Lester,2017-11-04,previous_week,12.4824,39.03120799999999,0.0,False,False,0,4.1368,36.587208,0.0
Panther_retail_Lester,2017-11-04,ridge,12.4824,39.03120799999999,0.0,False,False,0,4.1368,36.587208,0.0
Panther_retail_Lester,2017-11-04,gradient_boosting,12.4824,39.03120799999999,0.0,False,False,0,4.1368,36.587208,0.0
Panther_retail_Lester,2017-11-04,perfect_foresight,12.4824,39.03120799999999,0.0,False,False,0,4.1368,36.587208,0.0
Panther_retail_Lester,2017-11-08,previous_day,12.4824,50.468946,14.288799999999998,False,False,0,3.9177,48.235946000000006,6.376099999999997
Panther_retail_Lester,2017-11-08,previous_week,12.4824,50.468946,14.288799999999998,False,False,0,3.9177,48.119946000000006,5.203699999999998
Panther_retail_Lester,2017-11-08,ridge,12.4824,50.468946,14.288799999999998,False,False,0,3.9177,48.024946,8.627799999999999
Panther_retail_Lester,2017-11-08,gradient_boosting,12.4824,50.468946,14.288799999999998,False,False,0,3.9177,48.024946,8.627799999999999
Panther_retail_Lester,2017-11-08,perfect_foresight,12.4824,50.468946,14.288799999999998,False,False,0,3.9177,48.146946,0.015299999999996317
Panther_retail_Lester,2017-11-09,previous_day,12.4824,50.38935800000001,14.727899999999996,False,False,0,3.7537,48.067358,5.222099999999996
Panther_retail_Lester,2017-11-09,previous_week,12.4824,50.38935800000001,14.727899999999996,False,False,0,3.7537,47.984358,4.866799999999998
Panther_retail_Lester,2017-11-09,ridge,12.4824,50.38935800000001,14.727899999999996,False,False,0,3.7537,47.945358,9.370799999999997
Panther_retail_Lester,2017-11-09,gradient_boosting,12.4824,50.38935800000001,14.727899999999996,False,False,0,3.7537,47.945358,9.370799999999997
Panther_retail_Lester,2017-11-09,perfect_foresight,12.4824,50.38935800000001,14.727899999999996,False,False,0,3.7537,48.366358000000005,0.010599999999998388
Panther_retail_Lester,2017-11-10,previous_day,12.4824,45.101832,3.3577999999999992,False,False,0,3.3016,43.078832,1.8844999999999992
Panther_retail_Lester,2017-11-10,previous_week,12.4824,45.101832,3.3577999999999992,False,False,0,3.2856,42.85083200000001,2.304499999999999
Panther_retail_Lester,2017-11-10,ridge,12.4824,45.101832,3.3577999999999992,False,False,0,3.3016,42.657832000000006,2.605599999999999
Panther_retail_Lester,2017-11-10,gradient_boosting,12.4824,45.101832,3.3577999999999992,False,False,0,3.3016,42.657832000000006,2.605599999999999
Panther_retail_Lester,2017-11-10,perfect_foresight,12.4824,45.101832,3.3577999999999992,False,False,0,3.3016,42.920832000000004,0.005599999999997607
Panther_retail_Lester,2017-11-11,previous_day,12.4824,40.527440000000006,0.09799999999999898,False,False,0,4.2228,38.34644000000001,0.0
Panther_retail_Lester,2017-11-11,previous_week,12.4824,40.527440000000006,0.09799999999999898,False,False,0,4.2228,38.08344000000001,0.0
Panther_retail_Lester,2017-11-11,ridge,12.4824,40.527440000000006,0.09799999999999898,False,False,0,4.2228,38.08344000000001,0.0
Panther_retail_Lester,2017-11-11,gradient_boosting,12.4824,40.527440000000006,0.09799999999999898,False,False,0,4.2228,38.08344000000001,0.0
Panther_retail_Lester,2017-11-11,perfect_foresight,12.4824,40.527440000000006,0.09799999999999898,False,False,0,4.2228,38.08344000000001,0.0
Panther_retail_Lester,2017-11-13,previous_day,12.4824,48.19149200000001,10.5051,False,False,0,3.9497,45.747492000000015,5.4361000000000015
Panther_retail_Lester,2017-11-13,previous_week,12.4824,48.19149200000001,10.5051,False,False,0,3.9497,46.07569200000001,1.6956000000000007
Panther_retail_Lester,2017-11-13,ridge,12.4824,48.19149200000001,10.5051,False,False,0,3.9497,45.747492000000015,5.4361000000000015
Panther_retail_Lester,2017-11-13,gradient_boosting,12.4824,48.19149200000001,10.5051,False,False,0,3.9497,45.747492000000015,5.4361000000000015
Panther_retail_Lester,2017-11-13,perfect_foresight,12.4824,48.19149200000001,10.5051,False,False,0,3.9497,45.873492000000006,0.012400000000001299
Panther_retail_Lester,2017-11-14,previous_day,12.4824,44.94696,7.377499999999998,False,False,0,2.9015,42.62896,2.4284999999999997
Panther_retail_Lester,2017-11-14,previous_week,12.4824,44.94696,7.377499999999998,False,False,0,2.9015,42.71396000000001,1.1285999999999987
Panther_retail_Lester,2017-11-14,ridge,12.4824,44.94696,7.377499999999998,False,False,0,2.9015,42.50296,3.5717
Panther_retail_Lester,2017-11-14,gradient_boosting,12.4824,44.94696,7.377499999999998,False,False,0,2.9015,42.50296,3.5717
Panther_retail_Lester,2017-11-14,perfect_foresight,12.4824,44.94696,7.377499999999998,False,False,0,2.9015,42.811960000000006,0.0031999999999996476
Panther_retail_Lester,2017-11-15,previous_day,12.4824,42.412065999999996,0.7860999999999994,False,False,0,3.7547,40.277066,0.12509999999999977
Panther_retail_Lester,2017-11-15,previous_week,12.4824,42.412065999999996,0.7860999999999994,False,False,0,3.7257,40.09006599999999,0.0
Panther_retail_Lester,2017-11-15,ridge,12.4824,42.412065999999996,0.7860999999999994,False,False,0,3.7547,39.968066,0.6051000000000002
Panther_retail_Lester,2017-11-15,gradient_boosting,12.4824,42.412065999999996,0.7860999999999994,False,False,0,3.7547,39.968066,0.6051000000000002
Panther_retail_Lester,2017-11-15,perfect_foresight,12.4824,42.412065999999996,0.7860999999999994,False,False,0,3.7547,39.968066,0.0
Panther_retail_Lester,2017-11-16,previous_day,12.4824,41.746682,0.0,False,False,0,2.9156,39.302682,0.0
Panther_retail_Lester,2017-11-16,previous_week,12.4824,41.746682,0.0,False,False,0,2.9156,39.723682,0.0
Panther_retail_Lester,2017-11-16,ridge,12.4824,41.746682,0.0,False,False,0,2.9156,39.302682,0.0
Panther_retail_Lester,2017-11-16,gradient_boosting,12.4824,41.746682,0.0,False,False,0,2.9156,39.302682,0.0
Panther_retail_Lester,2017-11-16,perfect_foresight,12.4824,41.746682,0.0,False,False,0,2.9156,39.302682,0.0
Panther_retail_Lester,2017-11-17,previous_day,12.4824,41.775956,0.9342000000000006,False,False,0,3.2406,39.331956,0.8942000000000014
Panther_retail_Lester,2017-11-17,previous_week,12.4824,41.775956,0.9342000000000006,False,False,0,3.2406,39.594955999999996,0.9342000000000006
Panther_retail_Lester,2017-11-17,ridge,12.4824,41.775956,0.9342000000000006,False,False,0,3.2406,39.331956,0.8942000000000014
Panther_retail_Lester,2017-11-17,gradient_boosting,12.4824,41.775956,0.9342000000000006,False,False,0,3.2406,39.331956,0.8942000000000014
Panther_retail_Lester,2017-11-17,perfect_foresight,12.4824,41.775956,0.9342000000000006,False,False,0,3.2406,39.331956,0.00420000000000087
Panther_retail_Lester,2017-11-18,previous_day,12.4824,34.87470199999999,0.0,False,False,0,3.2426,32.430702000000004,0.0
Panther_retail_Lester,2017-11-18,previous_week,12.4824,34.87470199999999,0.0,False,False,0,3.2426,32.430702000000004,0.0
Panther_retail_Lester,2017-11-18,ridge,12.4824,34.87470199999999,0.0,False,False,0,3.2426,32.430702000000004,0.0
Panther_retail_Lester,2017-11-18,gradient_boosting,12.4824,34.87470199999999,0.0,False,False,0,3.2426,32.430702000000004,0.0
Panther_retail_Lester,2017-11-18,perfect_foresight,12.4824,34.87470199999999,0.0,False,False,0,3.2426,32.430702000000004,0.0
Panther_retail_Lester,2017-11-20,previous_day,12.4824,39.91097800000001,0.0,False,False,0,3.3146,37.472978000000005,0.0
Panther_retail_Lester,2017-11-20,previous_week,12.4824,39.91097800000001,0.0,False,False,0,3.3146,37.592978,0.0
Panther_retail_Lester,2017-11-20,ridge,12.4824,39.91097800000001,0.0,False,False,0,3.3146,37.466978000000005,0.0
Panther_retail_Lester,2017-11-20,gradient_boosting,12.4824,39.91097800000001,0.0,False,False,0,2.9946,37.466978000000005,0.0
Panther_retail_Lester,2017-11-20,perfect_foresight,12.4824,39.91097800000001,0.0,False,False,0,3.3146,37.466978000000005,0.0
Panther_retail_Lester,2017-11-21,previous_day,12.4824,40.60537600000001,1.824399999999999,False,False,0,2.7475,38.161376000000004,1.7843999999999998
Panther_retail_Lester,2017-11-21,previous_week,12.4824,40.60537600000001,1.824399999999999,False,False,0,2.7475,38.470376,1.1883
Panther_retail_Lester,2017-11-21,ridge,12.4824,40.60537600000001,1.824399999999999,False,False,0,2.7475,38.161376000000004,1.7843999999999998
Panther_retail_Lester,2017-11-21,gradient_boosting,12.4824,40.60537600000001,1.824399999999999,False,False,0,2.7475,38.161376000000004,1.7843999999999998
Panther_retail_Lester,2017-11-21,perfect_foresight,12.4824,40.60537600000001,1.824399999999999,False,False,0,2.7475,38.313376000000005,0.0
Panther_retail_Lester,2017-11-22,previous_day,12.4824,46.716294000000005,8.9349,False,False,0,2.8705,44.42429400000001,2.0855000000000015
Panther_retail_Lester,2017-11-22,previous_week,12.4824,46.716294000000005,8.9349,False,False,0,2.8705,44.27229400000001,3.1758000000000006
Panther_retail_Lester,2017-11-22,ridge,12.4824,46.716294000000005,8.9349,False,False,0,2.8705,44.27229400000001,3.785800000000002
Panther_retail_Lester,2017-11-22,gradient_boosting,12.4824,46.716294000000005,8.9349,False,False,0,2.8705,44.27229400000001,3.785800000000002
Panther_retail_Lester,2017-11-22,perfect_foresight,12.4824,46.716294000000005,8.9349,False,False,0,2.8705,44.41829400000001,0.004600000000001714
Panther_retail_Lester,2017-11-23,previous_day,12.4824,28.171840000000003,0.0,False,False,0,1.1681999999999997,25.87384,0.03500000000000014
Panther_retail_Lester,2017-11-23,previous_week,12.4824,28.171840000000003,0.0,False,False,0,1.1082,25.72784,0.03500000000000014
Panther_retail_Lester,2017-11-23,ridge,12.4824,28.171840000000003,0.0,False,False,0,1.1082,25.72784,0.03500000000000014
Panther_retail_Lester,2017-11-23,gradient_boosting,12.4824,28.171840000000003,0.0,False,False,0,1.1082,25.72784,0.03500000000000014
Panther_retail_Lester,2017-11-23,perfect_foresight,12.4824,28.171840000000003,0.0,False,False,0,1.1082,25.72784,0.0
Panther_retail_Lester,2017-11-24,previous_day,12.4824,34.187034,0.0,False,False,0,3.4276,31.743033999999998,0.0
Panther_retail_Lester,2017-11-24,previous_week,12.4824,34.187034,0.0,False,False,0,3.8186999999999998,31.743033999999998,0.0
Panther_retail_Lester,2017-11-24,ridge,12.4824,34.187034,0.0,False,False,0,3.4276,31.743033999999998,0.0
Panther_retail_Lester,2017-11-24,gradient_boosting,12.4824,34.187034,0.0,False,False,0,3.4276,31.743033999999998,0.0
Panther_retail_Lester,2017-11-24,perfect_foresight,12.4824,34.187034,0.0,False,False,0,3.4276,31.743033999999998,0.0
Panther_retail_Lester,2017-11-25,previous_day,12.4824,30.811208000000004,0.0,False,False,0,2.3213999999999997,28.367208000000005,0.0
Panther_retail_Lester,2017-11-25,previous_week,12.4824,30.811208000000004,0.0,False,False,0,2.3213999999999997,28.367208000000005,0.0
Panther_retail_Lester,2017-11-25,ridge,12.4824,30.811208000000004,0.0,False,False,0,2.3213999999999997,28.367208000000005,0.0
Panther_retail_Lester,2017-11-25,gradient_boosting,12.4824,30.811208000000004,0.0,False,False,0,2.3213999999999997,28.367208000000005,0.0
Panther_retail_Lester,2017-11-25,perfect_foresight,12.4824,30.811208000000004,0.0,False,False,0,2.3213999999999997,28.367208000000005,0.0
Panther_retail_Lester,2017-11-26,previous_day,12.4824,33.465402000000005,0.0,False,False,0,2.7375,31.021402000000005,0.0
Panther_retail_Lester,2017-11-26,previous_week,12.4824,33.465402000000005,0.0,False,False,0,2.7375,31.027402000000006,0.0
Panther_retail_Lester,2017-11-26,ridge,12.4824,33.465402000000005,0.0,False,False,0,2.7375,31.021402000000005,0.0
Panther_retail_Lester,2017-11-26,gradient_boosting,12.4824,33.465402000000005,0.0,False,False,0,2.7375,31.021402000000005,0.0
Panther_retail_Lester,2017-11-26,perfect_foresight,12.4824,33.465402000000005,0.0,False,False,0,2.7375,31.021402000000005,0.0
Panther_retail_Lester,2017-11-27,previous_day,12.4824,46.761849999999995,4.5709,False,False,0,3.9838,44.31784999999999,3.4377000000000013
Panther_retail_Lester,2017-11-27,previous_week,12.4824,46.761849999999995,4.5709,False,False,0,3.9838,44.31784999999999,3.4377000000000013
Panther_retail_Lester,2017-11-27,ridge,12.4824,46.761849999999995,4.5709,False,False,0,3.9838,44.31784999999999,3.4377000000000013
Panther_retail_Lester,2017-11-27,gradient_boosting,12.4824,46.761849999999995,4.5709,False,False,0,3.9838,44.31784999999999,3.4377000000000013
Panther_retail_Lester,2017-11-27,perfect_foresight,12.4824,46.761849999999995,4.5709,False,False,0,3.9838,44.31785,0.0022999999999999687
Panther_retail_Lester,2017-11-28,previous_day,12.4824,50.775135999999996,10.587,False,False,0,4.5479,48.331135999999994,3.6151999999999997
Panther_retail_Lester,2017-11-28,previous_week,12.4824,50.775135999999996,10.587,False,False,0,4.5479,48.483135999999995,2.7515
Panther_retail_Lester,2017-11-28,ridge,12.4824,50.775135999999996,10.587,False,False,0,4.5479,48.331135999999994,4.3588000000000005
Panther_retail_Lester,2017-11-28,gradient_boosting,12.4824,50.775135999999996,10.587,False,False,0,4.5479,48.331135999999994,4.3588000000000005
Panther_retail_Lester,2017-11-28,perfect_foresight,12.4824,50.775135999999996,10.587,False,False,0,4.5479,48.480135999999995,0.011499999999998067
Panther_retail_Lester,2017-11-29,previous_day,12.4824,52.73253600000001,18.815799999999996,False,False,0,4.6239,50.43753600000001,8.475099999999996
Panther_retail_Lester,2017-11-29,previous_week,12.4824,52.73253600000001,18.815799999999996,False,False,0,4.6239,50.43453600000001,9.8951
Panther_retail_Lester,2017-11-29,ridge,12.4824,52.73253600000001,18.815799999999996,False,False,0,4.6239,50.288536,10.8453
Panther_retail_Lester,2017-11-29,gradient_boosting,12.4824,52.73253600000001,18.815799999999996,False,False,0,4.6239,50.288536,10.8453
Panther_retail_Lester,2017-11-29,perfect_foresight,12.4824,52.73253600000001,18.815799999999996,False,False,0,4.6239,50.290536,3.759699999999997
Panther_retail_Lester,2017-11-30,previous_day,12.4824,48.956361999999984,10.123999999999997,False,False,0,4.2748,46.51436199999999,2.581999999999999
Panther_retail_Lester,2017-11-30,previous_week,12.4824,48.956361999999984,10.123999999999997,False,False,0,4.2748,46.51236199999999,4.385999999999999
Panther_retail_Lester,2017-11-30,ridge,12.4824,48.956361999999984,10.123999999999997,False,False,0,4.2748,46.51236199999999,4.426
Panther_retail_Lester,2017-11-30,gradient_boosting,12.4824,48.956361999999984,10.123999999999997,False,False,0,4.2748,46.51236199999999,4.426
Panther_retail_Lester,2017-11-30,perfect_foresight,12.4824,48.956361999999984,10.123999999999997,False,False,0,4.2748,46.63736199999999,0.007600000000000051
Panther_retail_Lester,2017-12-01,previous_day,12.4824,48.956784,12.255299999999998,False,False,0,4.0848,46.637784,3.8995999999999995
Panther_retail_Lester,2017-12-01,previous_week,12.4824,48.956784,12.255299999999998,False,False,0,4.0848,46.512783999999996,7.2744
Panther_retail_Lester,2017-12-01,ridge,12.4824,48.956784,12.255299999999998,False,False,0,4.0848,46.512783999999996,7.2744
Panther_retail_Lester,2017-12-01,gradient_boosting,12.4824,48.956784,12.255299999999998,False,False,0,4.0848,46.512783999999996,7.2744
Panther_retail_Lester,2017-12-01,perfect_foresight,12.4824,48.956784,12.255299999999998,False,False,0,4.0848,46.668783999999995,0.014699999999999491
Panther_retail_Lester,2017-12-02,previous_day,12.4824,42.808009999999996,1.4902999999999995,False,False,0,4.2248,40.52001,0.0
Panther_retail_Lester,2017-12-02,previous_week,12.4824,42.808009999999996,1.4902999999999995,False,False,0,4.2248,40.36401,1.1731999999999996
Panther_retail_Lester,2017-12-02,ridge,12.4824,42.808009999999996,1.4902999999999995,False,False,0,4.2248,40.36401,1.1731999999999996
Panther_retail_Lester,2017-12-02,gradient_boosting,12.4824,42.808009999999996,1.4902999999999995,False,False,0,4.2248,40.36401,1.1731999999999996
Panther_retail_Lester,2017-12-02,perfect_foresight,12.4824,42.808009999999996,1.4902999999999995,False,False,0,4.2248,40.36401,0.0031999999999996476
Panther_retail_Lester,2017-12-03,previous_day,12.4824,41.327909999999996,1.834299999999999,False,False,0,4.0638,38.88390999999999,1.5663
Panther_retail_Lester,2017-12-03,previous_week,12.4824,41.327909999999996,1.834299999999999,False,False,0,4.0638,38.88390999999999,1.6173000000000002
Panther_retail_Lester,2017-12-03,ridge,12.4824,41.327909999999996,1.834299999999999,False,False,0,4.0638,38.88390999999999,1.6173000000000002
Panther_retail_Lester,2017-12-03,gradient_boosting,12.4824,41.327909999999996,1.834299999999999,False,False,0,4.0638,38.88390999999999,1.6173000000000002
Panther_retail_Lester,2017-12-03,perfect_foresight,12.4824,41.327909999999996,1.834299999999999,False,False,0,4.0638,38.88390999999999,0.002100000000000435
Panther_retail_Lester,2017-12-04,previous_day,12.4824,47.211448,4.579799999999999,False,False,0,4.2558,44.767448,1.0732999999999997
Panther_retail_Lester,2017-12-04,previous_week,12.4824,47.211448,4.579799999999999,False,False,0,4.2558,44.767447999999995,0.38809999999999967
Panther_retail_Lester,2017-12-04,ridge,12.4824,47.211448,4.579799999999999,False,False,0,4.2558,44.767448,1.8854000000000006
Panther_retail_Lester,2017-12-04,gradient_boosting,12.4824,47.211448,4.579799999999999,False,False,0,4.2558,44.767448,1.8854000000000006
Panther_retail_Lester,2017-12-04,perfect_foresight,12.4824,47.211448,4.579799999999999,False,False,0,4.2558,44.806447999999996,0.002100000000000435
Panther_retail_Lester,2017-12-05,previous_day,12.4824,47.91269199999999,4.376899999999999,False,False,0,4.3058,45.50769199999999,1.182599999999999
Panther_retail_Lester,2017-12-05,previous_week,12.4824,47.91269199999999,4.376899999999999,False,False,0,4.3058,45.617692,0.8621999999999979
Panther_retail_Lester,2017-12-05,ridge,12.4824,47.91269199999999,4.376899999999999,False,False,0,4.3058,45.468692,2.865599999999999
Panther_retail_Lester,2017-12-05,gradient_boosting,12.4824,47.91269199999999,4.376899999999999,False,False,0,4.3058,45.468692,2.865599999999999
Panther_retail_Lester,2017-12-05,perfect_foresight,12.4824,47.91269199999999,4.376899999999999,False,False,0,4.3058,45.519692,0.006399999999999295
Panther_retail_Lester,2017-12-06,previous_day,12.4824,51.604064,12.2165,False,False,0,4.9719,49.211064,4.8605
Panther_retail_Lester,2017-12-06,previous_week,12.4824,51.604064,12.2165,False,False,0,4.9719,49.162064,3.7104999999999997
Panther_retail_Lester,2017-12-06,ridge,12.4824,51.604064,12.2165,False,False,0,4.6369,49.160064000000006,7.3215
Panther_retail_Lester,2017-12-06,gradient_boosting,12.4824,51.604064,12.2165,False,False,0,4.6369,49.160064000000006,7.3215
Panther_retail_Lester,2017-12-06,perfect_foresight,12.4824,51.604064,12.2165,False,False,0,4.9719,49.216264,0.01440000000000019
Panther_retail_Lester,2017-12-07,previous_day,12.4824,48.84549799999999,2.1105,False,False,0,4.6859,46.45769799999999,0.5792000000000002
Panther_retail_Lester,2017-12-07,previous_week,12.4824,48.84549799999999,2.1105,False,False,0,4.6859,46.526498,0.9092000000000002
Panther_retail_Lester,2017-12-07,ridge,12.4824,48.84549799999999,2.1105,False,False,0,4.6859,46.401498,2.0325000000000006
Panther_retail_Lester,2017-12-07,gradient_boosting,12.4824,48.84549799999999,2.1105,False,False,0,4.6859,46.401498,2.0325000000000006
Panther_retail_Lester,2017-12-07,perfect_foresight,12.4824,48.84549799999999,2.1105,False,False,0,4.6859,46.467498,0.011200000000000543
Panther_retail_Lester,2017-12-08,previous_day,12.4824,53.779711999999996,17.627399999999998,False,False,0,4.8629,51.401712,10.020299999999999
Panther_retail_Lester,2017-12-08,previous_week,12.4824,53.779711999999996,17.627399999999998,False,False,0,4.8629,51.491712,7.621999999999998
Panther_retail_Lester,2017-12-08,ridge,12.4824,53.779711999999996,17.627399999999998,False,False,0,4.8629,51.335711999999994,12.0503
Panther_retail_Lester,2017-12-08,gradient_boosting,12.4824,53.779711999999996,17.627399999999998,False,False,0,4.8629,51.335711999999994,12.0503
Panther_retail_Lester,2017-12-08,perfect_foresight,12.4824,53.779711999999996,17.627399999999998,False,False,0,4.8629,51.38171199999999,2.5867999999999984
Panther_retail_Lester,2017-12-09,previous_day,12.4824,34.299504000000006,0.19299999999999962,False,False,0,4.2169,31.901504000000003,0.19299999999999962
Panther_retail_Lester,2017-12-09,previous_week,12.4824,34.299504000000006,0.19299999999999962,False,False,0,3.2756000000000007,31.855504000000007,0.19299999999999962
Panther_retail_Lester,2017-12-09,ridge,12.4824,34.299504000000006,0.19299999999999962,False,False,0,3.2756000000000007,31.855504000000003,0.19299999999999962
Panther_retail_Lester,2017-12-09,gradient_boosting,12.4824,34.299504000000006,0.19299999999999962,False,False,0,3.2756000000000007,31.855504000000003,0.19299999999999962
Panther_retail_Lester,2017-12-09,perfect_foresight,12.4824,34.299504000000006,0.19299999999999962,False,False,0,3.2756000000000007,31.874504000000005,0.0030000000000001137
Panther_retail_Lester,2017-12-10,previous_day,12.4824,41.60105399999999,2.9925999999999977,False,False,0,3.0566,39.176054,2.4814999999999987
Panther_retail_Lester,2017-12-10,previous_week,12.4824,41.60105399999999,2.9925999999999977,False,False,0,3.0566,39.157053999999995,2.4814999999999987
Panther_retail_Lester,2017-12-10,ridge,12.4824,41.60105399999999,2.9925999999999977,False,False,0,3.0566,39.157054,2.4814999999999987
Panther_retail_Lester,2017-12-10,gradient_boosting,12.4824,41.60105399999999,2.9925999999999977,False,False,0,3.0566,39.157054,2.4814999999999987
Panther_retail_Lester,2017-12-10,perfect_foresight,12.4824,41.60105399999999,2.9925999999999977,False,False,0,3.0566,39.332054,0.00429999999999886
Panther_retail_Lester,2017-12-11,previous_day,12.4824,42.37557,13.970699999999999,False,False,0,3.1555999999999997,40.106570000000005,17.0497
Panther_retail_Lester,2017-12-11,previous_week,12.4824,42.37557,13.970699999999999,False,False,0,3.1555999999999997,39.97057,18.5807
Panther_retail_Lester,2017-12-11,ridge,12.4824,42.37557,13.970699999999999,False,False,0,3.1555999999999997,39.93157000000001,18.9707
Panther_retail_Lester,2017-12-11,gradient_boosting,12.4824,42.37557,13.970699999999999,False,False,0,3.1555999999999997,39.93157000000001,18.9707
Panther_retail_Lester,2017-12-11,perfect_foresight,12.4824,42.37557,13.970699999999999,False,False,0,3.1936,41.41977000000001,0.005999999999998451
Panther_retail_Lester,2017-12-12,previous_day,12.4824,39.57476799999999,2.8325999999999993,False,False,0,2.9546,38.618967999999995,0.0
Panther_retail_Lester,2017-12-12,previous_week,12.4824,39.57476799999999,2.8325999999999993,False,False,0,2.9546,37.181768,6.4632999999999985
Panther_retail_Lester,2017-12-12,ridge,12.4824,39.57476799999999,2.8325999999999993,False,False,0,2.9546,37.130767999999996,6.013299999999999
Panther_retail_Lester,2017-12-12,gradient_boosting,12.4824,39.57476799999999,2.8325999999999993,False,False,0,2.9546,37.130767999999996,6.4632999999999985
Panther_retail_Lester,2017-12-12,perfect_foresight,12.4824,39.57476799999999,2.8325999999999993,False,False,0,2.9546,37.204767999999994,0.004100000000001103
Panther_retail_Lester,2017-12-13,previous_day,12.4824,38.00099800000001,2.1724999999999994,False,False,0,2.8145,35.63099800000001,3.7011999999999983
Panther_retail_Lester,2017-12-13,previous_week,12.4824,38.00099800000001,2.1724999999999994,False,False,0,2.7945,35.61319800000001,4.5512
Panther_retail_Lester,2017-12-13,ridge,12.4824,38.00099800000001,2.1724999999999994,False,False,0,2.7945,35.556998000000014,5.491199999999999
Panther_retail_Lester,2017-12-13,gradient_boosting,12.4824,38.00099800000001,2.1724999999999994,False,False,0,2.7945,35.556998000000014,5.491199999999999
Panther_retail_Lester,2017-12-13,perfect_foresight,12.4824,38.00099800000001,2.1724999999999994,False,False,0,2.8145,35.61699800000001,0.011099999999999
Panther_retail_Lester,2017-12-14,previous_day,12.4824,40.733696,1.9463999999999988,False,False,0,2.7895,38.34969600000001,0.9468999999999994
Panther_retail_Lester,2017-12-14,previous_week,12.4824,40.733696,1.9463999999999988,False,False,0,2.7895,38.355696,5.274099999999999
Panther_retail_Lester,2017-12-14,ridge,12.4824,40.733696,1.9463999999999988,False,False,0,2.7895,38.289696,5.274099999999999
Panther_retail_Lester,2017-12-14,gradient_boosting,12.4824,40.733696,1.9463999999999988,False,False,0,2.7895,38.289696,5.274099999999999
Panther_retail_Lester,2017-12-14,perfect_foresight,12.4824,40.733696,1.9463999999999988,False,False,0,2.7895,38.339696,0.0
Panther_retail_Lester,2017-12-15,previous_day,12.4824,39.778091999999994,0.0,False,False,0,2.9466,37.384092,0.056600000000001316
Panther_retail_Lester,2017-12-15,previous_week,12.4824,39.778091999999994,0.0,False,False,0,2.9466,37.38009199999999,0.0
Panther_retail_Lester,2017-12-15,ridge,12.4824,39.778091999999994,0.0,False,False,0,2.9466,37.334092,0.0
Panther_retail_Lester,2017-12-15,gradient_boosting,12.4824,39.778091999999994,0.0,False,False,0,2.9466,37.335291999999995,0.0
Panther_retail_Lester,2017-12-15,perfect_foresight,12.4824,39.778091999999994,0.0,False,False,0,2.9466,37.334092,0.0
Panther_retail_Lester,2017-12-16,previous_day,12.4824,33.08456999999999,0.0,False,False,0,2.7725,30.640569999999997,0.0
Panther_retail_Lester,2017-12-16,previous_week,12.4824,33.08456999999999,0.0,False,False,0,2.7725,30.65957,0.0
Panther_retail_Lester,2017-12-16,ridge,12.4824,33.08456999999999,0.0,False,False,0,2.7725,30.640569999999997,0.0
Panther_retail_Lester,2017-12-16,gradient_boosting,12.4824,33.08456999999999,0.0,False,False,0,2.7725,30.640569999999997,0.0
Panther_retail_Lester,2017-12-16,perfect_foresight,12.4824,33.08456999999999,0.0,False,False,0,2.7725,30.640569999999997,0.0
Panther_retail_Lester,2017-12-17,previous_day,12.4824,34.757126,0.0,False,False,0,3.0486,32.313126,0.0
Panther_retail_Lester,2017-12-17,previous_week,12.4824,34.757126,0.0,False,False,0,3.0486,32.488126,0.0
Panther_retail_Lester,2017-12-17,ridge,12.4824,34.757126,0.0,False,False,0,3.0486,32.313126,0.0
Panther_retail_Lester,2017-12-17,gradient_boosting,12.4824,34.757126,0.0,False,False,0,3.0486,32.313126,0.0
Panther_retail_Lester,2017-12-17,perfect_foresight,12.4824,34.757126,0.0,False,False,0,3.0486,32.313126,0.0
Panther_retail_Lester,2017-12-18,previous_day,12.4824,45.940896,4.378899999999998,False,False,0,3.5187,43.49689600000001,3.2057
Panther_retail_Lester,2017-12-18,previous_week,12.4824,45.940896,4.378899999999998,False,False,0,3.5187,44.985096000000006,4.378899999999998
Panther_retail_Lester,2017-12-18,ridge,12.4824,45.940896,4.378899999999998,False,False,0,3.5187,43.49689600000001,3.2057
Panther_retail_Lester,2017-12-18,gradient_boosting,12.4824,45.940896,4.378899999999998,False,False,0,3.5187,43.49689600000001,3.2057
Panther_retail_Lester,2017-12-18,perfect_foresight,12.4824,45.940896,4.378899999999998,False,False,0,3.5187,43.49689600000001,0.0
Panther_retail_Lester,2017-12-19,previous_day,12.4824,49.97098,13.7178,False,False,0,4.1088,47.52698,7.5806000000000004
Panther_retail_Lester,2017-12-19,previous_week,12.4824,49.97098,13.7178,False,False,0,4.2238,47.60098,13.084000000000001
Panther_retail_Lester,2017-12-19,ridge,12.4824,49.97098,13.7178,False,False,0,4.1088,47.52698,10.142100000000001
Panther_retail_Lester,2017-12-19,gradient_boosting,12.4824,49.97098,13.7178,False,False,0,4.1088,47.52698,10.142100000000001
Panther_retail_Lester,2017-12-19,perfect_foresight,12.4824,49.97098,13.7178,False,False,0,4.1088,47.52398,0.0
Panther_retail_Lester,2017-12-20,previous_day,12.4824,53.299122000000004,20.341099999999997,False,False,0,4.0908,50.852122,7.461499999999999
Panther_retail_Lester,2017-12-20,previous_week,12.4824,53.299122000000004,20.341099999999997,False,False,0,4.110799999999999,50.915122,14.606499999999997
Panther_retail_Lester,2017-12-20,ridge,12.4824,53.299122000000004,20.341099999999997,False,False,0,4.0908,50.855121999999994,13.0967
Panther_retail_Lester,2017-12-20,gradient_boosting,12.4824,53.299122000000004,20.341099999999997,False,False,0,4.0908,50.855121999999994,13.0967
Panther_retail_Lester,2017-12-20,perfect_foresight,12.4824,53.299122000000004,20.341099999999997,False,False,0,4.0908,50.855122,5.3094
Panther_retail_Lester,2017-12-21,previous_day,12.4824,57.332006000000014,24.209699999999998,False,False,0,5.256,54.888006000000004,15.231399999999999
Panther_retail_Lester,2017-12-21,previous_week,12.4824,57.332006000000014,24.209699999999998,False,False,0,5.256,54.938006,17.262100000000004
Panther_retail_Lester,2017-12-21,ridge,12.4824,57.332006000000014,24.209699999999998,False,False,0,5.256,54.888006000000004,17.7515
Panther_retail_Lester,2017-12-21,gradient_boosting,12.4824,57.332006000000014,24.209699999999998,False,False,0,5.256,54.888006000000004,17.7515
Panther_retail_Lester,2017-12-21,perfect_foresight,12.4824,57.332006000000014,24.209699999999998,False,False,0,5.256,54.88800600000001,9.174300000000004
Panther_retail_Lester,2017-12-22,previous_day,12.4824,54.09354000000001,17.132599999999996,False,False,0,5.041,51.64954,6.107799999999996
Panther_retail_Lester,2017-12-22,previous_week,12.4824,54.09354000000001,17.132599999999996,False,False,0,5.041,51.64954000000001,12.666699999999999
Panther_retail_Lester,2017-12-22,ridge,12.4824,54.09354000000001,17.132599999999996,False,False,0,5.041,51.64954000000001,12.666699999999999
Panther_retail_Lester,2017-12-22,gradient_boosting,12.4824,54.09354000000001,17.132599999999996,False,False,0,5.041,51.64954000000001,12.406699999999999
Panther_retail_Lester,2017-12-22,perfect_foresight,12.4824,54.09354000000001,17.132599999999996,False,False,0,5.041,51.67554000000001,2.0566999999999993
Panther_retail_Lester,2017-12-23,previous_day,12.4824,54.429716,24.3568,False,False,0,5.35,52.01171600000001,13.820599999999997
Panther_retail_Lester,2017-12-23,previous_week,12.4824,54.429716,24.3568,False,False,0,5.35,51.985716000000004,14.294899999999998
Panther_retail_Lester,2017-12-23,ridge,12.4824,54.429716,24.3568,False,False,0,5.35,51.985716000000004,14.294899999999998
Panther_retail_Lester,2017-12-23,gradient_boosting,12.4824,54.429716,24.3568,False,False,0,5.35,51.985716000000004,14.294899999999998
Panther_retail_Lester,2017-12-23,perfect_foresight,12.4824,54.429716,24.3568,False,False,0,5.35,51.98271600000001,9.315999999999997
Panther_retail_Lester,2017-12-24,previous_day,12.4824,50.039773999999994,15.292899999999998,False,False,0,5.8371,47.592774,6.3856
Panther_retail_Lester,2017-12-24,previous_week,12.4824,50.039773999999994,15.292899999999998,False,False,0,5.8371,47.595774,8.7886
Panther_retail_Lester,2017-12-24,ridge,12.4824,50.039773999999994,15.292899999999998,False,False,0,5.8371,47.595774,8.7886
Panther_retail_Lester,2017-12-24,gradient_boosting,12.4824,50.039773999999994,15.292899999999998,False,False,0,5.8371,47.595774,8.7886
Panther_retail_Lester,2017-12-24,perfect_foresight,12.4824,50.039773999999994,15.292899999999998,False,False,0,5.8371,47.80877400000001,0.2618999999999989
Panther_retail_Lester,2017-12-25,previous_day,12.4824,36.87716,0.0,False,False,0,5.4826999999999995,34.64616,1.8003999999999998
Panther_retail_Lester,2017-12-25,previous_week,12.4824,36.87716,0.0,False,False,0,2.2164,34.43316,1.8003999999999998
Panther_retail_Lester,2017-12-25,ridge,12.4824,36.87716,0.0,False,False,0,2.2164,34.43316000000001,1.8003999999999998
Panther_retail_Lester,2017-12-25,gradient_boosting,12.4824,36.87716,0.0,False,False,0,2.2164,34.43316000000001,1.8003999999999998
Panther_retail_Lester,2017-12-25,perfect_foresight,12.4824,36.87716,0.0,False,False,0,2.2164,34.43316000000001,0.0004000000000008441
Panther_retail_Lester,2017-12-26,previous_day,12.4824,48.653172000000005,6.0009999999999994,False,False,0,5.018,46.209172,2.5923999999999996
Panther_retail_Lester,2017-12-26,previous_week,12.4824,48.653172000000005,6.0009999999999994,False,False,0,5.018,46.206172,0.6920999999999999
Panther_retail_Lester,2017-12-26,ridge,12.4824,48.653172000000005,6.0009999999999994,False,False,0,5.018,46.209172,2.5923999999999996
Panther_retail_Lester,2017-12-26,gradient_boosting,12.4824,48.653172000000005,6.0009999999999994,False,False,0,5.018,46.209172,2.5923999999999996
Panther_retail_Lester,2017-12-26,perfect_foresight,12.4824,48.653172000000005,6.0009999999999994,False,False,0,5.018,46.278172,0.006399999999999295
Panther_retail_Lester,2017-12-27,previous_day,12.4824,50.281603999999994,5.9681999999999995,False,False,0,5.1770000000000005,47.906604,2.781599999999999
Panther_retail_Lester,2017-12-27,previous_week,12.4824,50.281603999999994,5.9681999999999995,False,False,0,5.1770000000000005,47.837604,1.4822999999999986
Panther_retail_Lester,2017-12-27,ridge,12.4824,50.281603999999994,5.9681999999999995,False,False,0,5.1770000000000005,47.837604,3.8268000000000004
Panther_retail_Lester,2017-12-27,gradient_boosting,12.4824,50.281603999999994,5.9681999999999995,False,False,0,5.1770000000000005,47.837604,3.8268000000000004
Panther_retail_Lester,2017-12-27,perfect_foresight,12.4824,50.281603999999994,5.9681999999999995,False,False,0,5.1770000000000005,47.940604,0.0030000000000001137
Panther_retail_Lester,2017-12-28,previous_day,12.4824,50.31174199999999,3.3555999999999973,False,False,0,5.6011,47.97074199999999,0.8182999999999989
Panther_retail_Lester,2017-12-28,previous_week,12.4824,50.31174199999999,3.3555999999999973,False,False,0,5.6011,47.86774199999999,0.8011999999999997
Panther_retail_Lester,2017-12-28,ridge,12.4824,50.31174199999999,3.3555999999999973,False,False,0,5.6011,47.86774199999999,3.0245999999999995
Panther_retail_Lester,2017-12-28,gradient_boosting,12.4824,50.31174199999999,3.3555999999999973,False,False,0,5.6011,47.86774199999999,3.0245999999999995
Panther_retail_Lester,2017-12-28,perfect_foresight,12.4824,50.31174199999999,3.3555999999999973,False,False,0,5.6011,47.947742,0.0030999999999998806
Panther_retail_Lester,2017-12-29,previous_day,12.4824,45.62284400000001,3.627700000000001,False,False,0,5.21,43.258844,2.6255000000000006
Panther_retail_Lester,2017-12-29,previous_week,12.4824,45.62284400000001,3.627700000000001,False,False,0,5.21,43.20484400000001,0.0
Panther_retail_Lester,2017-12-29,ridge,12.4824,45.62284400000001,3.627700000000001,False,False,0,5.21,43.178844,2.8836000000000013
Panther_retail_Lester,2017-12-29,gradient_boosting,12.4824,45.62284400000001,3.627700000000001,False,False,0,5.21,43.178844,2.8836000000000013
Panther_retail_Lester,2017-12-29,perfect_foresight,12.4824,45.62284400000001,3.627700000000001,False,False,0,5.21,43.178844000000005,0.0
Panther_retail_Lester,2017-12-30,previous_day,12.4824,40.389006,0.0,False,False,0,3.5516000000000005,37.945006,2.438599999999999
Panther_retail_Lester,2017-12-30,previous_week,12.4824,40.389006,0.0,False,False,0,4.4488,37.942006,1.4685999999999986
Panther_retail_Lester,2017-12-30,ridge,12.4824,40.389006,0.0,False,False,0,3.5516000000000005,37.945006,2.698599999999999
Panther_retail_Lester,2017-12-30,gradient_boosting,12.4824,40.389006,0.0,False,False,0,3.5516000000000005,37.945006,2.698599999999999
Panther_retail_Lester,2017-12-30,perfect_foresight,12.4824,40.389006,0.0,False,False,0,3.5516000000000005,37.945006,0.0
Panther_retail_Lester,2017-12-31,previous_day,12.4824,39.40769599999999,3.367700000000001,False,False,0,4.047700000000001,36.96369599999999,3.367700000000001
Panther_retail_Lester,2017-12-31,previous_week,12.4824,39.40769599999999,3.367700000000001,False,False,0,4.4669,37.17669599999999,1.7493999999999996
Panther_retail_Lester,2017-12-31,ridge,12.4824,39.40769599999999,3.367700000000001,False,False,0,4.047700000000001,36.96369599999999,3.367700000000001
Panther_retail_Lester,2017-12-31,gradient_boosting,12.4824,39.40769599999999,3.367700000000001,False,False,0,4.047700000000001,36.96369599999999,3.367700000000001
Panther_retail_Lester,2017-12-31,perfect_foresight,12.4824,39.40769599999999,3.367700000000001,False,False,0,4.047700000000001,37.300695999999995,0.00420000000000087
Lamb_office_Peggy,2017-01-01,previous_day,8.9,6.640000000000001,0.0,False,True,3,-1.2,,
Lamb_office_Peggy,2017-01-01,previous_week,8.9,6.640000000000001,0.0,False,False,0,0.0,4.951999999999999,0.0
Lamb_office_Peggy,2017-01-01,ridge,8.9,6.640000000000001,0.0,False,True,4,-0.09999999999999987,,
Lamb_office_Peggy,2017-01-01,gradient_boosting,8.9,6.640000000000001,0.0,False,True,9,-0.26,,
Lamb_office_Peggy,2017-01-01,perfect_foresight,8.9,6.640000000000001,0.0,False,False,0,0.0,4.831999999999999,0.0
Lamb_office_Peggy,2017-01-02,previous_day,8.9,7.474000000000001,0.0,False,True,1,-0.20000000000000018,,
Lamb_office_Peggy,2017-01-02,previous_week,8.9,7.474000000000001,0.0,False,False,0,0.09999999999999987,5.746,0.0
Lamb_office_Peggy,2017-01-02,ridge,8.9,7.474000000000001,0.0,False,True,3,-3.6,,
Lamb_office_Peggy,2017-01-02,gradient_boosting,8.9,7.474000000000001,0.0,False,True,3,-3.6,,
Lamb_office_Peggy,2017-01-02,perfect_foresight,8.9,7.474000000000001,0.0,False,False,0,0.0,5.636,0.0
Lamb_office_Peggy,2017-01-03,previous_day,8.9,26.94,2.6999999999999993,False,False,0,0.7999999999999998,25.102000000000004,1.0
Lamb_office_Peggy,2017-01-03,previous_week,8.9,26.94,2.6999999999999993,False,False,0,0.19999999999999973,25.212,0.9399999999999995
Lamb_office_Peggy,2017-01-03,ridge,8.9,26.94,2.6999999999999993,False,False,0,1.4,24.493000000000002,2.6999999999999993
Lamb_office_Peggy,2017-01-03,gradient_boosting,8.9,26.94,2.6999999999999993,False,False,0,1.4,24.496000000000002,2.6999999999999993
Lamb_office_Peggy,2017-01-03,perfect_foresight,8.9,26.94,2.6999999999999993,False,False,0,1.4,24.589000000000002,0.0
Lamb_office_Peggy,2017-01-04,previous_day,8.9,25.540000000000003,0.0,False,False,0,1.4,23.189,0.0
Lamb_office_Peggy,2017-01-04,previous_week,8.9,25.540000000000003,0.0,False,False,0,1.4,23.17,0.0
Lamb_office_Peggy,2017-01-04,ridge,8.9,25.540000000000003,0.0,False,False,0,1.4,23.38,0.0
Lamb_office_Peggy,2017-01-04,gradient_boosting,8.9,25.540000000000003,0.0,False,False,0,1.4,23.096,0.0
Lamb_office_Peggy,2017-01-04,perfect_foresight,8.9,25.540000000000003,0.0,False,False,0,1.4,23.096,0.0
Lamb_office_Peggy,2017-01-05,previous_day,8.9,22.926000000000002,0.0,False,False,0,1.4,20.482000000000003,0.0
Lamb_office_Peggy,2017-01-05,previous_week,8.9,22.926000000000002,0.0,False,False,0,1.4,20.482000000000003,0.0
Lamb_office_Peggy,2017-01-05,ridge,8.9,22.926000000000002,0.0,False,False,0,1.4,20.482000000000003,0.0
Lamb_office_Peggy,2017-01-05,gradient_boosting,8.9,22.926000000000002,0.0,False,False,0,1.4,20.482000000000003,0.0
Lamb_office_Peggy,2017-01-05,perfect_foresight,8.9,22.926000000000002,0.0,False,False,0,1.4,20.482000000000003,0.0
Lamb_office_Peggy,2017-01-06,previous_day,8.9,23.853999999999996,0.0,False,False,0,1.4,21.409999999999997,0.0
Lamb_office_Peggy,2017-01-06,previous_week,8.9,23.853999999999996,0.0,False,False,0,1.4,21.409999999999997,0.0
Lamb_office_Peggy,2017-01-06,ridge,8.9,23.853999999999996,0.0,False,False,0,1.4,21.409999999999997,0.0
Lamb_office_Peggy,2017-01-06,gradient_boosting,8.9,23.853999999999996,0.0,False,False,0,1.4,21.409999999999997,0.0
Lamb_office_Peggy,2017-01-06,perfect_foresight,8.9,23.853999999999996,0.0,False,False,0,1.4,21.409999999999997,0.0
Lamb_office_Peggy,2017-01-07,previous_day,8.9,6.938000000000001,0.0,False,True,3,-3.7,,
Lamb_office_Peggy,2017-01-07,previous_week,8.9,6.938000000000001,0.0,False,True,6,-0.10000000000000009,,
Lamb_office_Peggy,2017-01-07,ridge,8.9,6.938000000000001,0.0,False,True,6,-0.9099999999999999,,
Lamb_office_Peggy,2017-01-07,gradient_boosting,8.9,6.938000000000001,0.0,False,True,6,-0.11999999999999988,,
Lamb_office_Peggy,2017-01-07,perfect_foresight,8.9,6.938000000000001,0.0,False,False,0,0.0,5.18,0.0
Lamb_office_Peggy,2017-01-08,previous_day,8.9,6.532000000000001,0.0,False,True,3,-1.0999999999999999,,
Lamb_office_Peggy,2017-01-08,previous_week,8.9,6.532000000000001,0.0,False,True,3,-0.20000000000000018,,
Lamb_office_Peggy,2017-01-08,ridge,8.9,6.532000000000001,0.0,False,True,6,-0.21999999999999997,,
Lamb_office_Peggy,2017-01-08,gradient_boosting,8.9,6.532000000000001,0.0,False,True,10,-0.25,,
Lamb_office_Peggy,2017-01-08,perfect_foresight,8.9,6.532000000000001,0.0,False,False,0,0.0,4.763999999999999,0.0
Lamb_office_Peggy,2017-01-09,previous_day,8.9,26.151999999999997,1.1999999999999975,False,False,0,0.6000000000000001,24.384000000000004,0.0
Lamb_office_Peggy,2017-01-09,previous_week,8.9,26.151999999999997,1.1999999999999975,False,False,0,0.3999999999999999,24.314,0.0
Lamb_office_Peggy,2017-01-09,ridge,8.9,26.151999999999997,1.1999999999999975,False,False,0,0.4099999999999999,23.993,0.0
Lamb_office_Peggy,2017-01-09,gradient_boosting,8.9,26.151999999999997,1.1999999999999975,False,False,0,0.73,24.429000000000002,0.0
Lamb_office_Peggy,2017-01-09,perfect_foresight,8.9,26.151999999999997,1.1999999999999975,False,False,0,1.2,23.708000000000002,0.0
Lamb_office_Peggy,2017-01-10,previous_day,8.9,26.732,2.799999999999999,False,False,0,1.2,24.288,2.799999999999999
Lamb_office_Peggy,2017-01-10,previous_week,8.9,26.732,2.799999999999999,False,False,0,1.2,24.381000000000004,1.8999999999999986
Lamb_office_Peggy,2017-01-10,ridge,8.9,26.732,2.799999999999999,False,False,0,1.2,24.288,2.799999999999999
Lamb_office_Peggy,2017-01-10,gradient_boosting,8.9,26.732,2.799999999999999,False,False,0,1.2,24.288,2.799999999999999
Lamb_office_Peggy,2017-01-10,perfect_foresight,8.9,26.732,2.799999999999999,False,False,0,1.2,24.568,0.0
Lamb_office_Peggy,2017-01-11,previous_day,8.9,26.906000000000006,0.7999999999999989,False,False,0,1.4,24.742000000000004,0.5999999999999996
Lamb_office_Peggy,2017-01-11,previous_week,8.9,26.906000000000006,0.7999999999999989,False,False,0,1.4,24.462000000000007,0.7999999999999989
Lamb_office_Peggy,2017-01-11,ridge,8.9,26.906000000000006,0.7999999999999989,False,False,0,1.4,24.613000000000007,0.5999999999999996
Lamb_office_Peggy,2017-01-11,gradient_boosting,8.9,26.906000000000006,0.7999999999999989,False,False,0,1.4,24.462000000000007,0.7999999999999989
Lamb_office_Peggy,2017-01-11,perfect_foresight,8.9,26.906000000000006,0.7999999999999989,False,False,0,1.4,24.482000000000003,0.0
Lamb_office_Peggy,2017-01-16,previous_day,8.9,0.0038080000000000006,0.0,False,False,0,0.0008,0.005008,0.0
Lamb_office_Peggy,2017-01-16,previous_week,8.9,0.0038080000000000006,0.0,False,True,4,-4.9992,,
Lamb_office_Peggy,2017-01-16,ridge,8.9,0.0038080000000000006,0.0,False,True,4,-4.9992,,
Lamb_office_Peggy,2017-01-16,gradient_boosting,8.9,0.0038080000000000006,0.0,False,True,4,-4.9992,,
Lamb_office_Peggy,2017-01-16,perfect_foresight,8.9,0.0038080000000000006,0.0,False,False,0,0.0008,0.005008,0.0
Lamb_office_Peggy,2017-01-17,previous_day,8.9,0.0038080000000000006,0.0,False,False,0,0.0008,0.005008,0.0
Lamb_office_Peggy,2017-01-17,previous_week,8.9,0.0038080000000000006,0.0,False,True,5,-4.9992,,
Lamb_office_Peggy,2017-01-17,ridge,8.9,0.0038080000000000006,0.0,False,True,5,-4.9992,,
Lamb_office_Peggy,2017-01-17,gradient_boosting,8.9,0.0038080000000000006,0.0,False,True,4,-4.9992,,
Lamb_office_Peggy,2017-01-17,perfect_foresight,8.9,0.0038080000000000006,0.0,False,False,0,0.0008,0.005008,0.0
Lamb_office_Peggy,2017-01-18,previous_day,8.9,0.0038080000000000006,0.0,False,False,0,0.0008,0.005008,0.0
Lamb_office_Peggy,2017-01-18,previous_week,8.9,0.0038080000000000006,0.0,False,True,6,-4.9992,,
Lamb_office_Peggy,2017-01-18,ridge,8.9,0.0038080000000000006,0.0,False,True,4,-4.9992,,
Lamb_office_Peggy,2017-01-18,gradient_boosting,8.9,0.0038080000000000006,0.0,False,True,4,-4.9992,,
Lamb_office_Peggy,2017-01-18,perfect_foresight,8.9,0.0038080000000000006,0.0,False,False,0,0.0008,0.005008,0.0
Lamb_office_Peggy,2017-01-21,previous_day,8.9,0.0038080000000000006,0.0,False,False,0,0.0008,0.005008,0.0
Lamb_office_Peggy,2017-01-21,previous_week,8.9,0.0038080000000000006,0.0,False,False,0,0.0008,0.005008,0.0
Lamb_office_Peggy,2017-01-21,ridge,8.9,0.0038080000000000006,0.0,False,True,16,-1.0892000000000002,,
Lamb_office_Peggy,2017-01-21,gradient_boosting,8.9,0.0038080000000000006,0.0,False,True,6,-2.6492,,
Lamb_office_Peggy,2017-01-21,perfect_foresight,8.9,0.0038080000000000006,0.0,False,False,0,0.0008,0.005008,0.0
Lamb_office_Peggy,2017-01-22,previous_day,8.9,0.0038080000000000006,0.0,False,False,0,0.0008,0.005008,0.0
Lamb_office_Peggy,2017-01-22,previous_week,8.9,0.0038080000000000006,0.0,False,False,0,0.0008,0.005008,0.0
Lamb_office_Peggy,2017-01-22,ridge,8.9,0.0038080000000000006,0.0,False,True,16,-1.0392000000000001,,
Lamb_office_Peggy,2017-01-22,gradient_boosting,8.9,0.0038080000000000006,0.0,False,True,6,-2.6492,,
Lamb_office_Peggy,2017-01-22,perfect_foresight,8.9,0.0038080000000000006,0.0,False,False,0,0.0008,0.005008,0.0
Lamb_office_Peggy,2017-01-23,previous_day,8.9,0.0038080000000000006,0.0,False,False,0,0.0008,0.005008,0.0
Lamb_office_Peggy,2017-01-23,previous_week,8.9,0.0038080000000000006,0.0,False,False,0,0.0008,0.005008,0.0
Lamb_office_Peggy,2017-01-23,ridge,8.9,0.0038080000000000006,0.0,False,True,4,-4.1492,,
Lamb_office_Peggy,2017-01-23,gradient_boosting,8.9,0.0038080000000000006,0.0,False,True,7,-4.9992,,
Lamb_office_Peggy,2017-01-23,perfect_foresight,8.9,0.0038080000000000006,0.0,False,False,0,0.0008,0.005008,0.0
Lamb_office_Peggy,2017-01-24,previous_day,8.9,0.0038080000000000006,0.0,False,False,0,0.0008,0.005008,0.0
Lamb_office_Peggy,2017-01-24,previous_week,8.9,0.0038080000000000006,0.0,False,False,0,0.0008,0.005008,0.0
Lamb_office_Peggy,2017-01-24,ridge,8.9,0.0038080000000000006,0.0,False,True,4,-3.9092000000000002,,
Lamb_office_Peggy,2017-01-24,gradient_boosting,8.9,0.0038080000000000006,0.0,False,True,7,-4.9992,,
Lamb_office_Peggy,2017-01-24,perfect_foresight,8.9,0.0038080000000000006,0.0,False,False,0,0.0008,0.005008,0.0
Lamb_office_Peggy,2017-01-25,previous_day,8.9,0.0038080000000000006,0.0,False,False,0,0.0008,0.005008,0.0
Lamb_office_Peggy,2017-01-25,previous_week,8.9,0.0038080000000000006,0.0,False,False,0,0.0008,0.005008,0.0
Lamb_office_Peggy,2017-01-25,ridge,8.9,0.0038080000000000006,0.0,False,True,4,-4.1592,,
Lamb_office_Peggy,2017-01-25,gradient_boosting,8.9,0.0038080000000000006,0.0,False,True,8,-4.9992,,
Lamb_office_Peggy,2017-01-25,perfect_foresight,8.9,0.0038080000000000006,0.0,False,False,0,0.0008,0.005008,0.0
Lamb_office_Peggy,2017-01-28,previous_day,8.9,0.0038080000000000006,0.0,False,False,0,0.0008,0.005008,0.0
Lamb_office_Peggy,2017-01-28,previous_week,8.9,0.0038080000000000006,0.0,False,False,0,0.0008,0.005008,0.0
Lamb_office_Peggy,2017-01-28,ridge,8.9,0.0038080000000000006,0.0,False,True,15,-0.5892,,
Lamb_office_Peggy,2017-01-28,gradient_boosting,8.9,0.0038080000000000006,0.0,False,True,6,-2.6492,,
Lamb_office_Peggy,2017-01-28,perfect_foresight,8.9,0.0038080000000000006,0.0,False,False,0,0.0008,0.005008,0.0
Lamb_office_Peggy,2017-01-29,previous_day,8.9,0.0038080000000000006,0.0,False,False,0,0.0008,0.005008,0.0
Lamb_office_Peggy,2017-01-29,previous_week,8.9,0.0038080000000000006,0.0,False,False,0,0.0008,0.005008,0.0
Lamb_office_Peggy,2017-01-29,ridge,8.9,0.0038080000000000006,0.0,False,True,14,-0.5392,,
Lamb_office_Peggy,2017-01-29,gradient_boosting,8.9,0.0038080000000000006,0.0,False,True,6,-2.6492,,
Lamb_office_Peggy,2017-01-29,perfect_foresight,8.9,0.0038080000000000006,0.0,False,False,0,0.0008,0.005008,0.0
Lamb_office_Peggy,2017-01-30,previous_day,8.9,0.0038080000000000006,0.0,False,False,0,0.0008,0.005008,0.0
Lamb_office_Peggy,2017-01-30,previous_week,8.9,0.0038080000000000006,0.0,False,False,0,0.0008,0.005008,0.0
Lamb_office_Peggy,2017-01-30,ridge,8.9,0.0038080000000000006,0.0,False,True,16,-0.6792,,
Lamb_office_Peggy,2017-01-30,gradient_boosting,8.9,0.0038080000000000006,0.0,False,True,6,-2.6492,,
Lamb_office_Peggy,2017-01-30,perfect_foresight,8.9,0.0038080000000000006,0.0,False,False,0,0.0008,0.005008,0.0
Lamb_office_Peggy,2017-01-31,previous_day,8.9,0.0038080000000000006,0.0,False,False,0,0.0008,0.005008,0.0
Lamb_office_Peggy,2017-01-31,previous_week,8.9,0.0038080000000000006,0.0,False,False,0,0.0008,0.005008,0.0
Lamb_office_Peggy,2017-01-31,ridge,8.9,0.0038080000000000006,0.0,False,True,16,-0.9092,,
Lamb_office_Peggy,2017-01-31,gradient_boosting,8.9,0.0038080000000000006,0.0,False,True,6,-2.6492,,
Lamb_office_Peggy,2017-01-31,perfect_foresight,8.9,0.0038080000000000006,0.0,False,False,0,0.0008,0.005008,0.0
Lamb_office_Peggy,2017-02-01,previous_day,8.9,0.0038080000000000006,0.0,False,False,0,0.0008,0.005008,0.0
Lamb_office_Peggy,2017-02-01,previous_week,8.9,0.0038080000000000006,0.0,False,False,0,0.0008,0.005008,0.0
Lamb_office_Peggy,2017-02-01,ridge,8.9,0.0038080000000000006,0.0,False,True,16,-1.0592000000000001,,
Lamb_office_Peggy,2017-02-01,gradient_boosting,8.9,0.0038080000000000006,0.0,False,True,6,-2.6492,,
Lamb_office_Peggy,2017-02-01,perfect_foresight,8.9,0.0038080000000000006,0.0,False,False,0,0.0008,0.005008,0.0
Lamb_office_Peggy,2017-02-02,previous_day,8.9,0.0038080000000000006,0.0,False,False,0,0.0008,0.005008,0.0
Lamb_office_Peggy,2017-02-02,previous_week,8.9,0.0038080000000000006,0.0,False,False,0,0.0008,0.005008,0.0
Lamb_office_Peggy,2017-02-02,ridge,8.9,0.0038080000000000006,0.0,False,True,16,-1.0092,,
Lamb_office_Peggy,2017-02-02,gradient_boosting,8.9,0.0038080000000000006,0.0,False,True,6,-2.6492,,
Lamb_office_Peggy,2017-02-02,perfect_foresight,8.9,0.0038080000000000006,0.0,False,False,0,0.0008,0.005008,0.0
Lamb_office_Peggy,2017-02-03,previous_day,8.9,0.0038080000000000006,0.0,False,False,0,0.0008,0.005008,0.0
Lamb_office_Peggy,2017-02-03,previous_week,8.9,0.0038080000000000006,0.0,False,False,0,0.0008,0.005008,0.0
Lamb_office_Peggy,2017-02-03,ridge,8.9,0.0038080000000000006,0.0,False,True,16,-0.7992,,
Lamb_office_Peggy,2017-02-03,gradient_boosting,8.9,0.0038080000000000006,0.0,False,True,6,-2.6492,,
Lamb_office_Peggy,2017-02-03,perfect_foresight,8.9,0.0038080000000000006,0.0,False,False,0,0.0008,0.005008,0.0
Lamb_office_Peggy,2017-02-04,previous_day,8.9,4.128096000000001,0.0,False,False,0,0.4004,4.129296000000001,0.0
Lamb_office_Peggy,2017-02-04,previous_week,8.9,4.128096000000001,0.0,False,False,0,0.4004,4.129296000000001,0.0
Lamb_office_Peggy,2017-02-04,ridge,8.9,4.128096000000001,0.0,False,False,0,0.20000000000000007,3.415896000000001,0.0
Lamb_office_Peggy,2017-02-04,gradient_boosting,8.9,4.128096000000001,0.0,False,True,6,-1.8499999999999999,,
Lamb_office_Peggy,2017-02-04,perfect_foresight,8.9,4.128096000000001,0.0,False,False,0,0.0,2.704896,0.0
Lamb_office_Peggy,2017-02-05,previous_day,8.9,3.8080000000000016,0.0,False,True,2,-1.0,,
Lamb_office_Peggy,2017-02-05,previous_week,8.9,3.8080000000000016,0.0,False,False,0,0.8,3.8092000000000015,0.0
Lamb_office_Peggy,2017-02-05,ridge,8.9,3.8080000000000016,0.0,False,False,0,0.16000000000000003,3.0210000000000004,0.0
Lamb_office_Peggy,2017-02-05,gradient_boosting,8.9,3.8080000000000016,0.0,False,True,6,-1.8499999999999999,,
Lamb_office_Peggy,2017-02-05,perfect_foresight,8.9,3.8080000000000016,0.0,False,False,0,0.0,2.5068,0.0
Lamb_office_Peggy,2017-02-06,previous_day,8.9,4.548000000000001,0.0,False,False,0,0.0,3.2468000000000004,0.0
Lamb_office_Peggy,2017-02-06,previous_week,8.9,4.548000000000001,0.0,False,False,0,0.8,4.549200000000001,0.0
Lamb_office_Peggy,2017-02-06,ridge,8.9,4.548000000000001,0.0,False,True,4,-0.05999999999999994,,
Lamb_office_Peggy,2017-02-06,gradient_boosting,8.9,4.548000000000001,0.0,False,True,6,-1.8499999999999999,,
Lamb_office_Peggy,2017-02-06,perfect_foresight,8.9,4.548000000000001,0.0,False,False,0,0.0,3.06,0.0
Lamb_office_Peggy,2017-02-07,previous_day,8.9,4.964,0.0,False,False,0,0.0,3.4760000000000004,0.0
Lamb_office_Peggy,2017-02-07,previous_week,8.9,4.964,0.0,False,False,0,0.8,4.9652,0.0
Lamb_office_Peggy,2017-02-07,ridge,8.9,4.964,0.0,False,True,7,-0.19999999999999996,,
Lamb_office_Peggy,2017-02-07,gradient_boosting,8.9,4.964,0.0,False,True,6,-1.8499999999999999,,
Lamb_office_Peggy,2017-02-07,perfect_foresight,8.9,4.964,0.0,False,False,0,0.0,3.4760000000000004,0.0
Lamb_office_Peggy,2017-02-08,previous_day,8.9,4.964,0.0,False,False,0,0.0,3.4760000000000004,0.0
Lamb_office_Peggy,2017-02-08,previous_week,8.9,4.964,0.0,False,False,0,0.8,4.9652,0.0
Lamb_office_Peggy,2017-02-08,ridge,8.9,4.964,0.0,False,True,8,-0.3599999999999999,,
Lamb_office_Peggy,2017-02-08,gradient_boosting,8.9,4.964,0.0,False,True,6,-1.8499999999999999,,
Lamb_office_Peggy,2017-02-08,perfect_foresight,8.9,4.964,0.0,False,False,0,0.0,3.4760000000000004,0.0
Lamb_office_Peggy,2017-02-09,previous_day,8.9,4.984000000000001,0.0,False,False,0,0.0,3.496,0.0
Lamb_office_Peggy,2017-02-09,previous_week,8.9,4.984000000000001,0.0,False,False,0,0.8,4.985200000000001,0.0
Lamb_office_Peggy,2017-02-09,ridge,8.9,4.984000000000001,0.0,False,True,8,-0.31000000000000005,,
Lamb_office_Peggy,2017-02-09,gradient_boosting,8.9,4.984000000000001,0.0,False,True,6,-1.8499999999999999,,
Lamb_office_Peggy,2017-02-09,perfect_foresight,8.9,4.984000000000001,0.0,False,False,0,0.0,3.4960000000000004,0.0
Lamb_office_Peggy,2017-02-10,previous_day,8.9,4.964,0.0,False,True,1,-0.10000000000000009,,
Lamb_office_Peggy,2017-02-10,previous_week,8.9,4.964,0.0,False,False,0,0.8,4.9652,0.0
Lamb_office_Peggy,2017-02-10,ridge,8.9,4.964,0.0,False,True,6,-0.10999999999999999,,
Lamb_office_Peggy,2017-02-10,gradient_boosting,8.9,4.964,0.0,False,True,6,-1.8499999999999999,,
Lamb_office_Peggy,2017-02-10,perfect_foresight,8.9,4.964,0.0,False,False,0,0.0,3.4760000000000004,0.0
Lamb_office_Peggy,2017-02-11,previous_day,8.9,4.224000000000001,0.0,False,True,3,-1.0,,
Lamb_office_Peggy,2017-02-11,previous_week,8.9,4.224000000000001,0.0,False,False,0,0.0,2.8008,0.0
Lamb_office_Peggy,2017-02-11,ridge,8.9,4.224000000000001,0.0,False,True,9,-0.24,,
Lamb_office_Peggy,2017-02-11,gradient_boosting,8.9,4.224000000000001,0.0,False,True,6,-1.8499999999999999,,
Lamb_office_Peggy,2017-02-11,perfect_foresight,8.9,4.224000000000001,0.0,False,False,0,0.0,2.8008,0.0
Lamb_office_Peggy,2017-02-12,previous_day,8.9,3.8080000000000016,0.0,False,True,2,-1.0,,
Lamb_office_Peggy,2017-02-12,previous_week,8.9,3.8080000000000016,0.0,False,False,0,0.0,2.5068,0.0
Lamb_office_Peggy,2017-02-12,ridge,8.9,3.8080000000000016,0.0,False,True,6,-0.1499999999999999,,
Lamb_office_Peggy,2017-02-12,gradient_boosting,8.9,3.8080000000000016,0.0,False,True,6,-1.8499999999999999,,
Lamb_office_Peggy,2017-02-12,perfect_foresight,8.9,3.8080000000000016,0.0,False,False,0,0.0,2.5068,0.0
Lamb_office_Peggy,2017-02-13,previous_day,8.9,4.5680000000000005,0.0,False,False,0,0.0,3.2668000000000004,0.0
Lamb_office_Peggy,2017-02-13,previous_week,8.9,4.5680000000000005,0.0,False,False,0,0.0,3.08,0.0
Lamb_office_Peggy,2017-02-13,ridge,8.9,4.5680000000000005,0.0,False,True,9,-0.3999999999999999,,
Lamb_office_Peggy,2017-02-13,gradient_boosting,8.9,4.5680000000000005,0.0,False,True,6,-1.8499999999999999,,
Lamb_office_Peggy,2017-02-13,perfect_foresight,8.9,4.5680000000000005,0.0,False,False,0,0.0,3.08,0.0
Lamb_office_Peggy,2017-02-14,previous_day,8.9,5.0040000000000004,0.0,False,False,0,0.0,3.5160000000000005,0.0
Lamb_office_Peggy,2017-02-14,previous_week,8.9,5.0040000000000004,0.0,False,False,0,0.0,3.5160000000000005,0.0
Lamb_office_Peggy,2017-02-14,ridge,8.9,5.0040000000000004,0.0,False,True,9,-0.53,,
Lamb_office_Peggy,2017-02-14,gradient_boosting,8.9,5.0040000000000004,0.0,False,True,6,-1.8499999999999999,,
Lamb_office_Peggy,2017-02-14,perfect_foresight,8.9,5.0040000000000004,0.0,False,False,0,0.0,3.5160000000000005,0.0
Lamb_office_Peggy,2017-02-15,previous_day,8.9,5.0040000000000004,0.0,False,False,0,0.0,3.5160000000000005,0.0
Lamb_office_Peggy,2017-02-15,previous_week,8.9,5.0040000000000004,0.0,False,False,0,0.0,3.5160000000000005,0.0
Lamb_office_Peggy,2017-02-15,ridge,8.9,5.0040000000000004,0.0,False,True,8,-0.69,,
Lamb_office_Peggy,2017-02-15,gradient_boosting,8.9,5.0040000000000004,0.0,False,True,6,-1.8499999999999999,,
Lamb_office_Peggy,2017-02-15,perfect_foresight,8.9,5.0040000000000004,0.0,False,False,0,0.0,3.5160000000000005,0.0
Lamb_office_Peggy,2017-02-16,previous_day,8.9,4.964,0.0,False,False,0,0.0,3.4760000000000004,0.0
Lamb_office_Peggy,2017-02-16,previous_week,8.9,4.964,0.0,False,True,1,-0.10000000000000009,,
Lamb_office_Peggy,2017-02-16,ridge,8.9,4.964,0.0,False,True,8,-0.6399999999999999,,
Lamb_office_Peggy,2017-02-16,gradient_boosting,8.9,4.964,0.0,False,True,6,-1.8499999999999999,,
Lamb_office_Peggy,2017-02-16,perfect_foresight,8.9,4.964,0.0,False,False,0,0.0,3.4760000000000004,0.0
Lamb_office_Peggy,2017-02-17,previous_day,8.9,5.154,0.0,False,False,0,0.0,3.6660000000000004,0.0
Lamb_office_Peggy,2017-02-17,previous_week,8.9,5.154,0.0,False,False,0,0.0,3.6660000000000004,0.0
Lamb_office_Peggy,2017-02-17,ridge,8.9,5.154,0.0,False,True,8,-0.44999999999999996,,
Lamb_office_Peggy,2017-02-17,gradient_boosting,8.9,5.154,0.0,False,True,6,-1.8499999999999999,,
Lamb_office_Peggy,2017-02-17,perfect_foresight,8.9,5.154,0.0,False,False,0,0.0,3.6360000000000006,0.0
Lamb_office_Peggy,2017-02-18,previous_day,8.9,4.264000000000001,0.0,False,True,4,-1.2,,
Lamb_office_Peggy,2017-02-18,previous_week,8.9,4.264000000000001,0.0,False,False,0,0.0,2.8408,0.0
Lamb_office_Peggy,2017-02-18,ridge,8.9,4.264000000000001,0.0,False,True,10,-0.51,,
Lamb_office_Peggy,2017-02-18,gradient_boosting,8.9,4.264000000000001,0.0,False,True,6,-1.8499999999999999,,
Lamb_office_Peggy,2017-02-18,perfect_foresight,8.9,4.264000000000001,0.0,False,False,0,0.0,2.8360000000000003,0.0
Lamb_office_Peggy,2017-02-19,previous_day,8.9,3.8800000000000017,0.0,False,True,2,-1.2,,
Lamb_office_Peggy,2017-02-19,previous_week,8.9,3.8800000000000017,0.0,False,False,0,0.0,2.5788,0.0
Lamb_office_Peggy,2017-02-19,ridge,8.9,3.8800000000000017,0.0,False,True,12,-0.41999999999999993,,
Lamb_office_Peggy,2017-02-19,gradient_boosting,8.9,3.8800000000000017,0.0,False,True,6,-1.8499999999999999,,
Lamb_office_Peggy,2017-02-19,perfect_foresight,8.9,3.8800000000000017,0.0,False,False,0,0.0,2.5452,0.0
Lamb_office_Peggy,2017-02-20,previous_day,8.9,4.698,0.0,False,True,2,-0.09999999999999998,,
Lamb_office_Peggy,2017-02-20,previous_week,8.9,4.698,0.0,False,False,0,0.0,3.21,0.0
Lamb_office_Peggy,2017-02-20,ridge,8.9,4.698,0.0,False,True,11,-0.69,,
Lamb_office_Peggy,2017-02-20,gradient_boosting,8.9,4.698,0.0,False,True,6,-1.8499999999999999,,
Lamb_office_Peggy,2017-02-20,perfect_foresight,8.9,4.698,0.0,False,False,0,0.0,3.2,0.0
Lamb_office_Peggy,2017-02-21,previous_day,8.9,5.154000000000001,0.0,False,False,0,0.0,3.656,0.0
Lamb_office_Peggy,2017-02-21,previous_week,8.9,5.154000000000001,0.0,False,False,0,0.0,3.666,0.0
Lamb_office_Peggy,2017-02-21,ridge,8.9,5.154000000000001,0.0,False,True,8,-0.8,,
Lamb_office_Peggy,2017-02-21,gradient_boosting,8.9,5.154000000000001,0.0,False,True,6,-1.8499999999999999,,
Lamb_office_Peggy,2017-02-21,perfect_foresight,8.9,5.154000000000001,0.0,False,False,0,0.0,3.6560000000000006,0.0
Lamb_office_Peggy,2017-02-22,previous_day,8.9,5.214000000000001,0.0,False,True,1,-0.10000000000000009,,
Lamb_office_Peggy,2017-02-22,previous_week,8.9,5.214000000000001,0.0,False,False,0,0.0,3.726,0.0
Lamb_office_Peggy,2017-02-22,ridge,8.9,5.214000000000001,0.0,False,True,7,-0.97,,
Lamb_office_Peggy,2017-02-22,gradient_boosting,8.9,5.214000000000001,0.0,False,True,6,-1.8499999999999999,,
Lamb_office_Peggy,2017-02-22,perfect_foresight,8.9,5.214000000000001,0.0,False,False,0,0.0,3.6960000000000006,0.0
Lamb_office_Peggy,2017-03-18,previous_day,8.9,0.0004760000000000001,0.0,False,False,0,0.0001,0.0004760000000000001,0.0
Lamb_office_Peggy,2017-03-18,previous_week,8.9,0.0004760000000000001,0.0,False,False,0,0.0001,0.0004760000000000001,0.0
Lamb_office_Peggy,2017-03-18,ridge,8.9,0.0004760000000000001,0.0,False,True,16,-0.9099,,
Lamb_office_Peggy,2017-03-18,gradient_boosting,8.9,0.0004760000000000001,0.0,False,True,6,-2.6498999999999997,,
Lamb_office_Peggy,2017-03-18,perfect_foresight,8.9,0.0004760000000000001,0.0,False,False,0,0.0001,0.0004760000000000001,0.0
Lamb_office_Peggy,2017-03-19,previous_day,8.9,0.0004760000000000001,0.0,False,False,0,0.0001,0.0004760000000000001,0.0
Lamb_office_Peggy,2017-03-19,previous_week,8.9,0.0004760000000000001,0.0,False,False,0,0.0001,0.0004760000000000001,0.0
Lamb_office_Peggy,2017-03-19,ridge,8.9,0.0004760000000000001,0.0,False,True,16,-0.8599,,
Lamb_office_Peggy,2017-03-19,gradient_boosting,8.9,0.0004760000000000001,0.0,False,True,6,-2.6498999999999997,,
Lamb_office_Peggy,2017-03-19,perfect_foresight,8.9,0.0004760000000000001,0.0,False,False,0,0.0001,0.0004760000000000001,0.0
Lamb_office_Peggy,2017-03-20,previous_day,8.9,0.0004760000000000001,0.0,False,False,0,0.0001,0.0004760000000000001,0.0
Lamb_office_Peggy,2017-03-20,previous_week,8.9,0.0004760000000000001,0.0,False,False,0,0.0001,0.0004760000000000001,0.0
Lamb_office_Peggy,2017-03-20,ridge,8.9,0.0004760000000000001,0.0,False,True,16,-1.1199000000000001,,
Lamb_office_Peggy,2017-03-20,gradient_boosting,8.9,0.0004760000000000001,0.0,False,True,6,-2.6498999999999997,,
Lamb_office_Peggy,2017-03-20,perfect_foresight,8.9,0.0004760000000000001,0.0,False,False,0,0.0001,0.0004760000000000001,0.0
Lamb_office_Peggy,2017-03-21,previous_day,8.9,0.0004760000000000001,0.0,False,False,0,0.0001,0.0004760000000000001,0.0
Lamb_office_Peggy,2017-03-21,previous_week,8.9,0.0004760000000000001,0.0,False,False,0,0.0001,0.0004760000000000001,0.0
Lamb_office_Peggy,2017-03-21,ridge,8.9,0.0004760000000000001,0.0,False,True,16,-0.9399,,
Lamb_office_Peggy,2017-03-21,gradient_boosting,8.9,0.0004760000000000001,0.0,False,True,6,-2.6498999999999997,,
Lamb_office_Peggy,2017-03-21,perfect_foresight,8.9,0.0004760000000000001,0.0,False,False,0,0.0001,0.0004760000000000001,0.0
Lamb_office_Peggy,2017-03-22,previous_day,8.9,0.0004760000000000001,0.0,False,False,0,0.0001,0.0004760000000000001,0.0
Lamb_office_Peggy,2017-03-22,previous_week,8.9,0.0004760000000000001,0.0,False,False,0,0.0001,0.0004760000000000001,0.0
Lamb_office_Peggy,2017-03-22,ridge,8.9,0.0004760000000000001,0.0,False,True,16,-1.0799,,
Lamb_office_Peggy,2017-03-22,gradient_boosting,8.9,0.0004760000000000001,0.0,False,True,6,-2.6498999999999997,,
Lamb_office_Peggy,2017-03-22,perfect_foresight,8.9,0.0004760000000000001,0.0,False,False,0,0.0001,0.0004760000000000001,0.0
Lamb_office_Peggy,2017-03-23,previous_day,8.9,0.0004760000000000001,0.0,False,False,0,0.0001,0.0004760000000000001,0.0
Lamb_office_Peggy,2017-03-23,previous_week,8.9,0.0004760000000000001,0.0,False,False,0,0.0001,0.0004760000000000001,0.0
Lamb_office_Peggy,2017-03-23,ridge,8.9,0.0004760000000000001,0.0,False,True,16,-1.0299,,
Lamb_office_Peggy,2017-03-23,gradient_boosting,8.9,0.0004760000000000001,0.0,False,True,6,-2.6498999999999997,,
Lamb_office_Peggy,2017-03-23,perfect_foresight,8.9,0.0004760000000000001,0.0,False,False,0,0.0001,0.0004760000000000001,0.0
Lamb_office_Peggy,2017-03-24,previous_day,8.9,0.0004760000000000001,0.0,False,False,0,0.0001,0.0004760000000000001,0.0
Lamb_office_Peggy,2017-03-24,previous_week,8.9,0.0004760000000000001,0.0,False,False,0,0.0001,0.0004760000000000001,0.0
Lamb_office_Peggy,2017-03-24,ridge,8.9,0.0004760000000000001,0.0,False,True,16,-0.8199,,
Lamb_office_Peggy,2017-03-24,gradient_boosting,8.9,0.0004760000000000001,0.0,False,True,6,-2.6498999999999997,,
Lamb_office_Peggy,2017-03-24,perfect_foresight,8.9,0.0004760000000000001,0.0,False,False,0,0.0001,0.0004760000000000001,0.0
Lamb_office_Peggy,2017-03-25,previous_day,8.9,0.0004760000000000001,0.0,False,False,0,0.0001,0.0004760000000000001,0.0
Lamb_office_Peggy,2017-03-25,previous_week,8.9,0.0004760000000000001,0.0,False,False,0,0.0001,0.0004760000000000001,0.0
Lamb_office_Peggy,2017-03-25,ridge,8.9,0.0004760000000000001,0.0,False,True,15,-0.6199,,
Lamb_office_Peggy,2017-03-25,gradient_boosting,8.9,0.0004760000000000001,0.0,False,True,6,-2.6498999999999997,,
Lamb_office_Peggy,2017-03-25,perfect_foresight,8.9,0.0004760000000000001,0.0,False,False,0,0.0001,0.0004760000000000001,0.0
Lamb_office_Peggy,2017-03-29,previous_day,8.9,0.0004760000000000001,0.0,False,False,0,0.0001,0.0004760000000000001,0.0
Lamb_office_Peggy,2017-03-29,previous_week,8.9,0.0004760000000000001,0.0,False,False,0,0.0001,0.0004760000000000001,0.0
Lamb_office_Peggy,2017-03-29,ridge,8.9,0.0004760000000000001,0.0,False,True,16,-1.0799,,
Lamb_office_Peggy,2017-03-29,gradient_boosting,8.9,0.0004760000000000001,0.0,False,True,6,-2.6498999999999997,,
Lamb_office_Peggy,2017-03-29,perfect_foresight,8.9,0.0004760000000000001,0.0,False,False,0,0.0001,0.0004760000000000001,0.0
Lamb_office_Peggy,2017-03-30,previous_day,8.9,0.0004760000000000001,0.0,False,False,0,0.0001,0.0004760000000000001,0.0
Lamb_office_Peggy,2017-03-30,previous_week,8.9,0.0004760000000000001,0.0,False,False,0,0.0001,0.0004760000000000001,0.0
Lamb_office_Peggy,2017-03-30,ridge,8.9,0.0004760000000000001,0.0,False,True,16,-1.0299,,
Lamb_office_Peggy,2017-03-30,gradient_boosting,8.9,0.0004760000000000001,0.0,False,True,6,-2.6498999999999997,,
Lamb_office_Peggy,2017-03-30,perfect_foresight,8.9,0.0004760000000000001,0.0,False,False,0,0.0001,0.0004760000000000001,0.0
Lamb_office_Peggy,2017-03-31,previous_day,8.9,0.0004760000000000001,0.0,False,False,0,0.0001,0.0004760000000000001,0.0
Lamb_office_Peggy,2017-03-31,previous_week,8.9,0.0004760000000000001,0.0,False,False,0,0.0001,0.0004760000000000001,0.0
Lamb_office_Peggy,2017-03-31,ridge,8.9,0.0004760000000000001,0.0,False,True,16,-0.8199,,
Lamb_office_Peggy,2017-03-31,gradient_boosting,8.9,0.0004760000000000001,0.0,False,True,6,-2.6498999999999997,,
Lamb_office_Peggy,2017-03-31,perfect_foresight,8.9,0.0004760000000000001,0.0,False,False,0,0.0001,0.0004760000000000001,0.0
Lamb_office_Peggy,2017-04-01,previous_day,8.9,0.0004760000000000001,0.0,False,False,0,0.0001,0.0004760000000000001,0.0
Lamb_office_Peggy,2017-04-01,previous_week,8.9,0.0004760000000000001,0.0,False,False,0,0.0001,0.0004760000000000001,0.0
Lamb_office_Peggy,2017-04-01,ridge,8.9,0.0004760000000000001,0.0,False,True,16,-0.6599,,
Lamb_office_Peggy,2017-04-01,gradient_boosting,8.9,0.0004760000000000001,0.0,False,True,6,-2.6498999999999997,,
Lamb_office_Peggy,2017-04-01,perfect_foresight,8.9,0.0004760000000000001,0.0,False,False,0,0.0001,0.0004760000000000001,0.0
Lamb_office_Peggy,2017-04-03,previous_day,8.9,0.0004760000000000001,0.0,False,False,0,0.0001,0.0004760000000000001,0.0
Lamb_office_Peggy,2017-04-03,previous_week,8.9,0.0004760000000000001,0.0,False,False,0,0.0001,0.0004760000000000001,0.0
Lamb_office_Peggy,2017-04-03,ridge,8.9,0.0004760000000000001,0.0,False,True,16,-0.7499,,
Lamb_office_Peggy,2017-04-03,gradient_boosting,8.9,0.0004760000000000001,0.0,False,True,6,-2.6498999999999997,,
Lamb_office_Peggy,2017-04-03,perfect_foresight,8.9,0.0004760000000000001,0.0,False,False,0,0.0001,0.0004760000000000001,0.0
Lamb_office_Peggy,2017-04-04,previous_day,8.9,0.0004760000000000001,0.0,False,False,0,0.0001,0.0004760000000000001,0.0
Lamb_office_Peggy,2017-04-04,previous_week,8.9,0.0004760000000000001,0.0,False,False,0,0.0001,0.0004760000000000001,0.0
Lamb_office_Peggy,2017-04-04,ridge,8.9,0.0004760000000000001,0.0,False,True,16,-0.9799,,
Lamb_office_Peggy,2017-04-04,gradient_boosting,8.9,0.0004760000000000001,0.0,False,True,6,-2.6498999999999997,,
Lamb_office_Peggy,2017-04-04,perfect_foresight,8.9,0.0004760000000000001,0.0,False,False,0,0.0001,0.0004760000000000001,0.0
Lamb_office_Peggy,2017-04-05,previous_day,8.9,0.0004760000000000001,0.0,False,False,0,0.0001,0.0004760000000000001,0.0
Lamb_office_Peggy,2017-04-05,previous_week,8.9,0.0004760000000000001,0.0,False,False,0,0.0001,0.0004760000000000001,0.0
Lamb_office_Peggy,2017-04-05,ridge,8.9,0.0004760000000000001,0.0,False,True,16,-1.1199000000000001,,
Lamb_office_Peggy,2017-04-05,gradient_boosting,8.9,0.0004760000000000001,0.0,False,True,6,-2.6498999999999997,,
Lamb_office_Peggy,2017-04-05,perfect_foresight,8.9,0.0004760000000000001,0.0,False,False,0,0.0001,0.0004760000000000001,0.0
Lamb_office_Peggy,2017-04-06,previous_day,8.9,0.0004760000000000001,0.0,False,False,0,0.0001,0.0004760000000000001,0.0
Lamb_office_Peggy,2017-04-06,previous_week,8.9,0.0004760000000000001,0.0,False,False,0,0.0001,0.0004760000000000001,0.0
Lamb_office_Peggy,2017-04-06,ridge,8.9,0.0004760000000000001,0.0,False,True,16,-1.0599,,
Lamb_office_Peggy,2017-04-06,gradient_boosting,8.9,0.0004760000000000001,0.0,False,True,6,-2.6498999999999997,,
Lamb_office_Peggy,2017-04-06,perfect_foresight,8.9,0.0004760000000000001,0.0,False,False,0,0.0001,0.0004760000000000001,0.0
Lamb_office_Peggy,2017-04-07,previous_day,8.9,0.0004760000000000001,0.0,False,False,0,0.0001,0.0004760000000000001,0.0
Lamb_office_Peggy,2017-04-07,previous_week,8.9,0.0004760000000000001,0.0,False,False,0,0.0001,0.0004760000000000001,0.0
Lamb_office_Peggy,2017-04-07,ridge,8.9,0.0004760000000000001,0.0,False,True,16,-0.8599,,
Lamb_office_Peggy,2017-04-07,gradient_boosting,8.9,0.0004760000000000001,0.0,False,True,6,-2.6498999999999997,,
Lamb_office_Peggy,2017-04-07,perfect_foresight,8.9,0.0004760000000000001,0.0,False,False,0,0.0001,0.0004760000000000001,0.0
Lamb_office_Peggy,2017-04-08,previous_day,8.9,0.0004760000000000001,0.0,False,False,0,0.0001,0.0004760000000000001,0.0
Lamb_office_Peggy,2017-04-08,previous_week,8.9,0.0004760000000000001,0.0,False,False,0,0.0001,0.0004760000000000001,0.0
Lamb_office_Peggy,2017-04-08,ridge,8.9,0.0004760000000000001,0.0,False,True,16,-0.6599,,
Lamb_office_Peggy,2017-04-08,gradient_boosting,8.9,0.0004760000000000001,0.0,False,True,6,-2.6498999999999997,,
Lamb_office_Peggy,2017-04-08,perfect_foresight,8.9,0.0004760000000000001,0.0,False,False,0,0.0001,0.0004760000000000001,0.0
Lamb_office_Peggy,2017-04-10,previous_day,8.9,0.0004760000000000001,0.0,False,False,0,0.0001,0.0004760000000000001,0.0
Lamb_office_Peggy,2017-04-10,previous_week,8.9,0.0004760000000000001,0.0,False,False,0,0.0001,0.0004760000000000001,0.0
Lamb_office_Peggy,2017-04-10,ridge,8.9,0.0004760000000000001,0.0,False,True,16,-0.7499,,
Lamb_office_Peggy,2017-04-10,gradient_boosting,8.9,0.0004760000000000001,0.0,False,True,6,-2.6498999999999997,,
Lamb_office_Peggy,2017-04-10,perfect_foresight,8.9,0.0004760000000000001,0.0,False,False,0,0.0001,0.0004760000000000001,0.0
Lamb_office_Peggy,2017-04-11,previous_day,8.9,0.0004760000000000001,0.0,False,False,0,0.0001,0.0004760000000000001,0.0
Lamb_office_Peggy,2017-04-11,previous_week,8.9,0.0004760000000000001,0.0,False,False,0,0.0001,0.0004760000000000001,0.0
Lamb_office_Peggy,2017-04-11,ridge,8.9,0.0004760000000000001,0.0,False,True,16,-0.9799,,
Lamb_office_Peggy,2017-04-11,gradient_boosting,8.9,0.0004760000000000001,0.0,False,True,6,-2.6498999999999997,,
Lamb_office_Peggy,2017-04-11,perfect_foresight,8.9,0.0004760000000000001,0.0,False,False,0,0.0001,0.0004760000000000001,0.0
Lamb_office_Peggy,2017-04-12,previous_day,8.9,0.0004760000000000001,0.0,False,False,0,0.0001,0.0004760000000000001,0.0
Lamb_office_Peggy,2017-04-12,previous_week,8.9,0.0004760000000000001,0.0,False,False,0,0.0001,0.0004760000000000001,0.0
Lamb_office_Peggy,2017-04-12,ridge,8.9,0.0004760000000000001,0.0,False,True,16,-1.1199000000000001,,
Lamb_office_Peggy,2017-04-12,gradient_boosting,8.9,0.0004760000000000001,0.0,False,True,6,-2.6498999999999997,,
Lamb_office_Peggy,2017-04-12,perfect_foresight,8.9,0.0004760000000000001,0.0,False,False,0,0.0001,0.0004760000000000001,0.0
Lamb_office_Peggy,2017-04-13,previous_day,8.9,0.0004760000000000001,0.0,False,False,0,0.0001,0.0004760000000000001,0.0
Lamb_office_Peggy,2017-04-13,previous_week,8.9,0.0004760000000000001,0.0,False,False,0,0.0001,0.0004760000000000001,0.0
Lamb_office_Peggy,2017-04-13,ridge,8.9,0.0004760000000000001,0.0,False,True,16,-1.0599,,
Lamb_office_Peggy,2017-04-13,gradient_boosting,8.9,0.0004760000000000001,0.0,False,True,6,-2.6498999999999997,,
Lamb_office_Peggy,2017-04-13,perfect_foresight,8.9,0.0004760000000000001,0.0,False,False,0,0.0001,0.0004760000000000001,0.0
Lamb_office_Peggy,2017-04-14,previous_day,8.9,0.0004760000000000001,0.0,False,False,0,0.0001,0.0004760000000000001,0.0
Lamb_office_Peggy,2017-04-14,previous_week,8.9,0.0004760000000000001,0.0,False,False,0,0.0001,0.0004760000000000001,0.0
Lamb_office_Peggy,2017-04-14,ridge,8.9,0.0004760000000000001,0.0,False,True,16,-0.8599,,
Lamb_office_Peggy,2017-04-14,gradient_boosting,8.9,0.0004760000000000001,0.0,False,True,6,-2.6498999999999997,,
Lamb_office_Peggy,2017-04-14,perfect_foresight,8.9,0.0004760000000000001,0.0,False,False,0,0.0001,0.0004760000000000001,0.0
Lamb_office_Peggy,2017-04-15,previous_day,8.9,0.0004760000000000001,0.0,False,False,0,0.0001,0.0004760000000000001,0.0
Lamb_office_Peggy,2017-04-15,previous_week,8.9,0.0004760000000000001,0.0,False,False,0,0.0001,0.0004760000000000001,0.0
Lamb_office_Peggy,2017-04-15,ridge,8.9,0.0004760000000000001,0.0,False,True,16,-0.6599,,
Lamb_office_Peggy,2017-04-15,gradient_boosting,8.9,0.0004760000000000001,0.0,False,True,6,-2.6498999999999997,,
Lamb_office_Peggy,2017-04-15,perfect_foresight,8.9,0.0004760000000000001,0.0,False,False,0,0.0001,0.0004760000000000001,0.0
Lamb_office_Peggy,2017-04-16,previous_day,8.9,0.0004760000000000001,0.0,False,False,0,0.0001,0.0004760000000000001,0.0
Lamb_office_Peggy,2017-04-16,previous_week,8.9,0.0004760000000000001,0.0,False,False,0,0.0001,0.0004760000000000001,0.0
Lamb_office_Peggy,2017-04-16,ridge,8.9,0.0004760000000000001,0.0,False,True,15,-0.6099,,
Lamb_office_Peggy,2017-04-16,gradient_boosting,8.9,0.0004760000000000001,0.0,False,True,6,-2.6498999999999997,,
Lamb_office_Peggy,2017-04-16,perfect_foresight,8.9,0.0004760000000000001,0.0,False,False,0,0.0001,0.0004760000000000001,0.0
Lamb_office_Peggy,2017-04-17,previous_day,8.9,0.0004760000000000001,0.0,False,False,0,0.0001,0.0004760000000000001,0.0
Lamb_office_Peggy,2017-04-17,previous_week,8.9,0.0004760000000000001,0.0,False,False,0,0.0001,0.0004760000000000001,0.0
Lamb_office_Peggy,2017-04-17,ridge,8.9,0.0004760000000000001,0.0,False,True,16,-0.7499,,
Lamb_office_Peggy,2017-04-17,gradient_boosting,8.9,0.0004760000000000001,0.0,False,True,6,-2.6498999999999997,,
Lamb_office_Peggy,2017-04-17,perfect_foresight,8.9,0.0004760000000000001,0.0,False,False,0,0.0001,0.0004760000000000001,0.0
Lamb_office_Peggy,2017-04-18,previous_day,8.9,0.0004760000000000001,0.0,False,False,0,0.0001,0.0004760000000000001,0.0
Lamb_office_Peggy,2017-04-18,previous_week,8.9,0.0004760000000000001,0.0,False,False,0,0.0001,0.0004760000000000001,0.0
Lamb_office_Peggy,2017-04-18,ridge,8.9,0.0004760000000000001,0.0,False,True,16,-0.9799,,
Lamb_office_Peggy,2017-04-18,gradient_boosting,8.9,0.0004760000000000001,0.0,False,True,6,-2.6498999999999997,,
Lamb_office_Peggy,2017-04-18,perfect_foresight,8.9,0.0004760000000000001,0.0,False,False,0,0.0001,0.0004760000000000001,0.0
Lamb_office_Peggy,2017-04-19,previous_day,8.9,0.0004760000000000001,0.0,False,False,0,0.0001,0.0004760000000000001,0.0
Lamb_office_Peggy,2017-04-19,previous_week,8.9,0.0004760000000000001,0.0,False,False,0,0.0001,0.0004760000000000001,0.0
Lamb_office_Peggy,2017-04-19,ridge,8.9,0.0004760000000000001,0.0,False,True,16,-1.1199000000000001,,
Lamb_office_Peggy,2017-04-19,gradient_boosting,8.9,0.0004760000000000001,0.0,False,True,6,-2.6498999999999997,,
Lamb_office_Peggy,2017-04-19,perfect_foresight,8.9,0.0004760000000000001,0.0,False,False,0,0.0001,0.0004760000000000001,0.0
Lamb_office_Peggy,2017-04-20,previous_day,8.9,0.0004760000000000001,0.0,False,False,0,0.0001,0.0004760000000000001,0.0
Lamb_office_Peggy,2017-04-20,previous_week,8.9,0.0004760000000000001,0.0,False,False,0,0.0001,0.0004760000000000001,0.0
Lamb_office_Peggy,2017-04-20,ridge,8.9,0.0004760000000000001,0.0,False,True,16,-1.0599,,
Lamb_office_Peggy,2017-04-20,gradient_boosting,8.9,0.0004760000000000001,0.0,False,True,6,-2.6498999999999997,,
Lamb_office_Peggy,2017-04-20,perfect_foresight,8.9,0.0004760000000000001,0.0,False,False,0,0.0001,0.0004760000000000001,0.0
Lamb_office_Peggy,2017-04-21,previous_day,8.9,0.0004760000000000001,0.0,False,False,0,0.0001,0.0004760000000000001,0.0
Lamb_office_Peggy,2017-04-21,previous_week,8.9,0.0004760000000000001,0.0,False,False,0,0.0001,0.0004760000000000001,0.0
Lamb_office_Peggy,2017-04-21,ridge,8.9,0.0004760000000000001,0.0,False,True,16,-0.8599,,
Lamb_office_Peggy,2017-04-21,gradient_boosting,8.9,0.0004760000000000001,0.0,False,True,6,-2.6498999999999997,,
Lamb_office_Peggy,2017-04-21,perfect_foresight,8.9,0.0004760000000000001,0.0,False,False,0,0.0001,0.0004760000000000001,0.0
Lamb_office_Peggy,2017-04-22,previous_day,8.9,0.0004760000000000001,0.0,False,False,0,0.0001,0.0004760000000000001,0.0
Lamb_office_Peggy,2017-04-22,previous_week,8.9,0.0004760000000000001,0.0,False,False,0,0.0001,0.0004760000000000001,0.0
Lamb_office_Peggy,2017-04-22,ridge,8.9,0.0004760000000000001,0.0,False,True,16,-0.6599,,
Lamb_office_Peggy,2017-04-22,gradient_boosting,8.9,0.0004760000000000001,0.0,False,True,6,-2.6498999999999997,,
Lamb_office_Peggy,2017-04-22,perfect_foresight,8.9,0.0004760000000000001,0.0,False,False,0,0.0001,0.0004760000000000001,0.0
Lamb_office_Peggy,2017-04-23,previous_day,8.9,0.0004760000000000001,0.0,False,False,0,0.0001,0.0004760000000000001,0.0
Lamb_office_Peggy,2017-04-23,previous_week,8.9,0.0004760000000000001,0.0,False,False,0,0.0001,0.0004760000000000001,0.0
Lamb_office_Peggy,2017-04-23,ridge,8.9,0.0004760000000000001,0.0,False,True,15,-0.6099,,
Lamb_office_Peggy,2017-04-23,gradient_boosting,8.9,0.0004760000000000001,0.0,False,True,6,-2.6498999999999997,,
Lamb_office_Peggy,2017-04-23,perfect_foresight,8.9,0.0004760000000000001,0.0,False,False,0,0.0001,0.0004760000000000001,0.0
Lamb_office_Peggy,2017-04-24,previous_day,8.9,0.0004760000000000001,0.0,False,False,0,0.0001,0.0004760000000000001,0.0
Lamb_office_Peggy,2017-04-24,previous_week,8.9,0.0004760000000000001,0.0,False,False,0,0.0001,0.0004760000000000001,0.0
Lamb_office_Peggy,2017-04-24,ridge,8.9,0.0004760000000000001,0.0,False,True,16,-0.7499,,
Lamb_office_Peggy,2017-04-24,gradient_boosting,8.9,0.0004760000000000001,0.0,False,True,6,-2.6498999999999997,,
Lamb_office_Peggy,2017-04-24,perfect_foresight,8.9,0.0004760000000000001,0.0,False,False,0,0.0001,0.0004760000000000001,0.0
Lamb_office_Peggy,2017-04-25,previous_day,8.9,0.0004760000000000001,0.0,False,False,0,0.0001,0.0004760000000000001,0.0
Lamb_office_Peggy,2017-04-25,previous_week,8.9,0.0004760000000000001,0.0,False,False,0,0.0001,0.0004760000000000001,0.0
Lamb_office_Peggy,2017-04-25,ridge,8.9,0.0004760000000000001,0.0,False,True,16,-0.9799,,
Lamb_office_Peggy,2017-04-25,gradient_boosting,8.9,0.0004760000000000001,0.0,False,True,6,-2.6498999999999997,,
Lamb_office_Peggy,2017-04-25,perfect_foresight,8.9,0.0004760000000000001,0.0,False,False,0,0.0001,0.0004760000000000001,0.0
Lamb_office_Peggy,2017-04-26,previous_day,8.9,0.0004760000000000001,0.0,False,False,0,0.0001,0.0004760000000000001,0.0
Lamb_office_Peggy,2017-04-26,previous_week,8.9,0.0004760000000000001,0.0,False,False,0,0.0001,0.0004760000000000001,0.0
Lamb_office_Peggy,2017-04-26,ridge,8.9,0.0004760000000000001,0.0,False,True,16,-1.1199000000000001,,
Lamb_office_Peggy,2017-04-26,gradient_boosting,8.9,0.0004760000000000001,0.0,False,True,6,-2.6498999999999997,,
Lamb_office_Peggy,2017-04-26,perfect_foresight,8.9,0.0004760000000000001,0.0,False,False,0,0.0001,0.0004760000000000001,0.0
Lamb_office_Peggy,2017-04-27,previous_day,8.9,0.0004760000000000001,0.0,False,False,0,0.0001,0.0004760000000000001,0.0
Lamb_office_Peggy,2017-04-27,previous_week,8.9,0.0004760000000000001,0.0,False,False,0,0.0001,0.0004760000000000001,0.0
Lamb_office_Peggy,2017-04-27,ridge,8.9,0.0004760000000000001,0.0,False,True,16,-1.0599,,
Lamb_office_Peggy,2017-04-27,gradient_boosting,8.9,0.0004760000000000001,0.0,False,True,6,-2.6498999999999997,,
Lamb_office_Peggy,2017-04-27,perfect_foresight,8.9,0.0004760000000000001,0.0,False,False,0,0.0001,0.0004760000000000001,0.0
Lamb_office_Peggy,2017-04-28,previous_day,8.9,0.0004760000000000001,0.0,False,False,0,0.0001,0.0004760000000000001,0.0
Lamb_office_Peggy,2017-04-28,previous_week,8.9,0.0004760000000000001,0.0,False,False,0,0.0001,0.0004760000000000001,0.0
Lamb_office_Peggy,2017-04-28,ridge,8.9,0.0004760000000000001,0.0,False,True,16,-0.8599,,
Lamb_office_Peggy,2017-04-28,gradient_boosting,8.9,0.0004760000000000001,0.0,False,True,6,-2.6498999999999997,,
Lamb_office_Peggy,2017-04-28,perfect_foresight,8.9,0.0004760000000000001,0.0,False,False,0,0.0001,0.0004760000000000001,0.0
Lamb_office_Peggy,2017-04-29,previous_day,8.9,0.0004760000000000001,0.0,False,False,0,0.0001,0.0004760000000000001,0.0
Lamb_office_Peggy,2017-04-29,previous_week,8.9,0.0004760000000000001,0.0,False,False,0,0.0001,0.0004760000000000001,0.0
Lamb_office_Peggy,2017-04-29,ridge,8.9,0.0004760000000000001,0.0,False,True,16,-0.6599,,
Lamb_office_Peggy,2017-04-29,gradient_boosting,8.9,0.0004760000000000001,0.0,False,True,6,-2.6498999999999997,,
Lamb_office_Peggy,2017-04-29,perfect_foresight,8.9,0.0004760000000000001,0.0,False,False,0,0.0001,0.0004760000000000001,0.0
Lamb_office_Peggy,2017-04-30,previous_day,8.9,0.0004760000000000001,0.0,False,False,0,0.0001,0.0004760000000000001,0.0
Lamb_office_Peggy,2017-04-30,previous_week,8.9,0.0004760000000000001,0.0,False,False,0,0.0001,0.0004760000000000001,0.0
Lamb_office_Peggy,2017-04-30,ridge,8.9,0.0004760000000000001,0.0,False,True,15,-0.6099,,
Lamb_office_Peggy,2017-04-30,gradient_boosting,8.9,0.0004760000000000001,0.0,False,True,6,-2.6498999999999997,,
Lamb_office_Peggy,2017-04-30,perfect_foresight,8.9,0.0004760000000000001,0.0,False,False,0,0.0001,0.0004760000000000001,0.0
Lamb_office_Peggy,2017-05-01,previous_day,8.9,0.0004760000000000001,0.0,False,False,0,0.0001,0.0004760000000000001,0.0
Lamb_office_Peggy,2017-05-01,previous_week,8.9,0.0004760000000000001,0.0,False,False,0,0.0001,0.0004760000000000001,0.0
Lamb_office_Peggy,2017-05-01,ridge,8.9,0.0004760000000000001,0.0,False,True,16,-0.7799,,
Lamb_office_Peggy,2017-05-01,gradient_boosting,8.9,0.0004760000000000001,0.0,False,True,6,-2.6498999999999997,,
Lamb_office_Peggy,2017-05-01,perfect_foresight,8.9,0.0004760000000000001,0.0,False,False,0,0.0001,0.0004760000000000001,0.0
Lamb_office_Peggy,2017-05-02,previous_day,8.9,0.0004760000000000001,0.0,False,False,0,0.0001,0.0004760000000000001,0.0
Lamb_office_Peggy,2017-05-02,previous_week,8.9,0.0004760000000000001,0.0,False,False,0,0.0001,0.0004760000000000001,0.0
Lamb_office_Peggy,2017-05-02,ridge,8.9,0.0004760000000000001,0.0,False,True,16,-1.0099,,
Lamb_office_Peggy,2017-05-02,gradient_boosting,8.9,0.0004760000000000001,0.0,False,True,6,-2.6498999999999997,,
Lamb_office_Peggy,2017-05-02,perfect_foresight,8.9,0.0004760000000000001,0.0,False,False,0,0.0001,0.0004760000000000001,0.0
Lamb_office_Peggy,2017-05-03,previous_day,8.9,0.0004760000000000001,0.0,False,False,0,0.0001,0.0004760000000000001,0.0
Lamb_office_Peggy,2017-05-03,previous_week,8.9,0.0004760000000000001,0.0,False,False,0,0.0001,0.0004760000000000001,0.0
Lamb_office_Peggy,2017-05-03,ridge,8.9,0.0004760000000000001,0.0,False,True,16,-1.1499,,
Lamb_office_Peggy,2017-05-03,gradient_boosting,8.9,0.0004760000000000001,0.0,False,True,6,-2.6498999999999997,,
Lamb_office_Peggy,2017-05-03,perfect_foresight,8.9,0.0004760000000000001,0.0,False,False,0,0.0001,0.0004760000000000001,0.0
Lamb_office_Peggy,2017-05-04,previous_day,8.9,0.0004760000000000001,0.0,False,False,0,0.0001,0.0004760000000000001,0.0
Lamb_office_Peggy,2017-05-04,previous_week,8.9,0.0004760000000000001,0.0,False,False,0,0.0001,0.0004760000000000001,0.0
Lamb_office_Peggy,2017-05-04,ridge,8.9,0.0004760000000000001,0.0,False,True,16,-1.0999,,
Lamb_office_Peggy,2017-05-04,gradient_boosting,8.9,0.0004760000000000001,0.0,False,True,6,-2.6498999999999997,,
Lamb_office_Peggy,2017-05-04,perfect_foresight,8.9,0.0004760000000000001,0.0,False,False,0,0.0001,0.0004760000000000001,0.0
Lamb_office_Peggy,2017-05-05,previous_day,8.9,0.0004760000000000001,0.0,False,False,0,0.0001,0.0004760000000000001,0.0
Lamb_office_Peggy,2017-05-05,previous_week,8.9,0.0004760000000000001,0.0,False,False,0,0.0001,0.0004760000000000001,0.0
Lamb_office_Peggy,2017-05-05,ridge,8.9,0.0004760000000000001,0.0,False,True,16,-0.8899,,
Lamb_office_Peggy,2017-05-05,gradient_boosting,8.9,0.0004760000000000001,0.0,False,True,6,-2.6498999999999997,,
Lamb_office_Peggy,2017-05-05,perfect_foresight,8.9,0.0004760000000000001,0.0,False,False,0,0.0001,0.0004760000000000001,0.0
Lamb_office_Peggy,2017-05-06,previous_day,8.9,0.0004760000000000001,0.0,False,False,0,0.0001,0.0004760000000000001,0.0
Lamb_office_Peggy,2017-05-06,previous_week,8.9,0.0004760000000000001,0.0,False,False,0,0.0001,0.0004760000000000001,0.0
Lamb_office_Peggy,2017-05-06,ridge,8.9,0.0004760000000000001,0.0,False,True,16,-0.6899,,
Lamb_office_Peggy,2017-05-06,gradient_boosting,8.9,0.0004760000000000001,0.0,False,True,6,-2.6498999999999997,,
Lamb_office_Peggy,2017-05-06,perfect_foresight,8.9,0.0004760000000000001,0.0,False,False,0,0.0001,0.0004760000000000001,0.0
Lamb_office_Peggy,2017-05-07,previous_day,8.9,0.0004760000000000001,0.0,False,False,0,0.0001,0.0004760000000000001,0.0
Lamb_office_Peggy,2017-05-07,previous_week,8.9,0.0004760000000000001,0.0,False,False,0,0.0001,0.0004760000000000001,0.0
Lamb_office_Peggy,2017-05-07,ridge,8.9,0.0004760000000000001,0.0,False,True,15,-0.6399,,
Lamb_office_Peggy,2017-05-07,gradient_boosting,8.9,0.0004760000000000001,0.0,False,True,6,-2.6498999999999997,,
Lamb_office_Peggy,2017-05-07,perfect_foresight,8.9,0.0004760000000000001,0.0,False,False,0,0.0001,0.0004760000000000001,0.0
Lamb_office_Peggy,2017-05-08,previous_day,8.9,0.0004760000000000001,0.0,False,False,0,0.0001,0.0004760000000000001,0.0
Lamb_office_Peggy,2017-05-08,previous_week,8.9,0.0004760000000000001,0.0,False,False,0,0.0001,0.0004760000000000001,0.0
Lamb_office_Peggy,2017-05-08,ridge,8.9,0.0004760000000000001,0.0,False,True,16,-0.7799,,
Lamb_office_Peggy,2017-05-08,gradient_boosting,8.9,0.0004760000000000001,0.0,False,True,6,-2.6498999999999997,,
Lamb_office_Peggy,2017-05-08,perfect_foresight,8.9,0.0004760000000000001,0.0,False,False,0,0.0001,0.0004760000000000001,0.0
Lamb_office_Peggy,2017-05-09,previous_day,8.9,0.0004760000000000001,0.0,False,False,0,0.0001,0.0004760000000000001,0.0
Lamb_office_Peggy,2017-05-09,previous_week,8.9,0.0004760000000000001,0.0,False,False,0,0.0001,0.0004760000000000001,0.0
Lamb_office_Peggy,2017-05-09,ridge,8.9,0.0004760000000000001,0.0,False,True,16,-1.0099,,
Lamb_office_Peggy,2017-05-09,gradient_boosting,8.9,0.0004760000000000001,0.0,False,True,6,-2.6498999999999997,,
Lamb_office_Peggy,2017-05-09,perfect_foresight,8.9,0.0004760000000000001,0.0,False,False,0,0.0001,0.0004760000000000001,0.0
Lamb_office_Peggy,2017-05-10,previous_day,8.9,0.0004760000000000001,0.0,False,False,0,0.0001,0.0004760000000000001,0.0
Lamb_office_Peggy,2017-05-10,previous_week,8.9,0.0004760000000000001,0.0,False,False,0,0.0001,0.0004760000000000001,0.0
Lamb_office_Peggy,2017-05-10,ridge,8.9,0.0004760000000000001,0.0,False,True,16,-1.1499,,
Lamb_office_Peggy,2017-05-10,gradient_boosting,8.9,0.0004760000000000001,0.0,False,True,6,-2.6498999999999997,,
Lamb_office_Peggy,2017-05-10,perfect_foresight,8.9,0.0004760000000000001,0.0,False,False,0,0.0001,0.0004760000000000001,0.0
Lamb_office_Peggy,2017-05-11,previous_day,8.9,0.0004760000000000001,0.0,False,False,0,0.0001,0.0004760000000000001,0.0
Lamb_office_Peggy,2017-05-11,previous_week,8.9,0.0004760000000000001,0.0,False,False,0,0.0001,0.0004760000000000001,0.0
Lamb_office_Peggy,2017-05-11,ridge,8.9,0.0004760000000000001,0.0,False,True,16,-1.0999,,
Lamb_office_Peggy,2017-05-11,gradient_boosting,8.9,0.0004760000000000001,0.0,False,True,6,-2.6498999999999997,,
Lamb_office_Peggy,2017-05-11,perfect_foresight,8.9,0.0004760000000000001,0.0,False,False,0,0.0001,0.0004760000000000001,0.0
Lamb_office_Peggy,2017-05-12,previous_day,8.9,0.0004760000000000001,0.0,False,False,0,0.0001,0.0004760000000000001,0.0
Lamb_office_Peggy,2017-05-12,previous_week,8.9,0.0004760000000000001,0.0,False,False,0,0.0001,0.0004760000000000001,0.0
Lamb_office_Peggy,2017-05-12,ridge,8.9,0.0004760000000000001,0.0,False,True,16,-0.8899,,
Lamb_office_Peggy,2017-05-12,gradient_boosting,8.9,0.0004760000000000001,0.0,False,True,6,-2.6498999999999997,,
Lamb_office_Peggy,2017-05-12,perfect_foresight,8.9,0.0004760000000000001,0.0,False,False,0,0.0001,0.0004760000000000001,0.0
Lamb_office_Peggy,2017-05-13,previous_day,8.9,0.0004760000000000001,0.0,False,False,0,0.0001,0.0004760000000000001,0.0
Lamb_office_Peggy,2017-05-13,previous_week,8.9,0.0004760000000000001,0.0,False,False,0,0.0001,0.0004760000000000001,0.0
Lamb_office_Peggy,2017-05-13,ridge,8.9,0.0004760000000000001,0.0,False,True,16,-0.6899,,
Lamb_office_Peggy,2017-05-13,gradient_boosting,8.9,0.0004760000000000001,0.0,False,True,6,-2.6498999999999997,,
Lamb_office_Peggy,2017-05-13,perfect_foresight,8.9,0.0004760000000000001,0.0,False,False,0,0.0001,0.0004760000000000001,0.0
Lamb_office_Peggy,2017-05-14,previous_day,8.9,0.0004760000000000001,0.0,False,False,0,0.0001,0.0004760000000000001,0.0
Lamb_office_Peggy,2017-05-14,previous_week,8.9,0.0004760000000000001,0.0,False,False,0,0.0001,0.0004760000000000001,0.0
Lamb_office_Peggy,2017-05-14,ridge,8.9,0.0004760000000000001,0.0,False,True,15,-0.6399,,
Lamb_office_Peggy,2017-05-14,gradient_boosting,8.9,0.0004760000000000001,0.0,False,True,6,-2.6498999999999997,,
Lamb_office_Peggy,2017-05-14,perfect_foresight,8.9,0.0004760000000000001,0.0,False,False,0,0.0001,0.0004760000000000001,0.0
Lamb_office_Peggy,2017-05-15,previous_day,8.9,0.0004760000000000001,0.0,False,False,0,0.0001,0.0004760000000000001,0.0
Lamb_office_Peggy,2017-05-15,previous_week,8.9,0.0004760000000000001,0.0,False,False,0,0.0001,0.0004760000000000001,0.0
Lamb_office_Peggy,2017-05-15,ridge,8.9,0.0004760000000000001,0.0,False,True,16,-0.7799,,
Lamb_office_Peggy,2017-05-15,gradient_boosting,8.9,0.0004760000000000001,0.0,False,True,6,-2.6498999999999997,,
Lamb_office_Peggy,2017-05-15,perfect_foresight,8.9,0.0004760000000000001,0.0,False,False,0,0.0001,0.0004760000000000001,0.0
Lamb_office_Peggy,2017-05-16,previous_day,8.9,0.0004760000000000001,0.0,False,False,0,0.0001,0.0004760000000000001,0.0
Lamb_office_Peggy,2017-05-16,previous_week,8.9,0.0004760000000000001,0.0,False,False,0,0.0001,0.0004760000000000001,0.0
Lamb_office_Peggy,2017-05-16,ridge,8.9,0.0004760000000000001,0.0,False,True,16,-1.0099,,
Lamb_office_Peggy,2017-05-16,gradient_boosting,8.9,0.0004760000000000001,0.0,False,True,6,-2.6498999999999997,,
Lamb_office_Peggy,2017-05-16,perfect_foresight,8.9,0.0004760000000000001,0.0,False,False,0,0.0001,0.0004760000000000001,0.0
Lamb_office_Peggy,2017-05-17,previous_day,8.9,0.0004760000000000001,0.0,False,False,0,0.0001,0.0004760000000000001,0.0
Lamb_office_Peggy,2017-05-17,previous_week,8.9,0.0004760000000000001,0.0,False,False,0,0.0001,0.0004760000000000001,0.0
Lamb_office_Peggy,2017-05-17,ridge,8.9,0.0004760000000000001,0.0,False,True,16,-1.1499,,
Lamb_office_Peggy,2017-05-17,gradient_boosting,8.9,0.0004760000000000001,0.0,False,True,6,-2.6498999999999997,,
Lamb_office_Peggy,2017-05-17,perfect_foresight,8.9,0.0004760000000000001,0.0,False,False,0,0.0001,0.0004760000000000001,0.0
Lamb_office_Peggy,2017-05-18,previous_day,8.9,0.0004760000000000001,0.0,False,False,0,0.0001,0.0004760000000000001,0.0
Lamb_office_Peggy,2017-05-18,previous_week,8.9,0.0004760000000000001,0.0,False,False,0,0.0001,0.0004760000000000001,0.0
Lamb_office_Peggy,2017-05-18,ridge,8.9,0.0004760000000000001,0.0,False,True,16,-1.0999,,
Lamb_office_Peggy,2017-05-18,gradient_boosting,8.9,0.0004760000000000001,0.0,False,True,6,-2.6498999999999997,,
Lamb_office_Peggy,2017-05-18,perfect_foresight,8.9,0.0004760000000000001,0.0,False,False,0,0.0001,0.0004760000000000001,0.0
Lamb_office_Peggy,2017-05-19,previous_day,8.9,0.0004760000000000001,0.0,False,False,0,0.0001,0.0004760000000000001,0.0
Lamb_office_Peggy,2017-05-19,previous_week,8.9,0.0004760000000000001,0.0,False,False,0,0.0001,0.0004760000000000001,0.0
Lamb_office_Peggy,2017-05-19,ridge,8.9,0.0004760000000000001,0.0,False,True,16,-0.8899,,
Lamb_office_Peggy,2017-05-19,gradient_boosting,8.9,0.0004760000000000001,0.0,False,True,6,-2.6498999999999997,,
Lamb_office_Peggy,2017-05-19,perfect_foresight,8.9,0.0004760000000000001,0.0,False,False,0,0.0001,0.0004760000000000001,0.0
Lamb_office_Peggy,2017-05-20,previous_day,8.9,0.0004760000000000001,0.0,False,False,0,0.0001,0.0004760000000000001,0.0
Lamb_office_Peggy,2017-05-20,previous_week,8.9,0.0004760000000000001,0.0,False,False,0,0.0001,0.0004760000000000001,0.0
Lamb_office_Peggy,2017-05-20,ridge,8.9,0.0004760000000000001,0.0,False,True,16,-0.6899,,
Lamb_office_Peggy,2017-05-20,gradient_boosting,8.9,0.0004760000000000001,0.0,False,True,6,-2.6498999999999997,,
Lamb_office_Peggy,2017-05-20,perfect_foresight,8.9,0.0004760000000000001,0.0,False,False,0,0.0001,0.0004760000000000001,0.0
Lamb_office_Peggy,2017-05-21,previous_day,8.9,0.0004760000000000001,0.0,False,False,0,0.0001,0.0004760000000000001,0.0
Lamb_office_Peggy,2017-05-21,previous_week,8.9,0.0004760000000000001,0.0,False,False,0,0.0001,0.0004760000000000001,0.0
Lamb_office_Peggy,2017-05-21,ridge,8.9,0.0004760000000000001,0.0,False,True,15,-0.6399,,
Lamb_office_Peggy,2017-05-21,gradient_boosting,8.9,0.0004760000000000001,0.0,False,True,6,-2.6498999999999997,,
Lamb_office_Peggy,2017-05-21,perfect_foresight,8.9,0.0004760000000000001,0.0,False,False,0,0.0001,0.0004760000000000001,0.0
Lamb_office_Peggy,2017-05-22,previous_day,8.9,0.0004760000000000001,0.0,False,False,0,0.0001,0.0004760000000000001,0.0
Lamb_office_Peggy,2017-05-22,previous_week,8.9,0.0004760000000000001,0.0,False,False,0,0.0001,0.0004760000000000001,0.0
Lamb_office_Peggy,2017-05-22,ridge,8.9,0.0004760000000000001,0.0,False,True,16,-0.7799,,
Lamb_office_Peggy,2017-05-22,gradient_boosting,8.9,0.0004760000000000001,0.0,False,True,6,-2.6498999999999997,,
Lamb_office_Peggy,2017-05-22,perfect_foresight,8.9,0.0004760000000000001,0.0,False,False,0,0.0001,0.0004760000000000001,0.0
Lamb_office_Peggy,2017-05-23,previous_day,8.9,0.0004760000000000001,0.0,False,False,0,0.0001,0.0004760000000000001,0.0
Lamb_office_Peggy,2017-05-23,previous_week,8.9,0.0004760000000000001,0.0,False,False,0,0.0001,0.0004760000000000001,0.0
Lamb_office_Peggy,2017-05-23,ridge,8.9,0.0004760000000000001,0.0,False,True,16,-1.0099,,
Lamb_office_Peggy,2017-05-23,gradient_boosting,8.9,0.0004760000000000001,0.0,False,True,6,-2.6498999999999997,,
Lamb_office_Peggy,2017-05-23,perfect_foresight,8.9,0.0004760000000000001,0.0,False,False,0,0.0001,0.0004760000000000001,0.0
Lamb_office_Peggy,2017-05-24,previous_day,8.9,0.0004760000000000001,0.0,False,False,0,0.0001,0.0004760000000000001,0.0
Lamb_office_Peggy,2017-05-24,previous_week,8.9,0.0004760000000000001,0.0,False,False,0,0.0001,0.0004760000000000001,0.0
Lamb_office_Peggy,2017-05-24,ridge,8.9,0.0004760000000000001,0.0,False,True,16,-1.1499,,
Lamb_office_Peggy,2017-05-24,gradient_boosting,8.9,0.0004760000000000001,0.0,False,True,6,-2.6498999999999997,,
Lamb_office_Peggy,2017-05-24,perfect_foresight,8.9,0.0004760000000000001,0.0,False,False,0,0.0001,0.0004760000000000001,0.0
Lamb_office_Peggy,2017-05-25,previous_day,8.9,0.0004760000000000001,0.0,False,False,0,0.0001,0.0004760000000000001,0.0
Lamb_office_Peggy,2017-05-25,previous_week,8.9,0.0004760000000000001,0.0,False,False,0,0.0001,0.0004760000000000001,0.0
Lamb_office_Peggy,2017-05-25,ridge,8.9,0.0004760000000000001,0.0,False,True,16,-1.0999,,
Lamb_office_Peggy,2017-05-25,gradient_boosting,8.9,0.0004760000000000001,0.0,False,True,6,-2.6498999999999997,,
Lamb_office_Peggy,2017-05-25,perfect_foresight,8.9,0.0004760000000000001,0.0,False,False,0,0.0001,0.0004760000000000001,0.0
Lamb_office_Peggy,2017-05-26,previous_day,8.9,0.0004760000000000001,0.0,False,False,0,0.0001,0.0004760000000000001,0.0
Lamb_office_Peggy,2017-05-26,previous_week,8.9,0.0004760000000000001,0.0,False,False,0,0.0001,0.0004760000000000001,0.0
Lamb_office_Peggy,2017-05-26,ridge,8.9,0.0004760000000000001,0.0,False,True,16,-0.8899,,
Lamb_office_Peggy,2017-05-26,gradient_boosting,8.9,0.0004760000000000001,0.0,False,True,6,-2.6498999999999997,,
Lamb_office_Peggy,2017-05-26,perfect_foresight,8.9,0.0004760000000000001,0.0,False,False,0,0.0001,0.0004760000000000001,0.0
Lamb_office_Peggy,2017-05-27,previous_day,8.9,0.0004760000000000001,0.0,False,False,0,0.0001,0.0004760000000000001,0.0
Lamb_office_Peggy,2017-05-27,previous_week,8.9,0.0004760000000000001,0.0,False,False,0,0.0001,0.0004760000000000001,0.0
Lamb_office_Peggy,2017-05-27,ridge,8.9,0.0004760000000000001,0.0,False,True,16,-0.6899,,
Lamb_office_Peggy,2017-05-27,gradient_boosting,8.9,0.0004760000000000001,0.0,False,True,6,-2.6498999999999997,,
Lamb_office_Peggy,2017-05-27,perfect_foresight,8.9,0.0004760000000000001,0.0,False,False,0,0.0001,0.0004760000000000001,0.0
Lamb_office_Peggy,2017-05-28,previous_day,8.9,0.0004760000000000001,0.0,False,False,0,0.0001,0.0004760000000000001,0.0
Lamb_office_Peggy,2017-05-28,previous_week,8.9,0.0004760000000000001,0.0,False,False,0,0.0001,0.0004760000000000001,0.0
Lamb_office_Peggy,2017-05-28,ridge,8.9,0.0004760000000000001,0.0,False,True,15,-0.6399,,
Lamb_office_Peggy,2017-05-28,gradient_boosting,8.9,0.0004760000000000001,0.0,False,True,6,-2.6498999999999997,,
Lamb_office_Peggy,2017-05-28,perfect_foresight,8.9,0.0004760000000000001,0.0,False,False,0,0.0001,0.0004760000000000001,0.0
Lamb_office_Peggy,2017-05-29,previous_day,8.9,0.0004760000000000001,0.0,False,False,0,0.0001,0.0004760000000000001,0.0
Lamb_office_Peggy,2017-05-29,previous_week,8.9,0.0004760000000000001,0.0,False,False,0,0.0001,0.0004760000000000001,0.0
Lamb_office_Peggy,2017-05-29,ridge,8.9,0.0004760000000000001,0.0,False,True,16,-0.7799,,
Lamb_office_Peggy,2017-05-29,gradient_boosting,8.9,0.0004760000000000001,0.0,False,True,6,-2.6498999999999997,,
Lamb_office_Peggy,2017-05-29,perfect_foresight,8.9,0.0004760000000000001,0.0,False,False,0,0.0001,0.0004760000000000001,0.0
Lamb_office_Peggy,2017-05-30,previous_day,8.9,0.0004760000000000001,0.0,False,False,0,0.0001,0.0004760000000000001,0.0
Lamb_office_Peggy,2017-05-30,previous_week,8.9,0.0004760000000000001,0.0,False,False,0,0.0001,0.0004760000000000001,0.0
Lamb_office_Peggy,2017-05-30,ridge,8.9,0.0004760000000000001,0.0,False,True,16,-1.0099,,
Lamb_office_Peggy,2017-05-30,gradient_boosting,8.9,0.0004760000000000001,0.0,False,True,6,-2.6498999999999997,,
Lamb_office_Peggy,2017-05-30,perfect_foresight,8.9,0.0004760000000000001,0.0,False,False,0,0.0001,0.0004760000000000001,0.0
Lamb_office_Peggy,2017-05-31,previous_day,8.9,0.0004760000000000001,0.0,False,False,0,0.0001,0.0004760000000000001,0.0
Lamb_office_Peggy,2017-05-31,previous_week,8.9,0.0004760000000000001,0.0,False,False,0,0.0001,0.0004760000000000001,0.0
Lamb_office_Peggy,2017-05-31,ridge,8.9,0.0004760000000000001,0.0,False,True,16,-1.1499,,
Lamb_office_Peggy,2017-05-31,gradient_boosting,8.9,0.0004760000000000001,0.0,False,True,6,-2.6498999999999997,,
Lamb_office_Peggy,2017-05-31,perfect_foresight,8.9,0.0004760000000000001,0.0,False,False,0,0.0001,0.0004760000000000001,0.0
Lamb_office_Peggy,2017-06-01,previous_day,8.9,0.0004760000000000001,0.0,False,False,0,0.0001,0.0004760000000000001,0.0
Lamb_office_Peggy,2017-06-01,previous_week,8.9,0.0004760000000000001,0.0,False,False,0,0.0001,0.0004760000000000001,0.0
Lamb_office_Peggy,2017-06-01,ridge,8.9,0.0004760000000000001,0.0,False,True,16,-1.1199000000000001,,
Lamb_office_Peggy,2017-06-01,gradient_boosting,8.9,0.0004760000000000001,0.0,False,True,6,-2.6698999999999997,,
Lamb_office_Peggy,2017-06-01,perfect_foresight,8.9,0.0004760000000000001,0.0,False,False,0,0.0001,0.0004760000000000001,0.0
Lamb_office_Peggy,2017-06-02,previous_day,8.9,0.0004760000000000001,0.0,False,False,0,0.0001,0.0004760000000000001,0.0
Lamb_office_Peggy,2017-06-02,previous_week,8.9,0.0004760000000000001,0.0,False,False,0,0.0001,0.0004760000000000001,0.0
Lamb_office_Peggy,2017-06-02,ridge,8.9,0.0004760000000000001,0.0,False,True,16,-0.9199,,
Lamb_office_Peggy,2017-06-02,gradient_boosting,8.9,0.0004760000000000001,0.0,False,True,6,-2.6698999999999997,,
Lamb_office_Peggy,2017-06-02,perfect_foresight,8.9,0.0004760000000000001,0.0,False,False,0,0.0001,0.0004760000000000001,0.0
Lamb_office_Peggy,2017-06-03,previous_day,8.9,0.0004760000000000001,0.0,False,False,0,0.0001,0.0004760000000000001,0.0
Lamb_office_Peggy,2017-06-03,previous_week,8.9,0.0004760000000000001,0.0,False,False,0,0.0001,0.0004760000000000001,0.0
Lamb_office_Peggy,2017-06-03,ridge,8.9,0.0004760000000000001,0.0,False,True,16,-0.7199,,
Lamb_office_Peggy,2017-06-03,gradient_boosting,8.9,0.0004760000000000001,0.0,False,True,6,-2.6698999999999997,,
Lamb_office_Peggy,2017-06-03,perfect_foresight,8.9,0.0004760000000000001,0.0,False,False,0,0.0001,0.0004760000000000001,0.0
Lamb_office_Peggy,2017-06-04,previous_day,8.9,0.0004760000000000001,0.0,False,False,0,0.0001,0.0004760000000000001,0.0
Lamb_office_Peggy,2017-06-04,previous_week,8.9,0.0004760000000000001,0.0,False,False,0,0.0001,0.0004760000000000001,0.0
Lamb_office_Peggy,2017-06-04,ridge,8.9,0.0004760000000000001,0.0,False,True,16,-0.6699,,
Lamb_office_Peggy,2017-06-04,gradient_boosting,8.9,0.0004760000000000001,0.0,False,True,6,-2.6698999999999997,,
Lamb_office_Peggy,2017-06-04,perfect_foresight,8.9,0.0004760000000000001,0.0,False,False,0,0.0001,0.0004760000000000001,0.0
Lamb_office_Peggy,2017-06-05,previous_day,8.9,0.0004760000000000001,0.0,False,False,0,0.0001,0.0004760000000000001,0.0
Lamb_office_Peggy,2017-06-05,previous_week,8.9,0.0004760000000000001,0.0,False,False,0,0.0001,0.0004760000000000001,0.0
Lamb_office_Peggy,2017-06-05,ridge,8.9,0.0004760000000000001,0.0,False,True,16,-0.8099000000000001,,
Lamb_office_Peggy,2017-06-05,gradient_boosting,8.9,0.0004760000000000001,0.0,False,True,6,-2.6698999999999997,,
Lamb_office_Peggy,2017-06-05,perfect_foresight,8.9,0.0004760000000000001,0.0,False,False,0,0.0001,0.0004760000000000001,0.0
Lamb_office_Peggy,2017-06-06,previous_day,8.9,0.0004760000000000001,0.0,False,False,0,0.0001,0.0004760000000000001,0.0
Lamb_office_Peggy,2017-06-06,previous_week,8.9,0.0004760000000000001,0.0,False,False,0,0.0001,0.0004760000000000001,0.0
Lamb_office_Peggy,2017-06-06,ridge,8.9,0.0004760000000000001,0.0,False,True,16,-1.0399,,
Lamb_office_Peggy,2017-06-06,gradient_boosting,8.9,0.0004760000000000001,0.0,False,True,6,-2.6698999999999997,,
Lamb_office_Peggy,2017-06-06,perfect_foresight,8.9,0.0004760000000000001,0.0,False,False,0,0.0001,0.0004760000000000001,0.0
Lamb_office_Peggy,2017-06-07,previous_day,8.9,0.0004760000000000001,0.0,False,False,0,0.0001,0.0004760000000000001,0.0
Lamb_office_Peggy,2017-06-07,previous_week,8.9,0.0004760000000000001,0.0,False,False,0,0.0001,0.0004760000000000001,0.0
Lamb_office_Peggy,2017-06-07,ridge,8.9,0.0004760000000000001,0.0,False,True,16,-1.1799,,
Lamb_office_Peggy,2017-06-07,gradient_boosting,8.9,0.0004760000000000001,0.0,False,True,6,-2.6698999999999997,,
Lamb_office_Peggy,2017-06-07,perfect_foresight,8.9,0.0004760000000000001,0.0,False,False,0,0.0001,0.0004760000000000001,0.0
Lamb_office_Peggy,2017-06-08,previous_day,8.9,0.0004760000000000001,0.0,False,False,0,0.0001,0.0004760000000000001,0.0
Lamb_office_Peggy,2017-06-08,previous_week,8.9,0.0004760000000000001,0.0,False,False,0,0.0001,0.0004760000000000001,0.0
Lamb_office_Peggy,2017-06-08,ridge,8.9,0.0004760000000000001,0.0,False,True,16,-1.1199000000000001,,
Lamb_office_Peggy,2017-06-08,gradient_boosting,8.9,0.0004760000000000001,0.0,False,True,6,-2.6698999999999997,,
Lamb_office_Peggy,2017-06-08,perfect_foresight,8.9,0.0004760000000000001,0.0,False,False,0,0.0001,0.0004760000000000001,0.0
Lamb_office_Peggy,2017-06-09,previous_day,8.9,0.0004760000000000001,0.0,False,False,0,0.0001,0.0004760000000000001,0.0
Lamb_office_Peggy,2017-06-09,previous_week,8.9,0.0004760000000000001,0.0,False,False,0,0.0001,0.0004760000000000001,0.0
Lamb_office_Peggy,2017-06-09,ridge,8.9,0.0004760000000000001,0.0,False,True,16,-0.9199,,
Lamb_office_Peggy,2017-06-09,gradient_boosting,8.9,0.0004760000000000001,0.0,False,True,6,-2.6698999999999997,,
Lamb_office_Peggy,2017-06-09,perfect_foresight,8.9,0.0004760000000000001,0.0,False,False,0,0.0001,0.0004760000000000001,0.0
Lamb_office_Peggy,2017-06-10,previous_day,8.9,0.0004760000000000001,0.0,False,False,0,0.0001,0.0004760000000000001,0.0
Lamb_office_Peggy,2017-06-10,previous_week,8.9,0.0004760000000000001,0.0,False,False,0,0.0001,0.0004760000000000001,0.0
Lamb_office_Peggy,2017-06-10,ridge,8.9,0.0004760000000000001,0.0,False,True,16,-0.7199,,
Lamb_office_Peggy,2017-06-10,gradient_boosting,8.9,0.0004760000000000001,0.0,False,True,6,-2.6698999999999997,,
Lamb_office_Peggy,2017-06-10,perfect_foresight,8.9,0.0004760000000000001,0.0,False,False,0,0.0001,0.0004760000000000001,0.0
Lamb_office_Peggy,2017-06-11,previous_day,8.9,0.0004760000000000001,0.0,False,False,0,0.0001,0.0004760000000000001,0.0
Lamb_office_Peggy,2017-06-11,previous_week,8.9,0.0004760000000000001,0.0,False,False,0,0.0001,0.0004760000000000001,0.0
Lamb_office_Peggy,2017-06-11,ridge,8.9,0.0004760000000000001,0.0,False,True,16,-0.6699,,
Lamb_office_Peggy,2017-06-11,gradient_boosting,8.9,0.0004760000000000001,0.0,False,True,6,-2.6698999999999997,,
Lamb_office_Peggy,2017-06-11,perfect_foresight,8.9,0.0004760000000000001,0.0,False,False,0,0.0001,0.0004760000000000001,0.0
Lamb_office_Peggy,2017-06-12,previous_day,8.9,0.0004760000000000001,0.0,False,False,0,0.0001,0.0004760000000000001,0.0
Lamb_office_Peggy,2017-06-12,previous_week,8.9,0.0004760000000000001,0.0,False,False,0,0.0001,0.0004760000000000001,0.0
Lamb_office_Peggy,2017-06-12,ridge,8.9,0.0004760000000000001,0.0,False,True,16,-0.8099000000000001,,
Lamb_office_Peggy,2017-06-12,gradient_boosting,8.9,0.0004760000000000001,0.0,False,True,6,-2.6698999999999997,,
Lamb_office_Peggy,2017-06-12,perfect_foresight,8.9,0.0004760000000000001,0.0,False,False,0,0.0001,0.0004760000000000001,0.0
Lamb_office_Peggy,2017-06-13,previous_day,8.9,0.0004760000000000001,0.0,False,False,0,0.0001,0.0004760000000000001,0.0
Lamb_office_Peggy,2017-06-13,previous_week,8.9,0.0004760000000000001,0.0,False,False,0,0.0001,0.0004760000000000001,0.0
Lamb_office_Peggy,2017-06-13,ridge,8.9,0.0004760000000000001,0.0,False,True,16,-1.0399,,
Lamb_office_Peggy,2017-06-13,gradient_boosting,8.9,0.0004760000000000001,0.0,False,True,6,-2.6698999999999997,,
Lamb_office_Peggy,2017-06-13,perfect_foresight,8.9,0.0004760000000000001,0.0,False,False,0,0.0001,0.0004760000000000001,0.0
Lamb_office_Peggy,2017-06-14,previous_day,8.9,0.0004760000000000001,0.0,False,False,0,0.0001,0.0004760000000000001,0.0
Lamb_office_Peggy,2017-06-14,previous_week,8.9,0.0004760000000000001,0.0,False,False,0,0.0001,0.0004760000000000001,0.0
Lamb_office_Peggy,2017-06-14,ridge,8.9,0.0004760000000000001,0.0,False,True,16,-1.1799,,
Lamb_office_Peggy,2017-06-14,gradient_boosting,8.9,0.0004760000000000001,0.0,False,True,6,-2.6698999999999997,,
Lamb_office_Peggy,2017-06-14,perfect_foresight,8.9,0.0004760000000000001,0.0,False,False,0,0.0001,0.0004760000000000001,0.0
Lamb_office_Peggy,2017-06-15,previous_day,8.9,0.0004760000000000001,0.0,False,False,0,0.0001,0.0004760000000000001,0.0
Lamb_office_Peggy,2017-06-15,previous_week,8.9,0.0004760000000000001,0.0,False,False,0,0.0001,0.0004760000000000001,0.0
Lamb_office_Peggy,2017-06-15,ridge,8.9,0.0004760000000000001,0.0,False,True,16,-1.1199000000000001,,
Lamb_office_Peggy,2017-06-15,gradient_boosting,8.9,0.0004760000000000001,0.0,False,True,6,-2.6698999999999997,,
Lamb_office_Peggy,2017-06-15,perfect_foresight,8.9,0.0004760000000000001,0.0,False,False,0,0.0001,0.0004760000000000001,0.0
Lamb_office_Peggy,2017-06-16,previous_day,8.9,0.0004760000000000001,0.0,False,False,0,0.0001,0.0004760000000000001,0.0
Lamb_office_Peggy,2017-06-16,previous_week,8.9,0.0004760000000000001,0.0,False,False,0,0.0001,0.0004760000000000001,0.0
Lamb_office_Peggy,2017-06-16,ridge,8.9,0.0004760000000000001,0.0,False,True,16,-0.9199,,
Lamb_office_Peggy,2017-06-16,gradient_boosting,8.9,0.0004760000000000001,0.0,False,True,6,-2.6698999999999997,,
Lamb_office_Peggy,2017-06-16,perfect_foresight,8.9,0.0004760000000000001,0.0,False,False,0,0.0001,0.0004760000000000001,0.0
Lamb_office_Peggy,2017-06-17,previous_day,8.9,0.0004760000000000001,0.0,False,False,0,0.0001,0.0004760000000000001,0.0
Lamb_office_Peggy,2017-06-17,previous_week,8.9,0.0004760000000000001,0.0,False,False,0,0.0001,0.0004760000000000001,0.0
Lamb_office_Peggy,2017-06-17,ridge,8.9,0.0004760000000000001,0.0,False,True,16,-0.7199,,
Lamb_office_Peggy,2017-06-17,gradient_boosting,8.9,0.0004760000000000001,0.0,False,True,6,-2.6698999999999997,,
Lamb_office_Peggy,2017-06-17,perfect_foresight,8.9,0.0004760000000000001,0.0,False,False,0,0.0001,0.0004760000000000001,0.0
Lamb_office_Peggy,2017-06-18,previous_day,8.9,0.0004760000000000001,0.0,False,False,0,0.0001,0.0004760000000000001,0.0
Lamb_office_Peggy,2017-06-18,previous_week,8.9,0.0004760000000000001,0.0,False,False,0,0.0001,0.0004760000000000001,0.0
Lamb_office_Peggy,2017-06-18,ridge,8.9,0.0004760000000000001,0.0,False,True,16,-0.6699,,
Lamb_office_Peggy,2017-06-18,gradient_boosting,8.9,0.0004760000000000001,0.0,False,True,6,-2.6698999999999997,,
Lamb_office_Peggy,2017-06-18,perfect_foresight,8.9,0.0004760000000000001,0.0,False,False,0,0.0001,0.0004760000000000001,0.0
Lamb_office_Peggy,2017-06-19,previous_day,8.9,0.0004760000000000001,0.0,False,False,0,0.0001,0.0004760000000000001,0.0
Lamb_office_Peggy,2017-06-19,previous_week,8.9,0.0004760000000000001,0.0,False,False,0,0.0001,0.0004760000000000001,0.0
Lamb_office_Peggy,2017-06-19,ridge,8.9,0.0004760000000000001,0.0,False,True,16,-0.8099000000000001,,
Lamb_office_Peggy,2017-06-19,gradient_boosting,8.9,0.0004760000000000001,0.0,False,True,6,-2.6698999999999997,,
Lamb_office_Peggy,2017-06-19,perfect_foresight,8.9,0.0004760000000000001,0.0,False,False,0,0.0001,0.0004760000000000001,0.0
Lamb_office_Peggy,2017-06-20,previous_day,8.9,0.0004760000000000001,0.0,False,False,0,0.0001,0.0004760000000000001,0.0
Lamb_office_Peggy,2017-06-20,previous_week,8.9,0.0004760000000000001,0.0,False,False,0,0.0001,0.0004760000000000001,0.0
Lamb_office_Peggy,2017-06-20,ridge,8.9,0.0004760000000000001,0.0,False,True,16,-1.0399,,
Lamb_office_Peggy,2017-06-20,gradient_boosting,8.9,0.0004760000000000001,0.0,False,True,6,-2.6698999999999997,,
Lamb_office_Peggy,2017-06-20,perfect_foresight,8.9,0.0004760000000000001,0.0,False,False,0,0.0001,0.0004760000000000001,0.0
Lamb_office_Peggy,2017-06-21,previous_day,8.9,0.0004760000000000001,0.0,False,False,0,0.0001,0.0004760000000000001,0.0
Lamb_office_Peggy,2017-06-21,previous_week,8.9,0.0004760000000000001,0.0,False,False,0,0.0001,0.0004760000000000001,0.0
Lamb_office_Peggy,2017-06-21,ridge,8.9,0.0004760000000000001,0.0,False,True,16,-1.1799,,
Lamb_office_Peggy,2017-06-21,gradient_boosting,8.9,0.0004760000000000001,0.0,False,True,6,-2.6698999999999997,,
Lamb_office_Peggy,2017-06-21,perfect_foresight,8.9,0.0004760000000000001,0.0,False,False,0,0.0001,0.0004760000000000001,0.0
Lamb_office_Peggy,2017-06-22,previous_day,8.9,0.0004760000000000001,0.0,False,False,0,0.0001,0.0004760000000000001,0.0
Lamb_office_Peggy,2017-06-22,previous_week,8.9,0.0004760000000000001,0.0,False,False,0,0.0001,0.0004760000000000001,0.0
Lamb_office_Peggy,2017-06-22,ridge,8.9,0.0004760000000000001,0.0,False,True,16,-1.1199000000000001,,
Lamb_office_Peggy,2017-06-22,gradient_boosting,8.9,0.0004760000000000001,0.0,False,True,6,-2.6698999999999997,,
Lamb_office_Peggy,2017-06-22,perfect_foresight,8.9,0.0004760000000000001,0.0,False,False,0,0.0001,0.0004760000000000001,0.0
Lamb_office_Peggy,2017-06-23,previous_day,8.9,0.0004760000000000001,0.0,False,False,0,0.0001,0.0004760000000000001,0.0
Lamb_office_Peggy,2017-06-23,previous_week,8.9,0.0004760000000000001,0.0,False,False,0,0.0001,0.0004760000000000001,0.0
Lamb_office_Peggy,2017-06-23,ridge,8.9,0.0004760000000000001,0.0,False,True,16,-0.9199,,
Lamb_office_Peggy,2017-06-23,gradient_boosting,8.9,0.0004760000000000001,0.0,False,True,6,-2.6698999999999997,,
Lamb_office_Peggy,2017-06-23,perfect_foresight,8.9,0.0004760000000000001,0.0,False,False,0,0.0001,0.0004760000000000001,0.0
Lamb_office_Peggy,2017-06-24,previous_day,8.9,0.0004760000000000001,0.0,False,False,0,0.0001,0.0004760000000000001,0.0
Lamb_office_Peggy,2017-06-24,previous_week,8.9,0.0004760000000000001,0.0,False,False,0,0.0001,0.0004760000000000001,0.0
Lamb_office_Peggy,2017-06-24,ridge,8.9,0.0004760000000000001,0.0,False,True,16,-0.7199,,
Lamb_office_Peggy,2017-06-24,gradient_boosting,8.9,0.0004760000000000001,0.0,False,True,6,-2.6698999999999997,,
Lamb_office_Peggy,2017-06-24,perfect_foresight,8.9,0.0004760000000000001,0.0,False,False,0,0.0001,0.0004760000000000001,0.0
Lamb_office_Peggy,2017-06-25,previous_day,8.9,0.0004760000000000001,0.0,False,False,0,0.0001,0.0004760000000000001,0.0
Lamb_office_Peggy,2017-06-25,previous_week,8.9,0.0004760000000000001,0.0,False,False,0,0.0001,0.0004760000000000001,0.0
Lamb_office_Peggy,2017-06-25,ridge,8.9,0.0004760000000000001,0.0,False,True,16,-0.6699,,
Lamb_office_Peggy,2017-06-25,gradient_boosting,8.9,0.0004760000000000001,0.0,False,True,6,-2.6698999999999997,,
Lamb_office_Peggy,2017-06-25,perfect_foresight,8.9,0.0004760000000000001,0.0,False,False,0,0.0001,0.0004760000000000001,0.0
Lamb_office_Peggy,2017-06-26,previous_day,8.9,0.0004760000000000001,0.0,False,False,0,0.0001,0.0004760000000000001,0.0
Lamb_office_Peggy,2017-06-26,previous_week,8.9,0.0004760000000000001,0.0,False,False,0,0.0001,0.0004760000000000001,0.0
Lamb_office_Peggy,2017-06-26,ridge,8.9,0.0004760000000000001,0.0,False,True,16,-0.8099000000000001,,
Lamb_office_Peggy,2017-06-26,gradient_boosting,8.9,0.0004760000000000001,0.0,False,True,6,-2.6698999999999997,,
Lamb_office_Peggy,2017-06-26,perfect_foresight,8.9,0.0004760000000000001,0.0,False,False,0,0.0001,0.0004760000000000001,0.0
Lamb_office_Peggy,2017-06-27,previous_day,8.9,0.0004760000000000001,0.0,False,False,0,0.0001,0.0004760000000000001,0.0
Lamb_office_Peggy,2017-06-27,previous_week,8.9,0.0004760000000000001,0.0,False,False,0,0.0001,0.0004760000000000001,0.0
Lamb_office_Peggy,2017-06-27,ridge,8.9,0.0004760000000000001,0.0,False,True,16,-1.0399,,
Lamb_office_Peggy,2017-06-27,gradient_boosting,8.9,0.0004760000000000001,0.0,False,True,6,-2.6698999999999997,,
Lamb_office_Peggy,2017-06-27,perfect_foresight,8.9,0.0004760000000000001,0.0,False,False,0,0.0001,0.0004760000000000001,0.0
Lamb_office_Peggy,2017-06-28,previous_day,8.9,0.0004760000000000001,0.0,False,False,0,0.0001,0.0004760000000000001,0.0
Lamb_office_Peggy,2017-06-28,previous_week,8.9,0.0004760000000000001,0.0,False,False,0,0.0001,0.0004760000000000001,0.0
Lamb_office_Peggy,2017-06-28,ridge,8.9,0.0004760000000000001,0.0,False,True,16,-1.1799,,
Lamb_office_Peggy,2017-06-28,gradient_boosting,8.9,0.0004760000000000001,0.0,False,True,6,-2.6698999999999997,,
Lamb_office_Peggy,2017-06-28,perfect_foresight,8.9,0.0004760000000000001,0.0,False,False,0,0.0001,0.0004760000000000001,0.0
Lamb_office_Peggy,2017-06-29,previous_day,8.9,0.0004760000000000001,0.0,False,False,0,0.0001,0.0004760000000000001,0.0
Lamb_office_Peggy,2017-06-29,previous_week,8.9,0.0004760000000000001,0.0,False,False,0,0.0001,0.0004760000000000001,0.0
Lamb_office_Peggy,2017-06-29,ridge,8.9,0.0004760000000000001,0.0,False,True,16,-1.1199000000000001,,
Lamb_office_Peggy,2017-06-29,gradient_boosting,8.9,0.0004760000000000001,0.0,False,True,6,-2.6698999999999997,,
Lamb_office_Peggy,2017-06-29,perfect_foresight,8.9,0.0004760000000000001,0.0,False,False,0,0.0001,0.0004760000000000001,0.0
Lamb_office_Peggy,2017-06-30,previous_day,8.9,0.0004760000000000001,0.0,False,False,0,0.0001,0.0004760000000000001,0.0
Lamb_office_Peggy,2017-06-30,previous_week,8.9,0.0004760000000000001,0.0,False,False,0,0.0001,0.0004760000000000001,0.0
Lamb_office_Peggy,2017-06-30,ridge,8.9,0.0004760000000000001,0.0,False,True,16,-0.9199,,
Lamb_office_Peggy,2017-06-30,gradient_boosting,8.9,0.0004760000000000001,0.0,False,True,6,-2.6698999999999997,,
Lamb_office_Peggy,2017-06-30,perfect_foresight,8.9,0.0004760000000000001,0.0,False,False,0,0.0001,0.0004760000000000001,0.0
Lamb_office_Peggy,2017-07-01,previous_day,8.9,0.0004760000000000001,0.0,False,False,0,0.0001,0.0004760000000000001,0.0
Lamb_office_Peggy,2017-07-01,previous_week,8.9,0.0004760000000000001,0.0,False,False,0,0.0001,0.0004760000000000001,0.0
Lamb_office_Peggy,2017-07-01,ridge,8.9,0.0004760000000000001,0.0,False,True,16,-0.7299,,
Lamb_office_Peggy,2017-07-01,gradient_boosting,8.9,0.0004760000000000001,0.0,False,True,6,-2.6698999999999997,,
Lamb_office_Peggy,2017-07-01,perfect_foresight,8.9,0.0004760000000000001,0.0,False,False,0,0.0001,0.0004760000000000001,0.0
Lamb_office_Peggy,2017-07-02,previous_day,8.9,0.0004760000000000001,0.0,False,False,0,0.0001,0.0004760000000000001,0.0
Lamb_office_Peggy,2017-07-02,previous_week,8.9,0.0004760000000000001,0.0,False,False,0,0.0001,0.0004760000000000001,0.0
Lamb_office_Peggy,2017-07-02,ridge,8.9,0.0004760000000000001,0.0,False,True,16,-0.6799000000000001,,
Lamb_office_Peggy,2017-07-02,gradient_boosting,8.9,0.0004760000000000001,0.0,False,True,6,-2.6698999999999997,,
Lamb_office_Peggy,2017-07-02,perfect_foresight,8.9,0.0004760000000000001,0.0,False,False,0,0.0001,0.0004760000000000001,0.0
Lamb_office_Peggy,2017-07-03,previous_day,8.9,0.0004760000000000001,0.0,False,False,0,0.0001,0.0004760000000000001,0.0
Lamb_office_Peggy,2017-07-03,previous_week,8.9,0.0004760000000000001,0.0,False,False,0,0.0001,0.0004760000000000001,0.0
Lamb_office_Peggy,2017-07-03,ridge,8.9,0.0004760000000000001,0.0,False,True,16,-0.8199,,
Lamb_office_Peggy,2017-07-03,gradient_boosting,8.9,0.0004760000000000001,0.0,False,True,6,-2.6698999999999997,,
Lamb_office_Peggy,2017-07-03,perfect_foresight,8.9,0.0004760000000000001,0.0,False,False,0,0.0001,0.0004760000000000001,0.0
Lamb_office_Peggy,2017-07-04,previous_day,8.9,0.0004760000000000001,0.0,False,False,0,0.0001,0.0004760000000000001,0.0
Lamb_office_Peggy,2017-07-04,previous_week,8.9,0.0004760000000000001,0.0,False,False,0,0.0001,0.0004760000000000001,0.0
Lamb_office_Peggy,2017-07-04,ridge,8.9,0.0004760000000000001,0.0,False,True,16,-1.0499,,
Lamb_office_Peggy,2017-07-04,gradient_boosting,8.9,0.0004760000000000001,0.0,False,True,6,-2.6698999999999997,,
Lamb_office_Peggy,2017-07-04,perfect_foresight,8.9,0.0004760000000000001,0.0,False,False,0,0.0001,0.0004760000000000001,0.0
Lamb_office_Peggy,2017-07-05,previous_day,8.9,0.0004760000000000001,0.0,False,False,0,0.0001,0.0004760000000000001,0.0
Lamb_office_Peggy,2017-07-05,previous_week,8.9,0.0004760000000000001,0.0,False,False,0,0.0001,0.0004760000000000001,0.0
Lamb_office_Peggy,2017-07-05,ridge,8.9,0.0004760000000000001,0.0,False,True,15,-1.1899,,
Lamb_office_Peggy,2017-07-05,gradient_boosting,8.9,0.0004760000000000001,0.0,False,True,6,-2.6698999999999997,,
Lamb_office_Peggy,2017-07-05,perfect_foresight,8.9,0.0004760000000000001,0.0,False,False,0,0.0001,0.0004760000000000001,0.0
Lamb_office_Peggy,2017-07-06,previous_day,8.9,0.0004760000000000001,0.0,False,False,0,0.0001,0.0004760000000000001,0.0
Lamb_office_Peggy,2017-07-06,previous_week,8.9,0.0004760000000000001,0.0,False,False,0,0.0001,0.0004760000000000001,0.0
Lamb_office_Peggy,2017-07-06,ridge,8.9,0.0004760000000000001,0.0,False,True,16,-1.1299,,
Lamb_office_Peggy,2017-07-06,gradient_boosting,8.9,0.0004760000000000001,0.0,False,True,6,-2.6698999999999997,,
Lamb_office_Peggy,2017-07-06,perfect_foresight,8.9,0.0004760000000000001,0.0,False,False,0,0.0001,0.0004760000000000001,0.0
Lamb_office_Peggy,2017-07-07,previous_day,8.9,0.0004760000000000001,0.0,False,False,0,0.0001,0.0004760000000000001,0.0
Lamb_office_Peggy,2017-07-07,previous_week,8.9,0.0004760000000000001,0.0,False,False,0,0.0001,0.0004760000000000001,0.0
Lamb_office_Peggy,2017-07-07,ridge,8.9,0.0004760000000000001,0.0,False,True,16,-0.9299000000000001,,
Lamb_office_Peggy,2017-07-07,gradient_boosting,8.9,0.0004760000000000001,0.0,False,True,6,-2.6698999999999997,,
Lamb_office_Peggy,2017-07-07,perfect_foresight,8.9,0.0004760000000000001,0.0,False,False,0,0.0001,0.0004760000000000001,0.0
Lamb_office_Peggy,2017-07-08,previous_day,8.9,0.0004760000000000001,0.0,False,False,0,0.0001,0.0004760000000000001,0.0
Lamb_office_Peggy,2017-07-08,previous_week,8.9,0.0004760000000000001,0.0,False,False,0,0.0001,0.0004760000000000001,0.0
Lamb_office_Peggy,2017-07-08,ridge,8.9,0.0004760000000000001,0.0,False,True,16,-0.7299,,
Lamb_office_Peggy,2017-07-08,gradient_boosting,8.9,0.0004760000000000001,0.0,False,True,6,-2.6698999999999997,,
Lamb_office_Peggy,2017-07-08,perfect_foresight,8.9,0.0004760000000000001,0.0,False,False,0,0.0001,0.0004760000000000001,0.0
Lamb_office_Peggy,2017-07-09,previous_day,8.9,0.0004760000000000001,0.0,False,False,0,0.0001,0.0004760000000000001,0.0
Lamb_office_Peggy,2017-07-09,previous_week,8.9,0.0004760000000000001,0.0,False,False,0,0.0001,0.0004760000000000001,0.0
Lamb_office_Peggy,2017-07-09,ridge,8.9,0.0004760000000000001,0.0,False,True,16,-0.6799000000000001,,
Lamb_office_Peggy,2017-07-09,gradient_boosting,8.9,0.0004760000000000001,0.0,False,True,6,-2.6698999999999997,,
Lamb_office_Peggy,2017-07-09,perfect_foresight,8.9,0.0004760000000000001,0.0,False,False,0,0.0001,0.0004760000000000001,0.0
Lamb_office_Peggy,2017-07-10,previous_day,8.9,0.0004760000000000001,0.0,False,False,0,0.0001,0.0004760000000000001,0.0
Lamb_office_Peggy,2017-07-10,previous_week,8.9,0.0004760000000000001,0.0,False,False,0,0.0001,0.0004760000000000001,0.0
Lamb_office_Peggy,2017-07-10,ridge,8.9,0.0004760000000000001,0.0,False,True,16,-0.8199,,
Lamb_office_Peggy,2017-07-10,gradient_boosting,8.9,0.0004760000000000001,0.0,False,True,6,-2.6698999999999997,,
Lamb_office_Peggy,2017-07-10,perfect_foresight,8.9,0.0004760000000000001,0.0,False,False,0,0.0001,0.0004760000000000001,0.0
Lamb_office_Peggy,2017-07-11,previous_day,8.9,0.0004760000000000001,0.0,False,False,0,0.0001,0.0004760000000000001,0.0
Lamb_office_Peggy,2017-07-11,previous_week,8.9,0.0004760000000000001,0.0,False,False,0,0.0001,0.0004760000000000001,0.0
Lamb_office_Peggy,2017-07-11,ridge,8.9,0.0004760000000000001,0.0,False,True,16,-1.0499,,
Lamb_office_Peggy,2017-07-11,gradient_boosting,8.9,0.0004760000000000001,0.0,False,True,6,-2.6698999999999997,,
Lamb_office_Peggy,2017-07-11,perfect_foresight,8.9,0.0004760000000000001,0.0,False,False,0,0.0001,0.0004760000000000001,0.0
Lamb_office_Peggy,2017-07-12,previous_day,8.9,0.0004760000000000001,0.0,False,False,0,0.0001,0.0004760000000000001,0.0
Lamb_office_Peggy,2017-07-12,previous_week,8.9,0.0004760000000000001,0.0,False,False,0,0.0001,0.0004760000000000001,0.0
Lamb_office_Peggy,2017-07-12,ridge,8.9,0.0004760000000000001,0.0,False,True,15,-1.1899,,
Lamb_office_Peggy,2017-07-12,gradient_boosting,8.9,0.0004760000000000001,0.0,False,True,6,-2.6698999999999997,,
Lamb_office_Peggy,2017-07-12,perfect_foresight,8.9,0.0004760000000000001,0.0,False,False,0,0.0001,0.0004760000000000001,0.0
Lamb_office_Peggy,2017-07-13,previous_day,8.9,0.0004760000000000001,0.0,False,False,0,0.0001,0.0004760000000000001,0.0
Lamb_office_Peggy,2017-07-13,previous_week,8.9,0.0004760000000000001,0.0,False,False,0,0.0001,0.0004760000000000001,0.0
Lamb_office_Peggy,2017-07-13,ridge,8.9,0.0004760000000000001,0.0,False,True,16,-1.1299,,
Lamb_office_Peggy,2017-07-13,gradient_boosting,8.9,0.0004760000000000001,0.0,False,True,6,-2.6698999999999997,,
Lamb_office_Peggy,2017-07-13,perfect_foresight,8.9,0.0004760000000000001,0.0,False,False,0,0.0001,0.0004760000000000001,0.0
Lamb_office_Peggy,2017-07-14,previous_day,8.9,0.0004760000000000001,0.0,False,False,0,0.0001,0.0004760000000000001,0.0
Lamb_office_Peggy,2017-07-14,previous_week,8.9,0.0004760000000000001,0.0,False,False,0,0.0001,0.0004760000000000001,0.0
Lamb_office_Peggy,2017-07-14,ridge,8.9,0.0004760000000000001,0.0,False,True,16,-0.9299000000000001,,
Lamb_office_Peggy,2017-07-14,gradient_boosting,8.9,0.0004760000000000001,0.0,False,True,6,-2.6698999999999997,,
Lamb_office_Peggy,2017-07-14,perfect_foresight,8.9,0.0004760000000000001,0.0,False,False,0,0.0001,0.0004760000000000001,0.0
Lamb_office_Peggy,2017-07-15,previous_day,8.9,0.0004760000000000001,0.0,False,False,0,0.0001,0.0004760000000000001,0.0
Lamb_office_Peggy,2017-07-15,previous_week,8.9,0.0004760000000000001,0.0,False,False,0,0.0001,0.0004760000000000001,0.0
Lamb_office_Peggy,2017-07-15,ridge,8.9,0.0004760000000000001,0.0,False,True,16,-0.7299,,
Lamb_office_Peggy,2017-07-15,gradient_boosting,8.9,0.0004760000000000001,0.0,False,True,6,-2.6698999999999997,,
Lamb_office_Peggy,2017-07-15,perfect_foresight,8.9,0.0004760000000000001,0.0,False,False,0,0.0001,0.0004760000000000001,0.0
Lamb_office_Peggy,2017-07-16,previous_day,8.9,0.0004760000000000001,0.0,False,False,0,0.0001,0.0004760000000000001,0.0
Lamb_office_Peggy,2017-07-16,previous_week,8.9,0.0004760000000000001,0.0,False,False,0,0.0001,0.0004760000000000001,0.0
Lamb_office_Peggy,2017-07-16,ridge,8.9,0.0004760000000000001,0.0,False,True,16,-0.6799000000000001,,
Lamb_office_Peggy,2017-07-16,gradient_boosting,8.9,0.0004760000000000001,0.0,False,True,6,-2.6698999999999997,,
Lamb_office_Peggy,2017-07-16,perfect_foresight,8.9,0.0004760000000000001,0.0,False,False,0,0.0001,0.0004760000000000001,0.0
Lamb_office_Peggy,2017-07-17,previous_day,8.9,0.0004760000000000001,0.0,False,False,0,0.0001,0.0004760000000000001,0.0
Lamb_office_Peggy,2017-07-17,previous_week,8.9,0.0004760000000000001,0.0,False,False,0,0.0001,0.0004760000000000001,0.0
Lamb_office_Peggy,2017-07-17,ridge,8.9,0.0004760000000000001,0.0,False,True,16,-0.8199,,
Lamb_office_Peggy,2017-07-17,gradient_boosting,8.9,0.0004760000000000001,0.0,False,True,6,-2.6698999999999997,,
Lamb_office_Peggy,2017-07-17,perfect_foresight,8.9,0.0004760000000000001,0.0,False,False,0,0.0001,0.0004760000000000001,0.0
Lamb_office_Peggy,2017-07-18,previous_day,8.9,0.0004760000000000001,0.0,False,False,0,0.0001,0.0004760000000000001,0.0
Lamb_office_Peggy,2017-07-18,previous_week,8.9,0.0004760000000000001,0.0,False,False,0,0.0001,0.0004760000000000001,0.0
Lamb_office_Peggy,2017-07-18,ridge,8.9,0.0004760000000000001,0.0,False,True,16,-1.0499,,
Lamb_office_Peggy,2017-07-18,gradient_boosting,8.9,0.0004760000000000001,0.0,False,True,6,-2.6698999999999997,,
Lamb_office_Peggy,2017-07-18,perfect_foresight,8.9,0.0004760000000000001,0.0,False,False,0,0.0001,0.0004760000000000001,0.0
Lamb_office_Peggy,2017-07-19,previous_day,8.9,0.0004760000000000001,0.0,False,False,0,0.0001,0.0004760000000000001,0.0
Lamb_office_Peggy,2017-07-19,previous_week,8.9,0.0004760000000000001,0.0,False,False,0,0.0001,0.0004760000000000001,0.0
Lamb_office_Peggy,2017-07-19,ridge,8.9,0.0004760000000000001,0.0,False,True,15,-1.1899,,
Lamb_office_Peggy,2017-07-19,gradient_boosting,8.9,0.0004760000000000001,0.0,False,True,6,-2.6698999999999997,,
Lamb_office_Peggy,2017-07-19,perfect_foresight,8.9,0.0004760000000000001,0.0,False,False,0,0.0001,0.0004760000000000001,0.0
Lamb_office_Peggy,2017-07-20,previous_day,8.9,0.0004760000000000001,0.0,False,False,0,0.0001,0.0004760000000000001,0.0
Lamb_office_Peggy,2017-07-20,previous_week,8.9,0.0004760000000000001,0.0,False,False,0,0.0001,0.0004760000000000001,0.0
Lamb_office_Peggy,2017-07-20,ridge,8.9,0.0004760000000000001,0.0,False,True,16,-1.1299,,
Lamb_office_Peggy,2017-07-20,gradient_boosting,8.9,0.0004760000000000001,0.0,False,True,6,-2.6698999999999997,,
Lamb_office_Peggy,2017-07-20,perfect_foresight,8.9,0.0004760000000000001,0.0,False,False,0,0.0001,0.0004760000000000001,0.0
Lamb_office_Peggy,2017-07-21,previous_day,8.9,0.0004760000000000001,0.0,False,False,0,0.0001,0.0004760000000000001,0.0
Lamb_office_Peggy,2017-07-21,previous_week,8.9,0.0004760000000000001,0.0,False,False,0,0.0001,0.0004760000000000001,0.0
Lamb_office_Peggy,2017-07-21,ridge,8.9,0.0004760000000000001,0.0,False,True,16,-0.9299000000000001,,
Lamb_office_Peggy,2017-07-21,gradient_boosting,8.9,0.0004760000000000001,0.0,False,True,6,-2.6698999999999997,,
Lamb_office_Peggy,2017-07-21,perfect_foresight,8.9,0.0004760000000000001,0.0,False,False,0,0.0001,0.0004760000000000001,0.0
Lamb_office_Peggy,2017-07-22,previous_day,8.9,0.0004760000000000001,0.0,False,False,0,0.0001,0.0004760000000000001,0.0
Lamb_office_Peggy,2017-07-22,previous_week,8.9,0.0004760000000000001,0.0,False,False,0,0.0001,0.0004760000000000001,0.0
Lamb_office_Peggy,2017-07-22,ridge,8.9,0.0004760000000000001,0.0,False,True,16,-0.7299,,
Lamb_office_Peggy,2017-07-22,gradient_boosting,8.9,0.0004760000000000001,0.0,False,True,6,-2.6698999999999997,,
Lamb_office_Peggy,2017-07-22,perfect_foresight,8.9,0.0004760000000000001,0.0,False,False,0,0.0001,0.0004760000000000001,0.0
Lamb_office_Peggy,2017-07-23,previous_day,8.9,0.0004760000000000001,0.0,False,False,0,0.0001,0.0004760000000000001,0.0
Lamb_office_Peggy,2017-07-23,previous_week,8.9,0.0004760000000000001,0.0,False,False,0,0.0001,0.0004760000000000001,0.0
Lamb_office_Peggy,2017-07-23,ridge,8.9,0.0004760000000000001,0.0,False,True,16,-0.6799000000000001,,
Lamb_office_Peggy,2017-07-23,gradient_boosting,8.9,0.0004760000000000001,0.0,False,True,6,-2.6698999999999997,,
Lamb_office_Peggy,2017-07-23,perfect_foresight,8.9,0.0004760000000000001,0.0,False,False,0,0.0001,0.0004760000000000001,0.0
Lamb_office_Peggy,2017-07-24,previous_day,8.9,0.0004760000000000001,0.0,False,False,0,0.0001,0.0004760000000000001,0.0
Lamb_office_Peggy,2017-07-24,previous_week,8.9,0.0004760000000000001,0.0,False,False,0,0.0001,0.0004760000000000001,0.0
Lamb_office_Peggy,2017-07-24,ridge,8.9,0.0004760000000000001,0.0,False,True,16,-0.8199,,
Lamb_office_Peggy,2017-07-24,gradient_boosting,8.9,0.0004760000000000001,0.0,False,True,6,-2.6698999999999997,,
Lamb_office_Peggy,2017-07-24,perfect_foresight,8.9,0.0004760000000000001,0.0,False,False,0,0.0001,0.0004760000000000001,0.0
Lamb_office_Peggy,2017-07-25,previous_day,8.9,0.0004760000000000001,0.0,False,False,0,0.0001,0.0004760000000000001,0.0
Lamb_office_Peggy,2017-07-25,previous_week,8.9,0.0004760000000000001,0.0,False,False,0,0.0001,0.0004760000000000001,0.0
Lamb_office_Peggy,2017-07-25,ridge,8.9,0.0004760000000000001,0.0,False,True,16,-1.0499,,
Lamb_office_Peggy,2017-07-25,gradient_boosting,8.9,0.0004760000000000001,0.0,False,True,6,-2.6698999999999997,,
Lamb_office_Peggy,2017-07-25,perfect_foresight,8.9,0.0004760000000000001,0.0,False,False,0,0.0001,0.0004760000000000001,0.0
Lamb_office_Peggy,2017-07-26,previous_day,8.9,0.0004760000000000001,0.0,False,False,0,0.0001,0.0004760000000000001,0.0
Lamb_office_Peggy,2017-07-26,previous_week,8.9,0.0004760000000000001,0.0,False,False,0,0.0001,0.0004760000000000001,0.0
Lamb_office_Peggy,2017-07-26,ridge,8.9,0.0004760000000000001,0.0,False,True,15,-1.1899,,
Lamb_office_Peggy,2017-07-26,gradient_boosting,8.9,0.0004760000000000001,0.0,False,True,6,-2.6698999999999997,,
Lamb_office_Peggy,2017-07-26,perfect_foresight,8.9,0.0004760000000000001,0.0,False,False,0,0.0001,0.0004760000000000001,0.0
Lamb_office_Peggy,2017-07-27,previous_day,8.9,0.0004760000000000001,0.0,False,False,0,0.0001,0.0004760000000000001,0.0
Lamb_office_Peggy,2017-07-27,previous_week,8.9,0.0004760000000000001,0.0,False,False,0,0.0001,0.0004760000000000001,0.0
Lamb_office_Peggy,2017-07-27,ridge,8.9,0.0004760000000000001,0.0,False,True,16,-1.1299,,
Lamb_office_Peggy,2017-07-27,gradient_boosting,8.9,0.0004760000000000001,0.0,False,True,6,-2.6698999999999997,,
Lamb_office_Peggy,2017-07-27,perfect_foresight,8.9,0.0004760000000000001,0.0,False,False,0,0.0001,0.0004760000000000001,0.0
Lamb_office_Peggy,2017-07-28,previous_day,8.9,0.0004760000000000001,0.0,False,False,0,0.0001,0.0004760000000000001,0.0
Lamb_office_Peggy,2017-07-28,previous_week,8.9,0.0004760000000000001,0.0,False,False,0,0.0001,0.0004760000000000001,0.0
Lamb_office_Peggy,2017-07-28,ridge,8.9,0.0004760000000000001,0.0,False,True,16,-0.9299000000000001,,
Lamb_office_Peggy,2017-07-28,gradient_boosting,8.9,0.0004760000000000001,0.0,False,True,6,-2.6698999999999997,,
Lamb_office_Peggy,2017-07-28,perfect_foresight,8.9,0.0004760000000000001,0.0,False,False,0,0.0001,0.0004760000000000001,0.0
Lamb_office_Peggy,2017-07-29,previous_day,8.9,0.0004760000000000001,0.0,False,False,0,0.0001,0.0004760000000000001,0.0
Lamb_office_Peggy,2017-07-29,previous_week,8.9,0.0004760000000000001,0.0,False,False,0,0.0001,0.0004760000000000001,0.0
Lamb_office_Peggy,2017-07-29,ridge,8.9,0.0004760000000000001,0.0,False,True,16,-0.7299,,
Lamb_office_Peggy,2017-07-29,gradient_boosting,8.9,0.0004760000000000001,0.0,False,True,6,-2.6698999999999997,,
Lamb_office_Peggy,2017-07-29,perfect_foresight,8.9,0.0004760000000000001,0.0,False,False,0,0.0001,0.0004760000000000001,0.0
Lamb_office_Peggy,2017-07-30,previous_day,8.9,0.0004760000000000001,0.0,False,False,0,0.0001,0.0004760000000000001,0.0
Lamb_office_Peggy,2017-07-30,previous_week,8.9,0.0004760000000000001,0.0,False,False,0,0.0001,0.0004760000000000001,0.0
Lamb_office_Peggy,2017-07-30,ridge,8.9,0.0004760000000000001,0.0,False,True,16,-0.6799000000000001,,
Lamb_office_Peggy,2017-07-30,gradient_boosting,8.9,0.0004760000000000001,0.0,False,True,6,-2.6698999999999997,,
Lamb_office_Peggy,2017-07-30,perfect_foresight,8.9,0.0004760000000000001,0.0,False,False,0,0.0001,0.0004760000000000001,0.0
Lamb_office_Peggy,2017-07-31,previous_day,8.9,0.0004760000000000001,0.0,False,False,0,0.0001,0.0004760000000000001,0.0
Lamb_office_Peggy,2017-07-31,previous_week,8.9,0.0004760000000000001,0.0,False,False,0,0.0001,0.0004760000000000001,0.0
Lamb_office_Peggy,2017-07-31,ridge,8.9,0.0004760000000000001,0.0,False,True,16,-0.8199,,
Lamb_office_Peggy,2017-07-31,gradient_boosting,8.9,0.0004760000000000001,0.0,False,True,6,-2.6698999999999997,,
Lamb_office_Peggy,2017-07-31,perfect_foresight,8.9,0.0004760000000000001,0.0,False,False,0,0.0001,0.0004760000000000001,0.0
Lamb_office_Peggy,2017-08-01,previous_day,8.9,0.0004760000000000001,0.0,False,False,0,0.0001,0.0004760000000000001,0.0
Lamb_office_Peggy,2017-08-01,previous_week,8.9,0.0004760000000000001,0.0,False,False,0,0.0001,0.0004760000000000001,0.0
Lamb_office_Peggy,2017-08-01,ridge,8.9,0.0004760000000000001,0.0,False,True,16,-1.0399,,
Lamb_office_Peggy,2017-08-01,gradient_boosting,8.9,0.0004760000000000001,0.0,False,True,6,-2.6698999999999997,,
Lamb_office_Peggy,2017-08-01,perfect_foresight,8.9,0.0004760000000000001,0.0,False,False,0,0.0001,0.0004760000000000001,0.0
Lamb_office_Peggy,2017-08-02,previous_day,8.9,0.0004760000000000001,0.0,False,False,0,0.0001,0.0004760000000000001,0.0
Lamb_office_Peggy,2017-08-02,previous_week,8.9,0.0004760000000000001,0.0,False,False,0,0.0001,0.0004760000000000001,0.0
Lamb_office_Peggy,2017-08-02,ridge,8.9,0.0004760000000000001,0.0,False,True,16,-1.1799,,
Lamb_office_Peggy,2017-08-02,gradient_boosting,8.9,0.0004760000000000001,0.0,False,True,6,-2.6698999999999997,,
Lamb_office_Peggy,2017-08-02,perfect_foresight,8.9,0.0004760000000000001,0.0,False,False,0,0.0001,0.0004760000000000001,0.0
Lamb_office_Peggy,2017-08-03,previous_day,8.9,0.0004760000000000001,0.0,False,False,0,0.0001,0.0004760000000000001,0.0
Lamb_office_Peggy,2017-08-03,previous_week,8.9,0.0004760000000000001,0.0,False,False,0,0.0001,0.0004760000000000001,0.0
Lamb_office_Peggy,2017-08-03,ridge,8.9,0.0004760000000000001,0.0,False,True,16,-1.1299,,
Lamb_office_Peggy,2017-08-03,gradient_boosting,8.9,0.0004760000000000001,0.0,False,True,6,-2.6698999999999997,,
Lamb_office_Peggy,2017-08-03,perfect_foresight,8.9,0.0004760000000000001,0.0,False,False,0,0.0001,0.0004760000000000001,0.0
Lamb_office_Peggy,2017-08-04,previous_day,8.9,0.0004760000000000001,0.0,False,False,0,0.0001,0.0004760000000000001,0.0
Lamb_office_Peggy,2017-08-04,previous_week,8.9,0.0004760000000000001,0.0,False,False,0,0.0001,0.0004760000000000001,0.0
Lamb_office_Peggy,2017-08-04,ridge,8.9,0.0004760000000000001,0.0,False,True,16,-0.9199,,
Lamb_office_Peggy,2017-08-04,gradient_boosting,8.9,0.0004760000000000001,0.0,False,True,6,-2.6698999999999997,,
Lamb_office_Peggy,2017-08-04,perfect_foresight,8.9,0.0004760000000000001,0.0,False,False,0,0.0001,0.0004760000000000001,0.0
Lamb_office_Peggy,2017-08-05,previous_day,8.9,0.0004760000000000001,0.0,False,False,0,0.0001,0.0004760000000000001,0.0
Lamb_office_Peggy,2017-08-05,previous_week,8.9,0.0004760000000000001,0.0,False,False,0,0.0001,0.0004760000000000001,0.0
Lamb_office_Peggy,2017-08-05,ridge,8.9,0.0004760000000000001,0.0,False,True,16,-0.7199,,
Lamb_office_Peggy,2017-08-05,gradient_boosting,8.9,0.0004760000000000001,0.0,False,True,6,-2.6698999999999997,,
Lamb_office_Peggy,2017-08-05,perfect_foresight,8.9,0.0004760000000000001,0.0,False,False,0,0.0001,0.0004760000000000001,0.0
Lamb_office_Peggy,2017-08-06,previous_day,8.9,0.0004760000000000001,0.0,False,False,0,0.0001,0.0004760000000000001,0.0
Lamb_office_Peggy,2017-08-06,previous_week,8.9,0.0004760000000000001,0.0,False,False,0,0.0001,0.0004760000000000001,0.0
Lamb_office_Peggy,2017-08-06,ridge,8.9,0.0004760000000000001,0.0,False,True,16,-0.6699,,
Lamb_office_Peggy,2017-08-06,gradient_boosting,8.9,0.0004760000000000001,0.0,False,True,6,-2.6698999999999997,,
Lamb_office_Peggy,2017-08-06,perfect_foresight,8.9,0.0004760000000000001,0.0,False,False,0,0.0001,0.0004760000000000001,0.0
Lamb_office_Peggy,2017-08-07,previous_day,8.9,0.0004760000000000001,0.0,False,False,0,0.0001,0.0004760000000000001,0.0
Lamb_office_Peggy,2017-08-07,previous_week,8.9,0.0004760000000000001,0.0,False,False,0,0.0001,0.0004760000000000001,0.0
Lamb_office_Peggy,2017-08-07,ridge,8.9,0.0004760000000000001,0.0,False,True,16,-0.8099000000000001,,
Lamb_office_Peggy,2017-08-07,gradient_boosting,8.9,0.0004760000000000001,0.0,False,True,6,-2.6698999999999997,,
Lamb_office_Peggy,2017-08-07,perfect_foresight,8.9,0.0004760000000000001,0.0,False,False,0,0.0001,0.0004760000000000001,0.0
Lamb_office_Peggy,2017-08-08,previous_day,8.9,0.0004760000000000001,0.0,False,False,0,0.0001,0.0004760000000000001,0.0
Lamb_office_Peggy,2017-08-08,previous_week,8.9,0.0004760000000000001,0.0,False,False,0,0.0001,0.0004760000000000001,0.0
Lamb_office_Peggy,2017-08-08,ridge,8.9,0.0004760000000000001,0.0,False,True,16,-1.0399,,
Lamb_office_Peggy,2017-08-08,gradient_boosting,8.9,0.0004760000000000001,0.0,False,True,6,-2.6698999999999997,,
Lamb_office_Peggy,2017-08-08,perfect_foresight,8.9,0.0004760000000000001,0.0,False,False,0,0.0001,0.0004760000000000001,0.0
Lamb_office_Peggy,2017-08-09,previous_day,8.9,0.0004760000000000001,0.0,False,False,0,0.0001,0.0004760000000000001,0.0
Lamb_office_Peggy,2017-08-09,previous_week,8.9,0.0004760000000000001,0.0,False,False,0,0.0001,0.0004760000000000001,0.0
Lamb_office_Peggy,2017-08-09,ridge,8.9,0.0004760000000000001,0.0,False,True,16,-1.1799,,
Lamb_office_Peggy,2017-08-09,gradient_boosting,8.9,0.0004760000000000001,0.0,False,True,6,-2.6698999999999997,,
Lamb_office_Peggy,2017-08-09,perfect_foresight,8.9,0.0004760000000000001,0.0,False,False,0,0.0001,0.0004760000000000001,0.0
Lamb_office_Peggy,2017-08-10,previous_day,8.9,0.0004760000000000001,0.0,False,False,0,0.0001,0.0004760000000000001,0.0
Lamb_office_Peggy,2017-08-10,previous_week,8.9,0.0004760000000000001,0.0,False,False,0,0.0001,0.0004760000000000001,0.0
Lamb_office_Peggy,2017-08-10,ridge,8.9,0.0004760000000000001,0.0,False,True,16,-1.1299,,
Lamb_office_Peggy,2017-08-10,gradient_boosting,8.9,0.0004760000000000001,0.0,False,True,6,-2.6698999999999997,,
Lamb_office_Peggy,2017-08-10,perfect_foresight,8.9,0.0004760000000000001,0.0,False,False,0,0.0001,0.0004760000000000001,0.0
Lamb_office_Peggy,2017-08-11,previous_day,8.9,0.0004760000000000001,0.0,False,False,0,0.0001,0.0004760000000000001,0.0
Lamb_office_Peggy,2017-08-11,previous_week,8.9,0.0004760000000000001,0.0,False,False,0,0.0001,0.0004760000000000001,0.0
Lamb_office_Peggy,2017-08-11,ridge,8.9,0.0004760000000000001,0.0,False,True,16,-0.9199,,
Lamb_office_Peggy,2017-08-11,gradient_boosting,8.9,0.0004760000000000001,0.0,False,True,6,-2.6698999999999997,,
Lamb_office_Peggy,2017-08-11,perfect_foresight,8.9,0.0004760000000000001,0.0,False,False,0,0.0001,0.0004760000000000001,0.0
Lamb_office_Peggy,2017-08-12,previous_day,8.9,0.0004760000000000001,0.0,False,False,0,0.0001,0.0004760000000000001,0.0
Lamb_office_Peggy,2017-08-12,previous_week,8.9,0.0004760000000000001,0.0,False,False,0,0.0001,0.0004760000000000001,0.0
Lamb_office_Peggy,2017-08-12,ridge,8.9,0.0004760000000000001,0.0,False,True,16,-0.7199,,
Lamb_office_Peggy,2017-08-12,gradient_boosting,8.9,0.0004760000000000001,0.0,False,True,6,-2.6698999999999997,,
Lamb_office_Peggy,2017-08-12,perfect_foresight,8.9,0.0004760000000000001,0.0,False,False,0,0.0001,0.0004760000000000001,0.0
Lamb_office_Peggy,2017-08-13,previous_day,8.9,0.0004760000000000001,0.0,False,False,0,0.0001,0.0004760000000000001,0.0
Lamb_office_Peggy,2017-08-13,previous_week,8.9,0.0004760000000000001,0.0,False,False,0,0.0001,0.0004760000000000001,0.0
Lamb_office_Peggy,2017-08-13,ridge,8.9,0.0004760000000000001,0.0,False,True,16,-0.6699,,
Lamb_office_Peggy,2017-08-13,gradient_boosting,8.9,0.0004760000000000001,0.0,False,True,6,-2.6698999999999997,,
Lamb_office_Peggy,2017-08-13,perfect_foresight,8.9,0.0004760000000000001,0.0,False,False,0,0.0001,0.0004760000000000001,0.0
Lamb_office_Peggy,2017-08-14,previous_day,8.9,0.0004760000000000001,0.0,False,False,0,0.0001,0.0004760000000000001,0.0
Lamb_office_Peggy,2017-08-14,previous_week,8.9,0.0004760000000000001,0.0,False,False,0,0.0001,0.0004760000000000001,0.0
Lamb_office_Peggy,2017-08-14,ridge,8.9,0.0004760000000000001,0.0,False,True,16,-0.8099000000000001,,
Lamb_office_Peggy,2017-08-14,gradient_boosting,8.9,0.0004760000000000001,0.0,False,True,6,-2.6698999999999997,,
Lamb_office_Peggy,2017-08-14,perfect_foresight,8.9,0.0004760000000000001,0.0,False,False,0,0.0001,0.0004760000000000001,0.0
Lamb_office_Peggy,2017-08-15,previous_day,8.9,0.0004760000000000001,0.0,False,False,0,0.0001,0.0004760000000000001,0.0
Lamb_office_Peggy,2017-08-15,previous_week,8.9,0.0004760000000000001,0.0,False,False,0,0.0001,0.0004760000000000001,0.0
Lamb_office_Peggy,2017-08-15,ridge,8.9,0.0004760000000000001,0.0,False,True,16,-1.0399,,
Lamb_office_Peggy,2017-08-15,gradient_boosting,8.9,0.0004760000000000001,0.0,False,True,6,-2.6698999999999997,,
Lamb_office_Peggy,2017-08-15,perfect_foresight,8.9,0.0004760000000000001,0.0,False,False,0,0.0001,0.0004760000000000001,0.0
Lamb_office_Peggy,2017-08-16,previous_day,8.9,0.0004760000000000001,0.0,False,False,0,0.0001,0.0004760000000000001,0.0
Lamb_office_Peggy,2017-08-16,previous_week,8.9,0.0004760000000000001,0.0,False,False,0,0.0001,0.0004760000000000001,0.0
Lamb_office_Peggy,2017-08-16,ridge,8.9,0.0004760000000000001,0.0,False,True,16,-1.1799,,
Lamb_office_Peggy,2017-08-16,gradient_boosting,8.9,0.0004760000000000001,0.0,False,True,6,-2.6698999999999997,,
Lamb_office_Peggy,2017-08-16,perfect_foresight,8.9,0.0004760000000000001,0.0,False,False,0,0.0001,0.0004760000000000001,0.0
Lamb_office_Peggy,2017-08-17,previous_day,8.9,0.0004760000000000001,0.0,False,False,0,0.0001,0.0004760000000000001,0.0
Lamb_office_Peggy,2017-08-17,previous_week,8.9,0.0004760000000000001,0.0,False,False,0,0.0001,0.0004760000000000001,0.0
Lamb_office_Peggy,2017-08-17,ridge,8.9,0.0004760000000000001,0.0,False,True,16,-1.1299,,
Lamb_office_Peggy,2017-08-17,gradient_boosting,8.9,0.0004760000000000001,0.0,False,True,6,-2.6698999999999997,,
Lamb_office_Peggy,2017-08-17,perfect_foresight,8.9,0.0004760000000000001,0.0,False,False,0,0.0001,0.0004760000000000001,0.0
Lamb_office_Peggy,2017-08-18,previous_day,8.9,0.0004760000000000001,0.0,False,False,0,0.0001,0.0004760000000000001,0.0
Lamb_office_Peggy,2017-08-18,previous_week,8.9,0.0004760000000000001,0.0,False,False,0,0.0001,0.0004760000000000001,0.0
Lamb_office_Peggy,2017-08-18,ridge,8.9,0.0004760000000000001,0.0,False,True,16,-0.9199,,
Lamb_office_Peggy,2017-08-18,gradient_boosting,8.9,0.0004760000000000001,0.0,False,True,6,-2.6698999999999997,,
Lamb_office_Peggy,2017-08-18,perfect_foresight,8.9,0.0004760000000000001,0.0,False,False,0,0.0001,0.0004760000000000001,0.0
Lamb_office_Peggy,2017-08-19,previous_day,8.9,0.0004760000000000001,0.0,False,False,0,0.0001,0.0004760000000000001,0.0
Lamb_office_Peggy,2017-08-19,previous_week,8.9,0.0004760000000000001,0.0,False,False,0,0.0001,0.0004760000000000001,0.0
Lamb_office_Peggy,2017-08-19,ridge,8.9,0.0004760000000000001,0.0,False,True,16,-0.7199,,
Lamb_office_Peggy,2017-08-19,gradient_boosting,8.9,0.0004760000000000001,0.0,False,True,6,-2.6698999999999997,,
Lamb_office_Peggy,2017-08-19,perfect_foresight,8.9,0.0004760000000000001,0.0,False,False,0,0.0001,0.0004760000000000001,0.0
Lamb_office_Peggy,2017-08-20,previous_day,8.9,0.0004760000000000001,0.0,False,False,0,0.0001,0.0004760000000000001,0.0
Lamb_office_Peggy,2017-08-20,previous_week,8.9,0.0004760000000000001,0.0,False,False,0,0.0001,0.0004760000000000001,0.0
Lamb_office_Peggy,2017-08-20,ridge,8.9,0.0004760000000000001,0.0,False,True,16,-0.6699,,
Lamb_office_Peggy,2017-08-20,gradient_boosting,8.9,0.0004760000000000001,0.0,False,True,6,-2.6698999999999997,,
Lamb_office_Peggy,2017-08-20,perfect_foresight,8.9,0.0004760000000000001,0.0,False,False,0,0.0001,0.0004760000000000001,0.0
Lamb_office_Peggy,2017-08-21,previous_day,8.9,0.0004760000000000001,0.0,False,False,0,0.0001,0.0004760000000000001,0.0
Lamb_office_Peggy,2017-08-21,previous_week,8.9,0.0004760000000000001,0.0,False,False,0,0.0001,0.0004760000000000001,0.0
Lamb_office_Peggy,2017-08-21,ridge,8.9,0.0004760000000000001,0.0,False,True,16,-0.8099000000000001,,
Lamb_office_Peggy,2017-08-21,gradient_boosting,8.9,0.0004760000000000001,0.0,False,True,6,-2.6698999999999997,,
Lamb_office_Peggy,2017-08-21,perfect_foresight,8.9,0.0004760000000000001,0.0,False,False,0,0.0001,0.0004760000000000001,0.0
Lamb_office_Peggy,2017-08-22,previous_day,8.9,0.0004760000000000001,0.0,False,False,0,0.0001,0.0004760000000000001,0.0
Lamb_office_Peggy,2017-08-22,previous_week,8.9,0.0004760000000000001,0.0,False,False,0,0.0001,0.0004760000000000001,0.0
Lamb_office_Peggy,2017-08-22,ridge,8.9,0.0004760000000000001,0.0,False,True,16,-1.0399,,
Lamb_office_Peggy,2017-08-22,gradient_boosting,8.9,0.0004760000000000001,0.0,False,True,6,-2.6698999999999997,,
Lamb_office_Peggy,2017-08-22,perfect_foresight,8.9,0.0004760000000000001,0.0,False,False,0,0.0001,0.0004760000000000001,0.0
Lamb_office_Peggy,2017-08-23,previous_day,8.9,0.0004760000000000001,0.0,False,False,0,0.0001,0.0004760000000000001,0.0
Lamb_office_Peggy,2017-08-23,previous_week,8.9,0.0004760000000000001,0.0,False,False,0,0.0001,0.0004760000000000001,0.0
Lamb_office_Peggy,2017-08-23,ridge,8.9,0.0004760000000000001,0.0,False,True,16,-1.1799,,
Lamb_office_Peggy,2017-08-23,gradient_boosting,8.9,0.0004760000000000001,0.0,False,True,6,-2.6698999999999997,,
Lamb_office_Peggy,2017-08-23,perfect_foresight,8.9,0.0004760000000000001,0.0,False,False,0,0.0001,0.0004760000000000001,0.0
Lamb_office_Peggy,2017-08-24,previous_day,8.9,0.0004760000000000001,0.0,False,False,0,0.0001,0.0004760000000000001,0.0
Lamb_office_Peggy,2017-08-24,previous_week,8.9,0.0004760000000000001,0.0,False,False,0,0.0001,0.0004760000000000001,0.0
Lamb_office_Peggy,2017-08-24,ridge,8.9,0.0004760000000000001,0.0,False,True,16,-1.1299,,
Lamb_office_Peggy,2017-08-24,gradient_boosting,8.9,0.0004760000000000001,0.0,False,True,6,-2.6698999999999997,,
Lamb_office_Peggy,2017-08-24,perfect_foresight,8.9,0.0004760000000000001,0.0,False,False,0,0.0001,0.0004760000000000001,0.0
Lamb_office_Peggy,2017-08-25,previous_day,8.9,0.0004760000000000001,0.0,False,False,0,0.0001,0.0004760000000000001,0.0
Lamb_office_Peggy,2017-08-25,previous_week,8.9,0.0004760000000000001,0.0,False,False,0,0.0001,0.0004760000000000001,0.0
Lamb_office_Peggy,2017-08-25,ridge,8.9,0.0004760000000000001,0.0,False,True,16,-0.9199,,
Lamb_office_Peggy,2017-08-25,gradient_boosting,8.9,0.0004760000000000001,0.0,False,True,6,-2.6698999999999997,,
Lamb_office_Peggy,2017-08-25,perfect_foresight,8.9,0.0004760000000000001,0.0,False,False,0,0.0001,0.0004760000000000001,0.0
Lamb_office_Peggy,2017-08-26,previous_day,8.9,0.0004760000000000001,0.0,False,False,0,0.0001,0.0004760000000000001,0.0
Lamb_office_Peggy,2017-08-26,previous_week,8.9,0.0004760000000000001,0.0,False,False,0,0.0001,0.0004760000000000001,0.0
Lamb_office_Peggy,2017-08-26,ridge,8.9,0.0004760000000000001,0.0,False,True,16,-0.7199,,
Lamb_office_Peggy,2017-08-26,gradient_boosting,8.9,0.0004760000000000001,0.0,False,True,6,-2.6698999999999997,,
Lamb_office_Peggy,2017-08-26,perfect_foresight,8.9,0.0004760000000000001,0.0,False,False,0,0.0001,0.0004760000000000001,0.0
Lamb_office_Peggy,2017-08-27,previous_day,8.9,0.0004760000000000001,0.0,False,False,0,0.0001,0.0004760000000000001,0.0
Lamb_office_Peggy,2017-08-27,previous_week,8.9,0.0004760000000000001,0.0,False,False,0,0.0001,0.0004760000000000001,0.0
Lamb_office_Peggy,2017-08-27,ridge,8.9,0.0004760000000000001,0.0,False,True,16,-0.6699,,
Lamb_office_Peggy,2017-08-27,gradient_boosting,8.9,0.0004760000000000001,0.0,False,True,6,-2.6698999999999997,,
Lamb_office_Peggy,2017-08-27,perfect_foresight,8.9,0.0004760000000000001,0.0,False,False,0,0.0001,0.0004760000000000001,0.0
Lamb_office_Peggy,2017-08-28,previous_day,8.9,0.0004760000000000001,0.0,False,False,0,0.0001,0.0004760000000000001,0.0
Lamb_office_Peggy,2017-08-28,previous_week,8.9,0.0004760000000000001,0.0,False,False,0,0.0001,0.0004760000000000001,0.0
Lamb_office_Peggy,2017-08-28,ridge,8.9,0.0004760000000000001,0.0,False,True,16,-0.8099000000000001,,
Lamb_office_Peggy,2017-08-28,gradient_boosting,8.9,0.0004760000000000001,0.0,False,True,6,-2.6698999999999997,,
Lamb_office_Peggy,2017-08-28,perfect_foresight,8.9,0.0004760000000000001,0.0,False,False,0,0.0001,0.0004760000000000001,0.0
Lamb_office_Peggy,2017-08-29,previous_day,8.9,0.0004760000000000001,0.0,False,False,0,0.0001,0.0004760000000000001,0.0
Lamb_office_Peggy,2017-08-29,previous_week,8.9,0.0004760000000000001,0.0,False,False,0,0.0001,0.0004760000000000001,0.0
Lamb_office_Peggy,2017-08-29,ridge,8.9,0.0004760000000000001,0.0,False,True,16,-1.0399,,
Lamb_office_Peggy,2017-08-29,gradient_boosting,8.9,0.0004760000000000001,0.0,False,True,6,-2.6698999999999997,,
Lamb_office_Peggy,2017-08-29,perfect_foresight,8.9,0.0004760000000000001,0.0,False,False,0,0.0001,0.0004760000000000001,0.0
Lamb_office_Peggy,2017-08-30,previous_day,8.9,0.0004760000000000001,0.0,False,False,0,0.0001,0.0004760000000000001,0.0
Lamb_office_Peggy,2017-08-30,previous_week,8.9,0.0004760000000000001,0.0,False,False,0,0.0001,0.0004760000000000001,0.0
Lamb_office_Peggy,2017-08-30,ridge,8.9,0.0004760000000000001,0.0,False,True,16,-1.1799,,
Lamb_office_Peggy,2017-08-30,gradient_boosting,8.9,0.0004760000000000001,0.0,False,True,6,-2.6698999999999997,,
Lamb_office_Peggy,2017-08-30,perfect_foresight,8.9,0.0004760000000000001,0.0,False,False,0,0.0001,0.0004760000000000001,0.0
Lamb_office_Peggy,2017-08-31,previous_day,8.9,0.0004760000000000001,0.0,False,False,0,0.0001,0.0004760000000000001,0.0
Lamb_office_Peggy,2017-08-31,previous_week,8.9,0.0004760000000000001,0.0,False,False,0,0.0001,0.0004760000000000001,0.0
Lamb_office_Peggy,2017-08-31,ridge,8.9,0.0004760000000000001,0.0,False,True,16,-1.1299,,
Lamb_office_Peggy,2017-08-31,gradient_boosting,8.9,0.0004760000000000001,0.0,False,True,6,-2.6698999999999997,,
Lamb_office_Peggy,2017-08-31,perfect_foresight,8.9,0.0004760000000000001,0.0,False,False,0,0.0001,0.0004760000000000001,0.0
Lamb_office_Peggy,2017-09-01,previous_day,8.9,0.0004760000000000001,0.0,False,False,0,0.0001,0.0004760000000000001,0.0
Lamb_office_Peggy,2017-09-01,previous_week,8.9,0.0004760000000000001,0.0,False,False,0,0.0001,0.0004760000000000001,0.0
Lamb_office_Peggy,2017-09-01,ridge,8.9,0.0004760000000000001,0.0,False,True,16,-0.8999,,
Lamb_office_Peggy,2017-09-01,gradient_boosting,8.9,0.0004760000000000001,0.0,False,True,6,-2.6498999999999997,,
Lamb_office_Peggy,2017-09-01,perfect_foresight,8.9,0.0004760000000000001,0.0,False,False,0,0.0001,0.0004760000000000001,0.0
Lamb_office_Peggy,2017-09-02,previous_day,8.9,0.0004760000000000001,0.0,False,False,0,0.0001,0.0004760000000000001,0.0
Lamb_office_Peggy,2017-09-02,previous_week,8.9,0.0004760000000000001,0.0,False,False,0,0.0001,0.0004760000000000001,0.0
Lamb_office_Peggy,2017-09-02,ridge,8.9,0.0004760000000000001,0.0,False,True,16,-0.6899,,
Lamb_office_Peggy,2017-09-02,gradient_boosting,8.9,0.0004760000000000001,0.0,False,True,6,-2.6498999999999997,,
Lamb_office_Peggy,2017-09-02,perfect_foresight,8.9,0.0004760000000000001,0.0,False,False,0,0.0001,0.0004760000000000001,0.0
Lamb_office_Peggy,2017-09-03,previous_day,8.9,0.0004760000000000001,0.0,False,False,0,0.0001,0.0004760000000000001,0.0
Lamb_office_Peggy,2017-09-03,previous_week,8.9,0.0004760000000000001,0.0,False,False,0,0.0001,0.0004760000000000001,0.0
Lamb_office_Peggy,2017-09-03,ridge,8.9,0.0004760000000000001,0.0,False,True,15,-0.6399,,
Lamb_office_Peggy,2017-09-03,gradient_boosting,8.9,0.0004760000000000001,0.0,False,True,6,-2.6498999999999997,,
Lamb_office_Peggy,2017-09-03,perfect_foresight,8.9,0.0004760000000000001,0.0,False,False,0,0.0001,0.0004760000000000001,0.0
Lamb_office_Peggy,2017-09-04,previous_day,8.9,0.0004760000000000001,0.0,False,False,0,0.0001,0.0004760000000000001,0.0
Lamb_office_Peggy,2017-09-04,previous_week,8.9,0.0004760000000000001,0.0,False,False,0,0.0001,0.0004760000000000001,0.0
Lamb_office_Peggy,2017-09-04,ridge,8.9,0.0004760000000000001,0.0,False,True,16,-0.7799,,
Lamb_office_Peggy,2017-09-04,gradient_boosting,8.9,0.0004760000000000001,0.0,False,True,6,-2.6498999999999997,,
Lamb_office_Peggy,2017-09-04,perfect_foresight,8.9,0.0004760000000000001,0.0,False,False,0,0.0001,0.0004760000000000001,0.0
Lamb_office_Peggy,2017-09-05,previous_day,8.9,0.0004760000000000001,0.0,False,False,0,0.0001,0.0004760000000000001,0.0
Lamb_office_Peggy,2017-09-05,previous_week,8.9,0.0004760000000000001,0.0,False,False,0,0.0001,0.0004760000000000001,0.0
Lamb_office_Peggy,2017-09-05,ridge,8.9,0.0004760000000000001,0.0,False,True,16,-1.0099,,
Lamb_office_Peggy,2017-09-05,gradient_boosting,8.9,0.0004760000000000001,0.0,False,True,6,-2.6498999999999997,,
Lamb_office_Peggy,2017-09-05,perfect_foresight,8.9,0.0004760000000000001,0.0,False,False,0,0.0001,0.0004760000000000001,0.0
Lamb_office_Peggy,2017-09-06,previous_day,8.9,0.0004760000000000001,0.0,False,False,0,0.0001,0.0004760000000000001,0.0
Lamb_office_Peggy,2017-09-06,previous_week,8.9,0.0004760000000000001,0.0,False,False,0,0.0001,0.0004760000000000001,0.0
Lamb_office_Peggy,2017-09-06,ridge,8.9,0.0004760000000000001,0.0,False,True,16,-1.1499,,
Lamb_office_Peggy,2017-09-06,gradient_boosting,8.9,0.0004760000000000001,0.0,False,True,6,-2.6498999999999997,,
Lamb_office_Peggy,2017-09-06,perfect_foresight,8.9,0.0004760000000000001,0.0,False,False,0,0.0001,0.0004760000000000001,0.0
Lamb_office_Peggy,2017-09-07,previous_day,8.9,0.0004760000000000001,0.0,False,False,0,0.0001,0.0004760000000000001,0.0
Lamb_office_Peggy,2017-09-07,previous_week,8.9,0.0004760000000000001,0.0,False,False,0,0.0001,0.0004760000000000001,0.0
Lamb_office_Peggy,2017-09-07,ridge,8.9,0.0004760000000000001,0.0,False,True,16,-1.0999,,
Lamb_office_Peggy,2017-09-07,gradient_boosting,8.9,0.0004760000000000001,0.0,False,True,6,-2.6498999999999997,,
Lamb_office_Peggy,2017-09-07,perfect_foresight,8.9,0.0004760000000000001,0.0,False,False,0,0.0001,0.0004760000000000001,0.0
Lamb_office_Peggy,2017-09-08,previous_day,8.9,0.0004760000000000001,0.0,False,False,0,0.0001,0.0004760000000000001,0.0
Lamb_office_Peggy,2017-09-08,previous_week,8.9,0.0004760000000000001,0.0,False,False,0,0.0001,0.0004760000000000001,0.0
Lamb_office_Peggy,2017-09-08,ridge,8.9,0.0004760000000000001,0.0,False,True,16,-0.8999,,
Lamb_office_Peggy,2017-09-08,gradient_boosting,8.9,0.0004760000000000001,0.0,False,True,6,-2.6498999999999997,,
Lamb_office_Peggy,2017-09-08,perfect_foresight,8.9,0.0004760000000000001,0.0,False,False,0,0.0001,0.0004760000000000001,0.0
Lamb_office_Peggy,2017-09-09,previous_day,8.9,0.0004760000000000001,0.0,False,False,0,0.0001,0.0004760000000000001,0.0
Lamb_office_Peggy,2017-09-09,previous_week,8.9,0.0004760000000000001,0.0,False,False,0,0.0001,0.0004760000000000001,0.0
Lamb_office_Peggy,2017-09-09,ridge,8.9,0.0004760000000000001,0.0,False,True,16,-0.6899,,
Lamb_office_Peggy,2017-09-09,gradient_boosting,8.9,0.0004760000000000001,0.0,False,True,6,-2.6498999999999997,,
Lamb_office_Peggy,2017-09-09,perfect_foresight,8.9,0.0004760000000000001,0.0,False,False,0,0.0001,0.0004760000000000001,0.0
Lamb_office_Peggy,2017-09-10,previous_day,8.9,0.0004760000000000001,0.0,False,False,0,0.0001,0.0004760000000000001,0.0
Lamb_office_Peggy,2017-09-10,previous_week,8.9,0.0004760000000000001,0.0,False,False,0,0.0001,0.0004760000000000001,0.0
Lamb_office_Peggy,2017-09-10,ridge,8.9,0.0004760000000000001,0.0,False,True,15,-0.6399,,
Lamb_office_Peggy,2017-09-10,gradient_boosting,8.9,0.0004760000000000001,0.0,False,True,6,-2.6498999999999997,,
Lamb_office_Peggy,2017-09-10,perfect_foresight,8.9,0.0004760000000000001,0.0,False,False,0,0.0001,0.0004760000000000001,0.0
Lamb_office_Peggy,2017-09-11,previous_day,8.9,0.0004760000000000001,0.0,False,False,0,0.0001,0.0004760000000000001,0.0
Lamb_office_Peggy,2017-09-11,previous_week,8.9,0.0004760000000000001,0.0,False,False,0,0.0001,0.0004760000000000001,0.0
Lamb_office_Peggy,2017-09-11,ridge,8.9,0.0004760000000000001,0.0,False,True,16,-0.7799,,
Lamb_office_Peggy,2017-09-11,gradient_boosting,8.9,0.0004760000000000001,0.0,False,True,6,-2.6498999999999997,,
Lamb_office_Peggy,2017-09-11,perfect_foresight,8.9,0.0004760000000000001,0.0,False,False,0,0.0001,0.0004760000000000001,0.0
Lamb_office_Peggy,2017-09-12,previous_day,8.9,0.0004760000000000001,0.0,False,False,0,0.0001,0.0004760000000000001,0.0
Lamb_office_Peggy,2017-09-12,previous_week,8.9,0.0004760000000000001,0.0,False,False,0,0.0001,0.0004760000000000001,0.0
Lamb_office_Peggy,2017-09-12,ridge,8.9,0.0004760000000000001,0.0,False,True,16,-1.0099,,
Lamb_office_Peggy,2017-09-12,gradient_boosting,8.9,0.0004760000000000001,0.0,False,True,6,-2.6498999999999997,,
Lamb_office_Peggy,2017-09-12,perfect_foresight,8.9,0.0004760000000000001,0.0,False,False,0,0.0001,0.0004760000000000001,0.0
Lamb_office_Peggy,2017-09-13,previous_day,8.9,0.0004760000000000001,0.0,False,False,0,0.0001,0.0004760000000000001,0.0
Lamb_office_Peggy,2017-09-13,previous_week,8.9,0.0004760000000000001,0.0,False,False,0,0.0001,0.0004760000000000001,0.0
Lamb_office_Peggy,2017-09-13,ridge,8.9,0.0004760000000000001,0.0,False,True,16,-1.1499,,
Lamb_office_Peggy,2017-09-13,gradient_boosting,8.9,0.0004760000000000001,0.0,False,True,6,-2.6498999999999997,,
Lamb_office_Peggy,2017-09-13,perfect_foresight,8.9,0.0004760000000000001,0.0,False,False,0,0.0001,0.0004760000000000001,0.0
Lamb_office_Peggy,2017-09-14,previous_day,8.9,0.0004760000000000001,0.0,False,False,0,0.0001,0.0004760000000000001,0.0
Lamb_office_Peggy,2017-09-14,previous_week,8.9,0.0004760000000000001,0.0,False,False,0,0.0001,0.0004760000000000001,0.0
Lamb_office_Peggy,2017-09-14,ridge,8.9,0.0004760000000000001,0.0,False,True,16,-1.0999,,
Lamb_office_Peggy,2017-09-14,gradient_boosting,8.9,0.0004760000000000001,0.0,False,True,6,-2.6498999999999997,,
Lamb_office_Peggy,2017-09-14,perfect_foresight,8.9,0.0004760000000000001,0.0,False,False,0,0.0001,0.0004760000000000001,0.0
Lamb_office_Peggy,2017-09-15,previous_day,8.9,0.0004760000000000001,0.0,False,False,0,0.0001,0.0004760000000000001,0.0
Lamb_office_Peggy,2017-09-15,previous_week,8.9,0.0004760000000000001,0.0,False,False,0,0.0001,0.0004760000000000001,0.0
Lamb_office_Peggy,2017-09-15,ridge,8.9,0.0004760000000000001,0.0,False,True,16,-0.8999,,
Lamb_office_Peggy,2017-09-15,gradient_boosting,8.9,0.0004760000000000001,0.0,False,True,6,-2.6498999999999997,,
Lamb_office_Peggy,2017-09-15,perfect_foresight,8.9,0.0004760000000000001,0.0,False,False,0,0.0001,0.0004760000000000001,0.0
Lamb_office_Peggy,2017-09-16,previous_day,8.9,0.0004760000000000001,0.0,False,False,0,0.0001,0.0004760000000000001,0.0
Lamb_office_Peggy,2017-09-16,previous_week,8.9,0.0004760000000000001,0.0,False,False,0,0.0001,0.0004760000000000001,0.0
Lamb_office_Peggy,2017-09-16,ridge,8.9,0.0004760000000000001,0.0,False,True,16,-0.6899,,
Lamb_office_Peggy,2017-09-16,gradient_boosting,8.9,0.0004760000000000001,0.0,False,True,6,-2.6498999999999997,,
Lamb_office_Peggy,2017-09-16,perfect_foresight,8.9,0.0004760000000000001,0.0,False,False,0,0.0001,0.0004760000000000001,0.0
Lamb_office_Peggy,2017-09-17,previous_day,8.9,0.0004760000000000001,0.0,False,False,0,0.0001,0.0004760000000000001,0.0
Lamb_office_Peggy,2017-09-17,previous_week,8.9,0.0004760000000000001,0.0,False,False,0,0.0001,0.0004760000000000001,0.0
Lamb_office_Peggy,2017-09-17,ridge,8.9,0.0004760000000000001,0.0,False,True,15,-0.6399,,
Lamb_office_Peggy,2017-09-17,gradient_boosting,8.9,0.0004760000000000001,0.0,False,True,6,-2.6498999999999997,,
Lamb_office_Peggy,2017-09-17,perfect_foresight,8.9,0.0004760000000000001,0.0,False,False,0,0.0001,0.0004760000000000001,0.0
Lamb_office_Peggy,2017-09-18,previous_day,8.9,0.0004760000000000001,0.0,False,False,0,0.0001,0.0004760000000000001,0.0
Lamb_office_Peggy,2017-09-18,previous_week,8.9,0.0004760000000000001,0.0,False,False,0,0.0001,0.0004760000000000001,0.0
Lamb_office_Peggy,2017-09-18,ridge,8.9,0.0004760000000000001,0.0,False,True,16,-0.7799,,
Lamb_office_Peggy,2017-09-18,gradient_boosting,8.9,0.0004760000000000001,0.0,False,True,6,-2.6498999999999997,,
Lamb_office_Peggy,2017-09-18,perfect_foresight,8.9,0.0004760000000000001,0.0,False,False,0,0.0001,0.0004760000000000001,0.0
Lamb_office_Peggy,2017-09-19,previous_day,8.9,0.0004760000000000001,0.0,False,False,0,0.0001,0.0004760000000000001,0.0
Lamb_office_Peggy,2017-09-19,previous_week,8.9,0.0004760000000000001,0.0,False,False,0,0.0001,0.0004760000000000001,0.0
Lamb_office_Peggy,2017-09-19,ridge,8.9,0.0004760000000000001,0.0,False,True,16,-1.0099,,
Lamb_office_Peggy,2017-09-19,gradient_boosting,8.9,0.0004760000000000001,0.0,False,True,6,-2.6498999999999997,,
Lamb_office_Peggy,2017-09-19,perfect_foresight,8.9,0.0004760000000000001,0.0,False,False,0,0.0001,0.0004760000000000001,0.0
Lamb_office_Peggy,2017-09-20,previous_day,8.9,0.0004760000000000001,0.0,False,False,0,0.0001,0.0004760000000000001,0.0
Lamb_office_Peggy,2017-09-20,previous_week,8.9,0.0004760000000000001,0.0,False,False,0,0.0001,0.0004760000000000001,0.0
Lamb_office_Peggy,2017-09-20,ridge,8.9,0.0004760000000000001,0.0,False,True,16,-1.1499,,
Lamb_office_Peggy,2017-09-20,gradient_boosting,8.9,0.0004760000000000001,0.0,False,True,6,-2.6498999999999997,,
Lamb_office_Peggy,2017-09-20,perfect_foresight,8.9,0.0004760000000000001,0.0,False,False,0,0.0001,0.0004760000000000001,0.0
Lamb_office_Peggy,2017-09-21,previous_day,8.9,0.0004760000000000001,0.0,False,False,0,0.0001,0.0004760000000000001,0.0
Lamb_office_Peggy,2017-09-21,previous_week,8.9,0.0004760000000000001,0.0,False,False,0,0.0001,0.0004760000000000001,0.0
Lamb_office_Peggy,2017-09-21,ridge,8.9,0.0004760000000000001,0.0,False,True,16,-1.0999,,
Lamb_office_Peggy,2017-09-21,gradient_boosting,8.9,0.0004760000000000001,0.0,False,True,6,-2.6498999999999997,,
Lamb_office_Peggy,2017-09-21,perfect_foresight,8.9,0.0004760000000000001,0.0,False,False,0,0.0001,0.0004760000000000001,0.0
Lamb_office_Peggy,2017-09-22,previous_day,8.9,0.0004760000000000001,0.0,False,False,0,0.0001,0.0004760000000000001,0.0
Lamb_office_Peggy,2017-09-22,previous_week,8.9,0.0004760000000000001,0.0,False,False,0,0.0001,0.0004760000000000001,0.0
Lamb_office_Peggy,2017-09-22,ridge,8.9,0.0004760000000000001,0.0,False,True,16,-0.8999,,
Lamb_office_Peggy,2017-09-22,gradient_boosting,8.9,0.0004760000000000001,0.0,False,True,6,-2.6498999999999997,,
Lamb_office_Peggy,2017-09-22,perfect_foresight,8.9,0.0004760000000000001,0.0,False,False,0,0.0001,0.0004760000000000001,0.0
Lamb_office_Peggy,2017-09-23,previous_day,8.9,0.0004760000000000001,0.0,False,False,0,0.0001,0.0004760000000000001,0.0
Lamb_office_Peggy,2017-09-23,previous_week,8.9,0.0004760000000000001,0.0,False,False,0,0.0001,0.0004760000000000001,0.0
Lamb_office_Peggy,2017-09-23,ridge,8.9,0.0004760000000000001,0.0,False,True,16,-0.6899,,
Lamb_office_Peggy,2017-09-23,gradient_boosting,8.9,0.0004760000000000001,0.0,False,True,6,-2.6498999999999997,,
Lamb_office_Peggy,2017-09-23,perfect_foresight,8.9,0.0004760000000000001,0.0,False,False,0,0.0001,0.0004760000000000001,0.0
Lamb_office_Peggy,2017-09-24,previous_day,8.9,0.0004760000000000001,0.0,False,False,0,0.0001,0.0004760000000000001,0.0
Lamb_office_Peggy,2017-09-24,previous_week,8.9,0.0004760000000000001,0.0,False,False,0,0.0001,0.0004760000000000001,0.0
Lamb_office_Peggy,2017-09-24,ridge,8.9,0.0004760000000000001,0.0,False,True,15,-0.6399,,
Lamb_office_Peggy,2017-09-24,gradient_boosting,8.9,0.0004760000000000001,0.0,False,True,6,-2.6498999999999997,,
Lamb_office_Peggy,2017-09-24,perfect_foresight,8.9,0.0004760000000000001,0.0,False,False,0,0.0001,0.0004760000000000001,0.0
Lamb_office_Peggy,2017-09-25,previous_day,8.9,0.0004760000000000001,0.0,False,False,0,0.0001,0.0004760000000000001,0.0
Lamb_office_Peggy,2017-09-25,previous_week,8.9,0.0004760000000000001,0.0,False,False,0,0.0001,0.0004760000000000001,0.0
Lamb_office_Peggy,2017-09-25,ridge,8.9,0.0004760000000000001,0.0,False,True,16,-0.7799,,
Lamb_office_Peggy,2017-09-25,gradient_boosting,8.9,0.0004760000000000001,0.0,False,True,6,-2.6498999999999997,,
Lamb_office_Peggy,2017-09-25,perfect_foresight,8.9,0.0004760000000000001,0.0,False,False,0,0.0001,0.0004760000000000001,0.0
Lamb_office_Peggy,2017-09-26,previous_day,8.9,0.0004760000000000001,0.0,False,False,0,0.0001,0.0004760000000000001,0.0
Lamb_office_Peggy,2017-09-26,previous_week,8.9,0.0004760000000000001,0.0,False,False,0,0.0001,0.0004760000000000001,0.0
Lamb_office_Peggy,2017-09-26,ridge,8.9,0.0004760000000000001,0.0,False,True,16,-1.0099,,
Lamb_office_Peggy,2017-09-26,gradient_boosting,8.9,0.0004760000000000001,0.0,False,True,6,-2.6498999999999997,,
Lamb_office_Peggy,2017-09-26,perfect_foresight,8.9,0.0004760000000000001,0.0,False,False,0,0.0001,0.0004760000000000001,0.0
Lamb_office_Peggy,2017-09-27,previous_day,8.9,0.0004760000000000001,0.0,False,False,0,0.0001,0.0004760000000000001,0.0
Lamb_office_Peggy,2017-09-27,previous_week,8.9,0.0004760000000000001,0.0,False,False,0,0.0001,0.0004760000000000001,0.0
Lamb_office_Peggy,2017-09-27,ridge,8.9,0.0004760000000000001,0.0,False,True,16,-1.1499,,
Lamb_office_Peggy,2017-09-27,gradient_boosting,8.9,0.0004760000000000001,0.0,False,True,6,-2.6498999999999997,,
Lamb_office_Peggy,2017-09-27,perfect_foresight,8.9,0.0004760000000000001,0.0,False,False,0,0.0001,0.0004760000000000001,0.0
Lamb_office_Peggy,2017-09-28,previous_day,8.9,0.0004760000000000001,0.0,False,False,0,0.0001,0.0004760000000000001,0.0
Lamb_office_Peggy,2017-09-28,previous_week,8.9,0.0004760000000000001,0.0,False,False,0,0.0001,0.0004760000000000001,0.0
Lamb_office_Peggy,2017-09-28,ridge,8.9,0.0004760000000000001,0.0,False,True,16,-1.0999,,
Lamb_office_Peggy,2017-09-28,gradient_boosting,8.9,0.0004760000000000001,0.0,False,True,6,-2.6498999999999997,,
Lamb_office_Peggy,2017-09-28,perfect_foresight,8.9,0.0004760000000000001,0.0,False,False,0,0.0001,0.0004760000000000001,0.0
Lamb_office_Peggy,2017-09-29,previous_day,8.9,0.0004760000000000001,0.0,False,False,0,0.0001,0.0004760000000000001,0.0
Lamb_office_Peggy,2017-09-29,previous_week,8.9,0.0004760000000000001,0.0,False,False,0,0.0001,0.0004760000000000001,0.0
Lamb_office_Peggy,2017-09-29,ridge,8.9,0.0004760000000000001,0.0,False,True,16,-0.8999,,
Lamb_office_Peggy,2017-09-29,gradient_boosting,8.9,0.0004760000000000001,0.0,False,True,6,-2.6498999999999997,,
Lamb_office_Peggy,2017-09-29,perfect_foresight,8.9,0.0004760000000000001,0.0,False,False,0,0.0001,0.0004760000000000001,0.0
Lamb_office_Peggy,2017-09-30,previous_day,8.9,0.0004760000000000001,0.0,False,False,0,0.0001,0.0004760000000000001,0.0
Lamb_office_Peggy,2017-09-30,previous_week,8.9,0.0004760000000000001,0.0,False,False,0,0.0001,0.0004760000000000001,0.0
Lamb_office_Peggy,2017-09-30,ridge,8.9,0.0004760000000000001,0.0,False,True,16,-0.6899,,
Lamb_office_Peggy,2017-09-30,gradient_boosting,8.9,0.0004760000000000001,0.0,False,True,6,-2.6498999999999997,,
Lamb_office_Peggy,2017-09-30,perfect_foresight,8.9,0.0004760000000000001,0.0,False,False,0,0.0001,0.0004760000000000001,0.0
Lamb_office_Peggy,2017-10-01,previous_day,8.9,0.0004760000000000001,0.0,False,False,0,0.0001,0.0004760000000000001,0.0
Lamb_office_Peggy,2017-10-01,previous_week,8.9,0.0004760000000000001,0.0,False,False,0,0.0001,0.0004760000000000001,0.0
Lamb_office_Peggy,2017-10-01,ridge,8.9,0.0004760000000000001,0.0,False,True,15,-0.6099,,
Lamb_office_Peggy,2017-10-01,gradient_boosting,8.9,0.0004760000000000001,0.0,False,True,6,-2.6498999999999997,,
Lamb_office_Peggy,2017-10-01,perfect_foresight,8.9,0.0004760000000000001,0.0,False,False,0,0.0001,0.0004760000000000001,0.0
Lamb_office_Peggy,2017-10-02,previous_day,8.9,0.0004760000000000001,0.0,False,False,0,0.0001,0.0004760000000000001,0.0
Lamb_office_Peggy,2017-10-02,previous_week,8.9,0.0004760000000000001,0.0,False,False,0,0.0001,0.0004760000000000001,0.0
Lamb_office_Peggy,2017-10-02,ridge,8.9,0.0004760000000000001,0.0,False,True,16,-0.7499,,
Lamb_office_Peggy,2017-10-02,gradient_boosting,8.9,0.0004760000000000001,0.0,False,True,6,-2.6498999999999997,,
Lamb_office_Peggy,2017-10-02,perfect_foresight,8.9,0.0004760000000000001,0.0,False,False,0,0.0001,0.0004760000000000001,0.0
Lamb_office_Peggy,2017-10-03,previous_day,8.9,0.0004760000000000001,0.0,False,False,0,0.0001,0.0004760000000000001,0.0
Lamb_office_Peggy,2017-10-03,previous_week,8.9,0.0004760000000000001,0.0,False,False,0,0.0001,0.0004760000000000001,0.0
Lamb_office_Peggy,2017-10-03,ridge,8.9,0.0004760000000000001,0.0,False,True,16,-0.9799,,
Lamb_office_Peggy,2017-10-03,gradient_boosting,8.9,0.0004760000000000001,0.0,False,True,6,-2.6498999999999997,,
Lamb_office_Peggy,2017-10-03,perfect_foresight,8.9,0.0004760000000000001,0.0,False,False,0,0.0001,0.0004760000000000001,0.0
Lamb_office_Peggy,2017-10-04,previous_day,8.9,0.0004760000000000001,0.0,False,False,0,0.0001,0.0004760000000000001,0.0
Lamb_office_Peggy,2017-10-04,previous_week,8.9,0.0004760000000000001,0.0,False,False,0,0.0001,0.0004760000000000001,0.0
Lamb_office_Peggy,2017-10-04,ridge,8.9,0.0004760000000000001,0.0,False,True,16,-1.1199000000000001,,
Lamb_office_Peggy,2017-10-04,gradient_boosting,8.9,0.0004760000000000001,0.0,False,True,6,-2.6498999999999997,,
Lamb_office_Peggy,2017-10-04,perfect_foresight,8.9,0.0004760000000000001,0.0,False,False,0,0.0001,0.0004760000000000001,0.0
Lamb_office_Peggy,2017-10-05,previous_day,8.9,0.0004760000000000001,0.0,False,False,0,0.0001,0.0004760000000000001,0.0
Lamb_office_Peggy,2017-10-05,previous_week,8.9,0.0004760000000000001,0.0,False,False,0,0.0001,0.0004760000000000001,0.0
Lamb_office_Peggy,2017-10-05,ridge,8.9,0.0004760000000000001,0.0,False,True,16,-1.0699,,
Lamb_office_Peggy,2017-10-05,gradient_boosting,8.9,0.0004760000000000001,0.0,False,True,6,-2.6498999999999997,,
Lamb_office_Peggy,2017-10-05,perfect_foresight,8.9,0.0004760000000000001,0.0,False,False,0,0.0001,0.0004760000000000001,0.0
Lamb_office_Peggy,2017-10-06,previous_day,8.9,0.0004760000000000001,0.0,False,False,0,0.0001,0.0004760000000000001,0.0
Lamb_office_Peggy,2017-10-06,previous_week,8.9,0.0004760000000000001,0.0,False,False,0,0.0001,0.0004760000000000001,0.0
Lamb_office_Peggy,2017-10-06,ridge,8.9,0.0004760000000000001,0.0,False,True,16,-0.8599,,
Lamb_office_Peggy,2017-10-06,gradient_boosting,8.9,0.0004760000000000001,0.0,False,True,6,-2.6498999999999997,,
Lamb_office_Peggy,2017-10-06,perfect_foresight,8.9,0.0004760000000000001,0.0,False,False,0,0.0001,0.0004760000000000001,0.0
Lamb_office_Peggy,2017-10-07,previous_day,8.9,0.0004760000000000001,0.0,False,False,0,0.0001,0.0004760000000000001,0.0
Lamb_office_Peggy,2017-10-07,previous_week,8.9,0.0004760000000000001,0.0,False,False,0,0.0001,0.0004760000000000001,0.0
Lamb_office_Peggy,2017-10-07,ridge,8.9,0.0004760000000000001,0.0,False,True,16,-0.6599,,
Lamb_office_Peggy,2017-10-07,gradient_boosting,8.9,0.0004760000000000001,0.0,False,True,6,-2.6498999999999997,,
Lamb_office_Peggy,2017-10-07,perfect_foresight,8.9,0.0004760000000000001,0.0,False,False,0,0.0001,0.0004760000000000001,0.0
Lamb_office_Peggy,2017-10-08,previous_day,8.9,0.0004760000000000001,0.0,False,False,0,0.0001,0.0004760000000000001,0.0
Lamb_office_Peggy,2017-10-08,previous_week,8.9,0.0004760000000000001,0.0,False,False,0,0.0001,0.0004760000000000001,0.0
Lamb_office_Peggy,2017-10-08,ridge,8.9,0.0004760000000000001,0.0,False,True,15,-0.6099,,
Lamb_office_Peggy,2017-10-08,gradient_boosting,8.9,0.0004760000000000001,0.0,False,True,6,-2.6498999999999997,,
Lamb_office_Peggy,2017-10-08,perfect_foresight,8.9,0.0004760000000000001,0.0,False,False,0,0.0001,0.0004760000000000001,0.0
Lamb_office_Peggy,2017-10-09,previous_day,8.9,0.0004760000000000001,0.0,False,False,0,0.0001,0.0004760000000000001,0.0
Lamb_office_Peggy,2017-10-09,previous_week,8.9,0.0004760000000000001,0.0,False,False,0,0.0001,0.0004760000000000001,0.0
Lamb_office_Peggy,2017-10-09,ridge,8.9,0.0004760000000000001,0.0,False,True,16,-0.7499,,
Lamb_office_Peggy,2017-10-09,gradient_boosting,8.9,0.0004760000000000001,0.0,False,True,6,-2.6498999999999997,,
Lamb_office_Peggy,2017-10-09,perfect_foresight,8.9,0.0004760000000000001,0.0,False,False,0,0.0001,0.0004760000000000001,0.0
Lamb_office_Peggy,2017-10-10,previous_day,8.9,0.0004760000000000001,0.0,False,False,0,0.0001,0.0004760000000000001,0.0
Lamb_office_Peggy,2017-10-10,previous_week,8.9,0.0004760000000000001,0.0,False,False,0,0.0001,0.0004760000000000001,0.0
Lamb_office_Peggy,2017-10-10,ridge,8.9,0.0004760000000000001,0.0,False,True,16,-0.9799,,
Lamb_office_Peggy,2017-10-10,gradient_boosting,8.9,0.0004760000000000001,0.0,False,True,6,-2.6498999999999997,,
Lamb_office_Peggy,2017-10-10,perfect_foresight,8.9,0.0004760000000000001,0.0,False,False,0,0.0001,0.0004760000000000001,0.0
Lamb_office_Peggy,2017-10-11,previous_day,8.9,0.0004760000000000001,0.0,False,False,0,0.0001,0.0004760000000000001,0.0
Lamb_office_Peggy,2017-10-11,previous_week,8.9,0.0004760000000000001,0.0,False,False,0,0.0001,0.0004760000000000001,0.0
Lamb_office_Peggy,2017-10-11,ridge,8.9,0.0004760000000000001,0.0,False,True,16,-1.1199000000000001,,
Lamb_office_Peggy,2017-10-11,gradient_boosting,8.9,0.0004760000000000001,0.0,False,True,6,-2.6498999999999997,,
Lamb_office_Peggy,2017-10-11,perfect_foresight,8.9,0.0004760000000000001,0.0,False,False,0,0.0001,0.0004760000000000001,0.0
Lamb_office_Peggy,2017-10-12,previous_day,8.9,0.0004760000000000001,0.0,False,False,0,0.0001,0.0004760000000000001,0.0
Lamb_office_Peggy,2017-10-12,previous_week,8.9,0.0004760000000000001,0.0,False,False,0,0.0001,0.0004760000000000001,0.0
Lamb_office_Peggy,2017-10-12,ridge,8.9,0.0004760000000000001,0.0,False,True,16,-1.0699,,
Lamb_office_Peggy,2017-10-12,gradient_boosting,8.9,0.0004760000000000001,0.0,False,True,6,-2.6498999999999997,,
Lamb_office_Peggy,2017-10-12,perfect_foresight,8.9,0.0004760000000000001,0.0,False,False,0,0.0001,0.0004760000000000001,0.0
Lamb_office_Peggy,2017-10-13,previous_day,8.9,0.0004760000000000001,0.0,False,False,0,0.0001,0.0004760000000000001,0.0
Lamb_office_Peggy,2017-10-13,previous_week,8.9,0.0004760000000000001,0.0,False,False,0,0.0001,0.0004760000000000001,0.0
Lamb_office_Peggy,2017-10-13,ridge,8.9,0.0004760000000000001,0.0,False,True,16,-0.8599,,
Lamb_office_Peggy,2017-10-13,gradient_boosting,8.9,0.0004760000000000001,0.0,False,True,6,-2.6498999999999997,,
Lamb_office_Peggy,2017-10-13,perfect_foresight,8.9,0.0004760000000000001,0.0,False,False,0,0.0001,0.0004760000000000001,0.0
Lamb_office_Peggy,2017-10-14,previous_day,8.9,0.0004760000000000001,0.0,False,False,0,0.0001,0.0004760000000000001,0.0
Lamb_office_Peggy,2017-10-14,previous_week,8.9,0.0004760000000000001,0.0,False,False,0,0.0001,0.0004760000000000001,0.0
Lamb_office_Peggy,2017-10-14,ridge,8.9,0.0004760000000000001,0.0,False,True,16,-0.6599,,
Lamb_office_Peggy,2017-10-14,gradient_boosting,8.9,0.0004760000000000001,0.0,False,True,6,-2.6498999999999997,,
Lamb_office_Peggy,2017-10-14,perfect_foresight,8.9,0.0004760000000000001,0.0,False,False,0,0.0001,0.0004760000000000001,0.0
Lamb_office_Peggy,2017-10-15,previous_day,8.9,0.0004760000000000001,0.0,False,False,0,0.0001,0.0004760000000000001,0.0
Lamb_office_Peggy,2017-10-15,previous_week,8.9,0.0004760000000000001,0.0,False,False,0,0.0001,0.0004760000000000001,0.0
Lamb_office_Peggy,2017-10-15,ridge,8.9,0.0004760000000000001,0.0,False,True,15,-0.6099,,
Lamb_office_Peggy,2017-10-15,gradient_boosting,8.9,0.0004760000000000001,0.0,False,True,6,-2.6498999999999997,,
Lamb_office_Peggy,2017-10-15,perfect_foresight,8.9,0.0004760000000000001,0.0,False,False,0,0.0001,0.0004760000000000001,0.0
Lamb_office_Peggy,2017-10-16,previous_day,8.9,0.0004760000000000001,0.0,False,False,0,0.0001,0.0004760000000000001,0.0
Lamb_office_Peggy,2017-10-16,previous_week,8.9,0.0004760000000000001,0.0,False,False,0,0.0001,0.0004760000000000001,0.0
Lamb_office_Peggy,2017-10-16,ridge,8.9,0.0004760000000000001,0.0,False,True,16,-0.7499,,
Lamb_office_Peggy,2017-10-16,gradient_boosting,8.9,0.0004760000000000001,0.0,False,True,6,-2.6498999999999997,,
Lamb_office_Peggy,2017-10-16,perfect_foresight,8.9,0.0004760000000000001,0.0,False,False,0,0.0001,0.0004760000000000001,0.0
Lamb_office_Peggy,2017-10-17,previous_day,8.9,0.0004760000000000001,0.0,False,False,0,0.0001,0.0004760000000000001,0.0
Lamb_office_Peggy,2017-10-17,previous_week,8.9,0.0004760000000000001,0.0,False,False,0,0.0001,0.0004760000000000001,0.0
Lamb_office_Peggy,2017-10-17,ridge,8.9,0.0004760000000000001,0.0,False,True,16,-0.9799,,
Lamb_office_Peggy,2017-10-17,gradient_boosting,8.9,0.0004760000000000001,0.0,False,True,6,-2.6498999999999997,,
Lamb_office_Peggy,2017-10-17,perfect_foresight,8.9,0.0004760000000000001,0.0,False,False,0,0.0001,0.0004760000000000001,0.0
Lamb_office_Peggy,2017-10-18,previous_day,8.9,0.0004760000000000001,0.0,False,False,0,0.0001,0.0004760000000000001,0.0
Lamb_office_Peggy,2017-10-18,previous_week,8.9,0.0004760000000000001,0.0,False,False,0,0.0001,0.0004760000000000001,0.0
Lamb_office_Peggy,2017-10-18,ridge,8.9,0.0004760000000000001,0.0,False,True,16,-1.1199000000000001,,
Lamb_office_Peggy,2017-10-18,gradient_boosting,8.9,0.0004760000000000001,0.0,False,True,6,-2.6498999999999997,,
Lamb_office_Peggy,2017-10-18,perfect_foresight,8.9,0.0004760000000000001,0.0,False,False,0,0.0001,0.0004760000000000001,0.0
Lamb_office_Peggy,2017-10-19,previous_day,8.9,0.0004760000000000001,0.0,False,False,0,0.0001,0.0004760000000000001,0.0
Lamb_office_Peggy,2017-10-19,previous_week,8.9,0.0004760000000000001,0.0,False,False,0,0.0001,0.0004760000000000001,0.0
Lamb_office_Peggy,2017-10-19,ridge,8.9,0.0004760000000000001,0.0,False,True,16,-1.0699,,
Lamb_office_Peggy,2017-10-19,gradient_boosting,8.9,0.0004760000000000001,0.0,False,True,6,-2.6498999999999997,,
Lamb_office_Peggy,2017-10-19,perfect_foresight,8.9,0.0004760000000000001,0.0,False,False,0,0.0001,0.0004760000000000001,0.0
Lamb_office_Peggy,2017-10-20,previous_day,8.9,0.0004760000000000001,0.0,False,False,0,0.0001,0.0004760000000000001,0.0
Lamb_office_Peggy,2017-10-20,previous_week,8.9,0.0004760000000000001,0.0,False,False,0,0.0001,0.0004760000000000001,0.0
Lamb_office_Peggy,2017-10-20,ridge,8.9,0.0004760000000000001,0.0,False,True,16,-0.8599,,
Lamb_office_Peggy,2017-10-20,gradient_boosting,8.9,0.0004760000000000001,0.0,False,True,6,-2.6498999999999997,,
Lamb_office_Peggy,2017-10-20,perfect_foresight,8.9,0.0004760000000000001,0.0,False,False,0,0.0001,0.0004760000000000001,0.0
Lamb_office_Peggy,2017-10-21,previous_day,8.9,0.0004760000000000001,0.0,False,False,0,0.0001,0.0004760000000000001,0.0
Lamb_office_Peggy,2017-10-21,previous_week,8.9,0.0004760000000000001,0.0,False,False,0,0.0001,0.0004760000000000001,0.0
Lamb_office_Peggy,2017-10-21,ridge,8.9,0.0004760000000000001,0.0,False,True,16,-0.6599,,
Lamb_office_Peggy,2017-10-21,gradient_boosting,8.9,0.0004760000000000001,0.0,False,True,6,-2.6498999999999997,,
Lamb_office_Peggy,2017-10-21,perfect_foresight,8.9,0.0004760000000000001,0.0,False,False,0,0.0001,0.0004760000000000001,0.0
Lamb_office_Peggy,2017-10-22,previous_day,8.9,0.0004760000000000001,0.0,False,False,0,0.0001,0.0004760000000000001,0.0
Lamb_office_Peggy,2017-10-22,previous_week,8.9,0.0004760000000000001,0.0,False,False,0,0.0001,0.0004760000000000001,0.0
Lamb_office_Peggy,2017-10-22,ridge,8.9,0.0004760000000000001,0.0,False,True,15,-0.6099,,
Lamb_office_Peggy,2017-10-22,gradient_boosting,8.9,0.0004760000000000001,0.0,False,True,6,-2.6498999999999997,,
Lamb_office_Peggy,2017-10-22,perfect_foresight,8.9,0.0004760000000000001,0.0,False,False,0,0.0001,0.0004760000000000001,0.0
Lamb_office_Peggy,2017-10-23,previous_day,8.9,0.0004760000000000001,0.0,False,False,0,0.0001,0.0004760000000000001,0.0
Lamb_office_Peggy,2017-10-23,previous_week,8.9,0.0004760000000000001,0.0,False,False,0,0.0001,0.0004760000000000001,0.0
Lamb_office_Peggy,2017-10-23,ridge,8.9,0.0004760000000000001,0.0,False,True,16,-0.7499,,
Lamb_office_Peggy,2017-10-23,gradient_boosting,8.9,0.0004760000000000001,0.0,False,True,6,-2.6498999999999997,,
Lamb_office_Peggy,2017-10-23,perfect_foresight,8.9,0.0004760000000000001,0.0,False,False,0,0.0001,0.0004760000000000001,0.0
Lamb_office_Peggy,2017-10-24,previous_day,8.9,0.0004760000000000001,0.0,False,False,0,0.0001,0.0004760000000000001,0.0
Lamb_office_Peggy,2017-10-24,previous_week,8.9,0.0004760000000000001,0.0,False,False,0,0.0001,0.0004760000000000001,0.0
Lamb_office_Peggy,2017-10-24,ridge,8.9,0.0004760000000000001,0.0,False,True,16,-0.9799,,
Lamb_office_Peggy,2017-10-24,gradient_boosting,8.9,0.0004760000000000001,0.0,False,True,6,-2.6498999999999997,,
Lamb_office_Peggy,2017-10-24,perfect_foresight,8.9,0.0004760000000000001,0.0,False,False,0,0.0001,0.0004760000000000001,0.0
Lamb_office_Peggy,2017-10-25,previous_day,8.9,0.0004760000000000001,0.0,False,False,0,0.0001,0.0004760000000000001,0.0
Lamb_office_Peggy,2017-10-25,previous_week,8.9,0.0004760000000000001,0.0,False,False,0,0.0001,0.0004760000000000001,0.0
Lamb_office_Peggy,2017-10-25,ridge,8.9,0.0004760000000000001,0.0,False,True,16,-1.1199000000000001,,
Lamb_office_Peggy,2017-10-25,gradient_boosting,8.9,0.0004760000000000001,0.0,False,True,6,-2.6498999999999997,,
Lamb_office_Peggy,2017-10-25,perfect_foresight,8.9,0.0004760000000000001,0.0,False,False,0,0.0001,0.0004760000000000001,0.0
Lamb_office_Peggy,2017-10-26,previous_day,8.9,0.0004760000000000001,0.0,False,False,0,0.0001,0.0004760000000000001,0.0
Lamb_office_Peggy,2017-10-26,previous_week,8.9,0.0004760000000000001,0.0,False,False,0,0.0001,0.0004760000000000001,0.0
Lamb_office_Peggy,2017-10-26,ridge,8.9,0.0004760000000000001,0.0,False,True,16,-1.0699,,
Lamb_office_Peggy,2017-10-26,gradient_boosting,8.9,0.0004760000000000001,0.0,False,True,6,-2.6498999999999997,,
Lamb_office_Peggy,2017-10-26,perfect_foresight,8.9,0.0004760000000000001,0.0,False,False,0,0.0001,0.0004760000000000001,0.0
Lamb_office_Peggy,2017-10-27,previous_day,8.9,0.0004760000000000001,0.0,False,False,0,0.0001,0.0004760000000000001,0.0
Lamb_office_Peggy,2017-10-27,previous_week,8.9,0.0004760000000000001,0.0,False,False,0,0.0001,0.0004760000000000001,0.0
Lamb_office_Peggy,2017-10-27,ridge,8.9,0.0004760000000000001,0.0,False,True,16,-0.8599,,
Lamb_office_Peggy,2017-10-27,gradient_boosting,8.9,0.0004760000000000001,0.0,False,True,6,-2.6498999999999997,,
Lamb_office_Peggy,2017-10-27,perfect_foresight,8.9,0.0004760000000000001,0.0,False,False,0,0.0001,0.0004760000000000001,0.0
Lamb_office_Peggy,2017-10-28,previous_day,8.9,0.0004760000000000001,0.0,False,False,0,0.0001,0.0004760000000000001,0.0
Lamb_office_Peggy,2017-10-28,previous_week,8.9,0.0004760000000000001,0.0,False,False,0,0.0001,0.0004760000000000001,0.0
Lamb_office_Peggy,2017-10-28,ridge,8.9,0.0004760000000000001,0.0,False,True,16,-0.6599,,
Lamb_office_Peggy,2017-10-28,gradient_boosting,8.9,0.0004760000000000001,0.0,False,True,6,-2.6498999999999997,,
Lamb_office_Peggy,2017-10-28,perfect_foresight,8.9,0.0004760000000000001,0.0,False,False,0,0.0001,0.0004760000000000001,0.0
Lamb_office_Peggy,2017-11-01,previous_day,8.9,0.0004760000000000001,0.0,False,False,0,0.0001,0.0004760000000000001,0.0
Lamb_office_Peggy,2017-11-01,previous_week,8.9,0.0004760000000000001,0.0,False,False,0,0.0001,0.0004760000000000001,0.0
Lamb_office_Peggy,2017-11-01,ridge,8.9,0.0004760000000000001,0.0,False,True,16,-1.0799,,
Lamb_office_Peggy,2017-11-01,gradient_boosting,8.9,0.0004760000000000001,0.0,False,True,6,-2.6498999999999997,,
Lamb_office_Peggy,2017-11-01,perfect_foresight,8.9,0.0004760000000000001,0.0,False,False,0,0.0001,0.0004760000000000001,0.0
Lamb_office_Peggy,2017-11-02,previous_day,8.9,0.0004760000000000001,0.0,False,False,0,0.0001,0.0004760000000000001,0.0
Lamb_office_Peggy,2017-11-02,previous_week,8.9,0.0004760000000000001,0.0,False,False,0,0.0001,0.0004760000000000001,0.0
Lamb_office_Peggy,2017-11-02,ridge,8.9,0.0004760000000000001,0.0,False,True,16,-1.0299,,
Lamb_office_Peggy,2017-11-02,gradient_boosting,8.9,0.0004760000000000001,0.0,False,True,6,-2.6498999999999997,,
Lamb_office_Peggy,2017-11-02,perfect_foresight,8.9,0.0004760000000000001,0.0,False,False,0,0.0001,0.0004760000000000001,0.0
Lamb_office_Peggy,2017-11-03,previous_day,8.9,0.0004760000000000001,0.0,False,False,0,0.0001,0.0004760000000000001,0.0
Lamb_office_Peggy,2017-11-03,previous_week,8.9,0.0004760000000000001,0.0,False,False,0,0.0001,0.0004760000000000001,0.0
Lamb_office_Peggy,2017-11-03,ridge,8.9,0.0004760000000000001,0.0,False,True,16,-0.8299,,
Lamb_office_Peggy,2017-11-03,gradient_boosting,8.9,0.0004760000000000001,0.0,False,True,6,-2.6498999999999997,,
Lamb_office_Peggy,2017-11-03,perfect_foresight,8.9,0.0004760000000000001,0.0,False,False,0,0.0001,0.0004760000000000001,0.0
Lamb_office_Peggy,2017-11-04,previous_day,8.9,0.0004760000000000001,0.0,False,False,0,0.0001,0.0004760000000000001,0.0
Lamb_office_Peggy,2017-11-04,previous_week,8.9,0.0004760000000000001,0.0,False,False,0,0.0001,0.0004760000000000001,0.0
Lamb_office_Peggy,2017-11-04,ridge,8.9,0.0004760000000000001,0.0,False,True,15,-0.6199,,
Lamb_office_Peggy,2017-11-04,gradient_boosting,8.9,0.0004760000000000001,0.0,False,True,6,-2.6498999999999997,,
Lamb_office_Peggy,2017-11-04,perfect_foresight,8.9,0.0004760000000000001,0.0,False,False,0,0.0001,0.0004760000000000001,0.0
Lamb_office_Peggy,2017-11-06,previous_day,8.9,0.0004760000000000001,0.0,False,False,0,0.0001,0.0004760000000000001,0.0
Lamb_office_Peggy,2017-11-06,previous_week,8.9,0.0004760000000000001,0.0,False,False,0,0.0001,0.0004760000000000001,0.0
Lamb_office_Peggy,2017-11-06,ridge,8.9,0.0004760000000000001,0.0,False,True,16,-0.7199,,
Lamb_office_Peggy,2017-11-06,gradient_boosting,8.9,0.0004760000000000001,0.0,False,True,6,-2.6498999999999997,,
Lamb_office_Peggy,2017-11-06,perfect_foresight,8.9,0.0004760000000000001,0.0,False,False,0,0.0001,0.0004760000000000001,0.0
Lamb_office_Peggy,2017-11-07,previous_day,8.9,0.0004760000000000001,0.0,False,False,0,0.0001,0.0004760000000000001,0.0
Lamb_office_Peggy,2017-11-07,previous_week,8.9,0.0004760000000000001,0.0,False,False,0,0.0001,0.0004760000000000001,0.0
Lamb_office_Peggy,2017-11-07,ridge,8.9,0.0004760000000000001,0.0,False,True,16,-0.9399,,
Lamb_office_Peggy,2017-11-07,gradient_boosting,8.9,0.0004760000000000001,0.0,False,True,6,-2.6498999999999997,,
Lamb_office_Peggy,2017-11-07,perfect_foresight,8.9,0.0004760000000000001,0.0,False,False,0,0.0001,0.0004760000000000001,0.0
Lamb_office_Peggy,2017-11-08,previous_day,8.9,0.0004760000000000001,0.0,False,False,0,0.0001,0.0004760000000000001,0.0
Lamb_office_Peggy,2017-11-08,previous_week,8.9,0.0004760000000000001,0.0,False,False,0,0.0001,0.0004760000000000001,0.0
Lamb_office_Peggy,2017-11-08,ridge,8.9,0.0004760000000000001,0.0,False,True,16,-1.0799,,
Lamb_office_Peggy,2017-11-08,gradient_boosting,8.9,0.0004760000000000001,0.0,False,True,6,-2.6498999999999997,,
Lamb_office_Peggy,2017-11-08,perfect_foresight,8.9,0.0004760000000000001,0.0,False,False,0,0.0001,0.0004760000000000001,0.0
Lamb_office_Peggy,2017-11-09,previous_day,8.9,0.0004760000000000001,0.0,False,False,0,0.0001,0.0004760000000000001,0.0
Lamb_office_Peggy,2017-11-09,previous_week,8.9,0.0004760000000000001,0.0,False,False,0,0.0001,0.0004760000000000001,0.0
Lamb_office_Peggy,2017-11-09,ridge,8.9,0.0004760000000000001,0.0,False,True,16,-1.0299,,
Lamb_office_Peggy,2017-11-09,gradient_boosting,8.9,0.0004760000000000001,0.0,False,True,6,-2.6498999999999997,,
Lamb_office_Peggy,2017-11-09,perfect_foresight,8.9,0.0004760000000000001,0.0,False,False,0,0.0001,0.0004760000000000001,0.0
Lamb_office_Peggy,2017-11-10,previous_day,8.9,0.0004760000000000001,0.0,False,False,0,0.0001,0.0004760000000000001,0.0
Lamb_office_Peggy,2017-11-10,previous_week,8.9,0.0004760000000000001,0.0,False,False,0,0.0001,0.0004760000000000001,0.0
Lamb_office_Peggy,2017-11-10,ridge,8.9,0.0004760000000000001,0.0,False,True,16,-0.8299,,
Lamb_office_Peggy,2017-11-10,gradient_boosting,8.9,0.0004760000000000001,0.0,False,True,6,-2.6498999999999997,,
Lamb_office_Peggy,2017-11-10,perfect_foresight,8.9,0.0004760000000000001,0.0,False,False,0,0.0001,0.0004760000000000001,0.0
Lamb_office_Peggy,2017-11-11,previous_day,8.9,0.0004760000000000001,0.0,False,False,0,0.0001,0.0004760000000000001,0.0
Lamb_office_Peggy,2017-11-11,previous_week,8.9,0.0004760000000000001,0.0,False,False,0,0.0001,0.0004760000000000001,0.0
Lamb_office_Peggy,2017-11-11,ridge,8.9,0.0004760000000000001,0.0,False,True,15,-0.6199,,
Lamb_office_Peggy,2017-11-11,gradient_boosting,8.9,0.0004760000000000001,0.0,False,True,6,-2.6498999999999997,,
Lamb_office_Peggy,2017-11-11,perfect_foresight,8.9,0.0004760000000000001,0.0,False,False,0,0.0001,0.0004760000000000001,0.0
Lamb_office_Peggy,2017-11-13,previous_day,8.9,0.0004760000000000001,0.0,False,False,0,0.0001,0.0004760000000000001,0.0
Lamb_office_Peggy,2017-11-13,previous_week,8.9,0.0004760000000000001,0.0,False,False,0,0.0001,0.0004760000000000001,0.0
Lamb_office_Peggy,2017-11-13,ridge,8.9,0.0004760000000000001,0.0,False,True,16,-0.7199,,
Lamb_office_Peggy,2017-11-13,gradient_boosting,8.9,0.0004760000000000001,0.0,False,True,6,-2.6498999999999997,,
Lamb_office_Peggy,2017-11-13,perfect_foresight,8.9,0.0004760000000000001,0.0,False,False,0,0.0001,0.0004760000000000001,0.0
Lamb_office_Peggy,2017-11-14,previous_day,8.9,0.0004760000000000001,0.0,False,False,0,0.0001,0.0004760000000000001,0.0
Lamb_office_Peggy,2017-11-14,previous_week,8.9,0.0004760000000000001,0.0,False,False,0,0.0001,0.0004760000000000001,0.0
Lamb_office_Peggy,2017-11-14,ridge,8.9,0.0004760000000000001,0.0,False,True,16,-0.9399,,
Lamb_office_Peggy,2017-11-14,gradient_boosting,8.9,0.0004760000000000001,0.0,False,True,6,-2.6498999999999997,,
Lamb_office_Peggy,2017-11-14,perfect_foresight,8.9,0.0004760000000000001,0.0,False,False,0,0.0001,0.0004760000000000001,0.0
Lamb_office_Peggy,2017-11-15,previous_day,8.9,0.0004760000000000001,0.0,False,False,0,0.0001,0.0004760000000000001,0.0
Lamb_office_Peggy,2017-11-15,previous_week,8.9,0.0004760000000000001,0.0,False,False,0,0.0001,0.0004760000000000001,0.0
Lamb_office_Peggy,2017-11-15,ridge,8.9,0.0004760000000000001,0.0,False,True,16,-1.0799,,
Lamb_office_Peggy,2017-11-15,gradient_boosting,8.9,0.0004760000000000001,0.0,False,True,6,-2.6498999999999997,,
Lamb_office_Peggy,2017-11-15,perfect_foresight,8.9,0.0004760000000000001,0.0,False,False,0,0.0001,0.0004760000000000001,0.0
Lamb_office_Peggy,2017-11-16,previous_day,8.9,0.0004760000000000001,0.0,False,False,0,0.0001,0.0004760000000000001,0.0
Lamb_office_Peggy,2017-11-16,previous_week,8.9,0.0004760000000000001,0.0,False,False,0,0.0001,0.0004760000000000001,0.0
Lamb_office_Peggy,2017-11-16,ridge,8.9,0.0004760000000000001,0.0,False,True,16,-1.0299,,
Lamb_office_Peggy,2017-11-16,gradient_boosting,8.9,0.0004760000000000001,0.0,False,True,6,-2.6498999999999997,,
Lamb_office_Peggy,2017-11-16,perfect_foresight,8.9,0.0004760000000000001,0.0,False,False,0,0.0001,0.0004760000000000001,0.0
Lamb_office_Peggy,2017-11-17,previous_day,8.9,0.0004760000000000001,0.0,False,False,0,0.0001,0.0004760000000000001,0.0
Lamb_office_Peggy,2017-11-17,previous_week,8.9,0.0004760000000000001,0.0,False,False,0,0.0001,0.0004760000000000001,0.0
Lamb_office_Peggy,2017-11-17,ridge,8.9,0.0004760000000000001,0.0,False,True,16,-0.8299,,
Lamb_office_Peggy,2017-11-17,gradient_boosting,8.9,0.0004760000000000001,0.0,False,True,6,-2.6498999999999997,,
Lamb_office_Peggy,2017-11-17,perfect_foresight,8.9,0.0004760000000000001,0.0,False,False,0,0.0001,0.0004760000000000001,0.0
Lamb_office_Peggy,2017-11-18,previous_day,8.9,0.0004760000000000001,0.0,False,False,0,0.0001,0.0004760000000000001,0.0
Lamb_office_Peggy,2017-11-18,previous_week,8.9,0.0004760000000000001,0.0,False,False,0,0.0001,0.0004760000000000001,0.0
Lamb_office_Peggy,2017-11-18,ridge,8.9,0.0004760000000000001,0.0,False,True,15,-0.6199,,
Lamb_office_Peggy,2017-11-18,gradient_boosting,8.9,0.0004760000000000001,0.0,False,True,6,-2.6498999999999997,,
Lamb_office_Peggy,2017-11-18,perfect_foresight,8.9,0.0004760000000000001,0.0,False,False,0,0.0001,0.0004760000000000001,0.0
Lamb_office_Peggy,2017-11-19,previous_day,8.9,0.0004760000000000001,0.0,False,False,0,0.0001,0.0004760000000000001,0.0
Lamb_office_Peggy,2017-11-19,previous_week,8.9,0.0004760000000000001,0.0,False,False,0,0.0001,0.0004760000000000001,0.0
Lamb_office_Peggy,2017-11-19,ridge,8.9,0.0004760000000000001,0.0,False,True,15,-0.5699,,
Lamb_office_Peggy,2017-11-19,gradient_boosting,8.9,0.0004760000000000001,0.0,False,True,6,-2.6498999999999997,,
Lamb_office_Peggy,2017-11-19,perfect_foresight,8.9,0.0004760000000000001,0.0,False,False,0,0.0001,0.0004760000000000001,0.0
Lamb_office_Peggy,2017-11-20,previous_day,8.9,0.0004760000000000001,0.0,False,False,0,0.0001,0.0004760000000000001,0.0
Lamb_office_Peggy,2017-11-20,previous_week,8.9,0.0004760000000000001,0.0,False,False,0,0.0001,0.0004760000000000001,0.0
Lamb_office_Peggy,2017-11-20,ridge,8.9,0.0004760000000000001,0.0,False,True,16,-0.7199,,
Lamb_office_Peggy,2017-11-20,gradient_boosting,8.9,0.0004760000000000001,0.0,False,True,6,-2.6498999999999997,,
Lamb_office_Peggy,2017-11-20,perfect_foresight,8.9,0.0004760000000000001,0.0,False,False,0,0.0001,0.0004760000000000001,0.0
Lamb_office_Peggy,2017-11-21,previous_day,8.9,0.0004760000000000001,0.0,False,False,0,0.0001,0.0004760000000000001,0.0
Lamb_office_Peggy,2017-11-21,previous_week,8.9,0.0004760000000000001,0.0,False,False,0,0.0001,0.0004760000000000001,0.0
Lamb_office_Peggy,2017-11-21,ridge,8.9,0.0004760000000000001,0.0,False,True,16,-0.9399,,
Lamb_office_Peggy,2017-11-21,gradient_boosting,8.9,0.0004760000000000001,0.0,False,True,6,-2.6498999999999997,,
Lamb_office_Peggy,2017-11-21,perfect_foresight,8.9,0.0004760000000000001,0.0,False,False,0,0.0001,0.0004760000000000001,0.0
Lamb_office_Peggy,2017-11-22,previous_day,8.9,0.0004760000000000001,0.0,False,False,0,0.0001,0.0004760000000000001,0.0
Lamb_office_Peggy,2017-11-22,previous_week,8.9,0.0004760000000000001,0.0,False,False,0,0.0001,0.0004760000000000001,0.0
Lamb_office_Peggy,2017-11-22,ridge,8.9,0.0004760000000000001,0.0,False,True,16,-1.0799,,
Lamb_office_Peggy,2017-11-22,gradient_boosting,8.9,0.0004760000000000001,0.0,False,True,6,-2.6498999999999997,,
Lamb_office_Peggy,2017-11-22,perfect_foresight,8.9,0.0004760000000000001,0.0,False,False,0,0.0001,0.0004760000000000001,0.0
Lamb_office_Peggy,2017-11-23,previous_day,8.9,0.0004760000000000001,0.0,False,False,0,0.0001,0.0004760000000000001,0.0
Lamb_office_Peggy,2017-11-23,previous_week,8.9,0.0004760000000000001,0.0,False,False,0,0.0001,0.0004760000000000001,0.0
Lamb_office_Peggy,2017-11-23,ridge,8.9,0.0004760000000000001,0.0,False,True,16,-1.0299,,
Lamb_office_Peggy,2017-11-23,gradient_boosting,8.9,0.0004760000000000001,0.0,False,True,6,-2.6498999999999997,,
Lamb_office_Peggy,2017-11-23,perfect_foresight,8.9,0.0004760000000000001,0.0,False,False,0,0.0001,0.0004760000000000001,0.0
Lamb_office_Peggy,2017-11-24,previous_day,8.9,0.0004760000000000001,0.0,False,False,0,0.0001,0.0004760000000000001,0.0
Lamb_office_Peggy,2017-11-24,previous_week,8.9,0.0004760000000000001,0.0,False,False,0,0.0001,0.0004760000000000001,0.0
Lamb_office_Peggy,2017-11-24,ridge,8.9,0.0004760000000000001,0.0,False,True,16,-0.8299,,
Lamb_office_Peggy,2017-11-24,gradient_boosting,8.9,0.0004760000000000001,0.0,False,True,6,-2.6498999999999997,,
Lamb_office_Peggy,2017-11-24,perfect_foresight,8.9,0.0004760000000000001,0.0,False,False,0,0.0001,0.0004760000000000001,0.0
Lamb_office_Peggy,2017-11-25,previous_day,8.9,0.0004760000000000001,0.0,False,False,0,0.0001,0.0004760000000000001,0.0
Lamb_office_Peggy,2017-11-25,previous_week,8.9,0.0004760000000000001,0.0,False,False,0,0.0001,0.0004760000000000001,0.0
Lamb_office_Peggy,2017-11-25,ridge,8.9,0.0004760000000000001,0.0,False,True,15,-0.6199,,
Lamb_office_Peggy,2017-11-25,gradient_boosting,8.9,0.0004760000000000001,0.0,False,True,6,-2.6498999999999997,,
Lamb_office_Peggy,2017-11-25,perfect_foresight,8.9,0.0004760000000000001,0.0,False,False,0,0.0001,0.0004760000000000001,0.0
Lamb_office_Peggy,2017-11-26,previous_day,8.9,0.0004760000000000001,0.0,False,False,0,0.0001,0.0004760000000000001,0.0
Lamb_office_Peggy,2017-11-26,previous_week,8.9,0.0004760000000000001,0.0,False,False,0,0.0001,0.0004760000000000001,0.0
Lamb_office_Peggy,2017-11-26,ridge,8.9,0.0004760000000000001,0.0,False,True,15,-0.5699,,
Lamb_office_Peggy,2017-11-26,gradient_boosting,8.9,0.0004760000000000001,0.0,False,True,6,-2.6498999999999997,,
Lamb_office_Peggy,2017-11-26,perfect_foresight,8.9,0.0004760000000000001,0.0,False,False,0,0.0001,0.0004760000000000001,0.0
Lamb_office_Peggy,2017-11-27,previous_day,8.9,0.0004760000000000001,0.0,False,False,0,0.0001,0.0004760000000000001,0.0
Lamb_office_Peggy,2017-11-27,previous_week,8.9,0.0004760000000000001,0.0,False,False,0,0.0001,0.0004760000000000001,0.0
Lamb_office_Peggy,2017-11-27,ridge,8.9,0.0004760000000000001,0.0,False,True,16,-0.7199,,
Lamb_office_Peggy,2017-11-27,gradient_boosting,8.9,0.0004760000000000001,0.0,False,True,6,-2.6498999999999997,,
Lamb_office_Peggy,2017-11-27,perfect_foresight,8.9,0.0004760000000000001,0.0,False,False,0,0.0001,0.0004760000000000001,0.0
Lamb_office_Peggy,2017-11-28,previous_day,8.9,3.8464000000000005,0.0,False,False,0,0.41,3.8464000000000005,0.0
Lamb_office_Peggy,2017-11-28,previous_week,8.9,3.8464000000000005,0.0,False,False,0,0.41,3.8464000000000005,0.0
Lamb_office_Peggy,2017-11-28,ridge,8.9,3.8464000000000005,0.0,False,True,6,-0.10999999999999999,,
Lamb_office_Peggy,2017-11-28,gradient_boosting,8.9,3.8464000000000005,0.0,False,True,6,-1.83,,
Lamb_office_Peggy,2017-11-28,perfect_foresight,8.9,3.8464000000000005,0.0,False,False,0,0.0,2.496,0.0
Lamb_office_Peggy,2017-11-29,previous_day,8.9,3.9344000000000006,0.0,False,True,2,-0.020000000000000018,,
Lamb_office_Peggy,2017-11-29,previous_week,8.9,3.9344000000000006,0.0,False,False,0,0.82,3.9344000000000006,0.0
Lamb_office_Peggy,2017-11-29,ridge,8.9,3.9344000000000006,0.0,False,True,13,-0.4700000000000001,,
Lamb_office_Peggy,2017-11-29,gradient_boosting,8.9,3.9344000000000006,0.0,False,True,6,-1.83,,
Lamb_office_Peggy,2017-11-29,perfect_foresight,8.9,3.9344000000000006,0.0,False,False,0,0.0,2.5907999999999998,0.0
Lamb_office_Peggy,2017-11-30,previous_day,8.9,3.9552,0.0,False,True,1,-0.020000000000000018,,
Lamb_office_Peggy,2017-11-30,previous_week,8.9,3.9552,0.0,False,False,0,0.81,3.9552,0.0
Lamb_office_Peggy,2017-11-30,ridge,8.9,3.9552,0.0,False,True,12,-0.3999999999999999,,
Lamb_office_Peggy,2017-11-30,gradient_boosting,8.9,3.9552,0.0,False,True,6,-1.8399999999999999,,
Lamb_office_Peggy,2017-11-30,perfect_foresight,8.9,3.9552,0.0,False,False,0,0.0,2.604,0.0
Lamb_office_Peggy,2017-12-01,previous_day,8.9,3.942,0.0,False,True,3,-0.020000000000000018,,
Lamb_office_Peggy,2017-12-01,previous_week,8.9,3.942,0.0,False,False,0,0.81,3.942,0.0
Lamb_office_Peggy,2017-12-01,ridge,8.9,3.942,0.0,False,True,6,-0.16000000000000003,,
Lamb_office_Peggy,2017-12-01,gradient_boosting,8.9,3.942,0.0,False,True,6,-1.83,,
Lamb_office_Peggy,2017-12-01,perfect_foresight,8.9,3.942,0.0,False,False,0,0.0,2.598,0.0
Lamb_office_Peggy,2017-12-02,previous_day,8.9,3.938600000000001,0.0,False,True,2,-0.020000000000000018,,
Lamb_office_Peggy,2017-12-02,previous_week,8.9,3.938600000000001,0.0,False,False,0,0.82,3.938600000000001,0.0
Lamb_office_Peggy,2017-12-02,ridge,8.9,3.938600000000001,0.0,False,False,0,0.04999999999999993,2.9396,0.0
Lamb_office_Peggy,2017-12-02,gradient_boosting,8.9,3.938600000000001,0.0,False,True,6,-1.83,,
Lamb_office_Peggy,2017-12-02,perfect_foresight,8.9,3.938600000000001,0.0,False,False,0,0.0,2.5919999999999996,0.0
Lamb_office_Peggy,2017-12-03,previous_day,8.9,3.9528000000000003,0.0,False,True,1,-0.020000000000000018,,
Lamb_office_Peggy,2017-12-03,previous_week,8.9,3.9528000000000003,0.0,False,False,0,0.81,3.9528000000000003,0.0
Lamb_office_Peggy,2017-12-03,ridge,8.9,3.9528000000000003,0.0,False,False,0,0.09999999999999998,3.0317999999999996,0.0
Lamb_office_Peggy,2017-12-03,gradient_boosting,8.9,3.9528000000000003,0.0,False,True,6,-1.8199999999999998,,
Lamb_office_Peggy,2017-12-03,perfect_foresight,8.9,3.9528000000000003,0.0,False,False,0,0.0,2.5991999999999997,0.0
Lamb_office_Peggy,2017-12-04,previous_day,8.9,3.9558,0.0,False,True,1,-0.020000000000000018,,
Lamb_office_Peggy,2017-12-04,previous_week,8.9,3.9558,0.0,False,False,0,0.82,3.9558,0.0
Lamb_office_Peggy,2017-12-04,ridge,8.9,3.9558,0.0,False,True,3,-0.030000000000000027,,
Lamb_office_Peggy,2017-12-04,gradient_boosting,8.9,3.9558,0.0,False,True,6,-1.81,,
Lamb_office_Peggy,2017-12-04,perfect_foresight,8.9,3.9558,0.0,False,False,0,0.0,2.598,0.0
Lamb_office_Peggy,2017-12-05,previous_day,8.9,3.934,0.0,False,True,2,-0.020000000000000018,,
Lamb_office_Peggy,2017-12-05,previous_week,8.9,3.934,0.0,False,True,1,-0.020000000000000018,,
Lamb_office_Peggy,2017-12-05,ridge,8.9,3.934,0.0,False,True,11,-0.62,,
Lamb_office_Peggy,2017-12-05,gradient_boosting,8.9,3.934,0.0,False,True,6,-1.83,,
Lamb_office_Peggy,2017-12-05,perfect_foresight,8.9,3.934,0.0,False,False,0,0.0,2.5884,0.0
Lamb_office_Peggy,2017-12-06,previous_day,8.9,3.9686,0.0,False,False,0,-0.010000000000000009,2.6249999999999996,0.0
Lamb_office_Peggy,2017-12-06,previous_week,8.9,3.9686,0.0,False,False,0,-0.010000000000000009,2.627,0.0
Lamb_office_Peggy,2017-12-06,ridge,8.9,3.9686,0.0,False,True,10,-0.7400000000000001,,
Lamb_office_Peggy,2017-12-06,gradient_boosting,8.9,3.9686,0.0,False,True,6,-1.8199999999999998,,
Lamb_office_Peggy,2017-12-06,perfect_foresight,8.9,3.9686,0.0,False,False,0,0.0,2.6064,0.0
Lamb_office_Peggy,2017-12-07,previous_day,8.9,3.9288000000000003,0.0,False,True,6,-0.030000000000000027,,
Lamb_office_Peggy,2017-12-07,previous_week,8.9,3.9288000000000003,0.0,False,True,4,-0.020000000000000018,,
Lamb_office_Peggy,2017-12-07,ridge,8.9,3.9288000000000003,0.0,False,True,10,-0.7200000000000001,,
Lamb_office_Peggy,2017-12-07,gradient_boosting,8.9,3.9288000000000003,0.0,False,True,6,-1.83,,
Lamb_office_Peggy,2017-12-07,perfect_foresight,8.9,3.9288000000000003,0.0,False,False,0,0.0,2.5871999999999997,0.0
Lamb_office_Peggy,2017-12-08,previous_day,8.9,3.9504,0.0,False,False,0,-0.010000000000000009,2.6158,0.0
Lamb_office_Peggy,2017-12-08,previous_week,8.9,3.9504,0.0,False,True,1,-0.020000000000000018,,
Lamb_office_Peggy,2017-12-08,ridge,8.9,3.9504,0.0,False,True,12,-0.5000000000000001,,
Lamb_office_Peggy,2017-12-08,gradient_boosting,8.9,3.9504,0.0,False,True,6,-1.83,,
Lamb_office_Peggy,2017-12-08,perfect_foresight,8.9,3.9504,0.0,False,False,0,0.0,2.5991999999999997,0.0
Lamb_office_Peggy,2017-12-09,previous_day,8.9,3.9672,0.0,False,True,1,-0.030000000000000027,,
Lamb_office_Peggy,2017-12-09,previous_week,8.9,3.9672,0.0,False,False,0,-0.010000000000000009,2.6246,0.0
Lamb_office_Peggy,2017-12-09,ridge,8.9,3.9672,0.0,False,True,10,-0.29999999999999993,,
Lamb_office_Peggy,2017-12-09,gradient_boosting,8.9,3.9672,0.0,False,True,6,-1.8199999999999998,,
Lamb_office_Peggy,2017-12-09,perfect_foresight,8.9,3.9672,0.0,False,False,0,0.0,2.6075999999999997,0.0
Lamb_office_Peggy,2017-12-10,previous_day,8.9,3.9538,0.0,False,True,2,-0.020000000000000018,,
Lamb_office_Peggy,2017-12-10,previous_week,8.9,3.9538,0.0,False,True,2,-0.020000000000000018,,
Lamb_office_Peggy,2017-12-10,ridge,8.9,3.9538,0.0,False,True,9,-0.2600000000000001,,
Lamb_office_Peggy,2017-12-10,gradient_boosting,8.9,3.9538,0.0,False,True,6,-1.8199999999999998,,
Lamb_office_Peggy,2017-12-10,perfect_foresight,8.9,3.9538,0.0,False,False,0,0.0,2.5980000000000003,0.0
Lamb_office_Peggy,2017-12-11,previous_day,8.9,3.9737999999999998,0.0,False,False,0,-0.010000000000000009,2.6249999999999996,0.0
Lamb_office_Peggy,2017-12-11,previous_week,8.9,3.9737999999999998,0.0,False,True,1,-0.020000000000000018,,
Lamb_office_Peggy,2017-12-11,ridge,8.9,3.9737999999999998,0.0,False,True,12,-0.39,,
Lamb_office_Peggy,2017-12-11,gradient_boosting,8.9,3.9737999999999998,0.0,False,True,6,-1.8199999999999998,,
Lamb_office_Peggy,2017-12-11,perfect_foresight,8.9,3.9737999999999998,0.0,False,False,0,0.0,2.6124,0.0
Lamb_office_Peggy,2017-12-12,previous_day,8.9,3.959000000000001,0.0,False,False,0,-0.010000000000000009,2.6155999999999997,0.0
Lamb_office_Peggy,2017-12-12,previous_week,8.9,3.959000000000001,0.0,False,False,0,-0.010000000000000009,2.6233999999999997,0.0
Lamb_office_Peggy,2017-12-12,ridge,8.9,3.959000000000001,0.0,False,True,9,-0.92,,
Lamb_office_Peggy,2017-12-12,gradient_boosting,8.9,3.959000000000001,0.0,False,True,6,-1.8199999999999998,,
Lamb_office_Peggy,2017-12-12,perfect_foresight,8.9,3.959000000000001,0.0,False,False,0,0.0,2.6052,0.0
Lamb_office_Peggy,2017-12-13,previous_day,8.9,3.9694000000000007,0.0,False,False,0,-0.010000000000000009,2.6226,0.0
Lamb_office_Peggy,2017-12-13,previous_week,8.9,3.9694000000000007,0.0,False,False,0,-0.010000000000000009,2.6252,0.0
Lamb_office_Peggy,2017-12-13,ridge,8.9,3.9694000000000007,0.0,False,True,8,-1.06,,
Lamb_office_Peggy,2017-12-13,gradient_boosting,8.9,3.9694000000000007,0.0,False,True,6,-1.8199999999999998,,
Lamb_office_Peggy,2017-12-13,perfect_foresight,8.9,3.9694000000000007,0.0,False,False,0,0.0,2.6136,0.0
Lamb_office_Peggy,2017-12-14,previous_day,8.9,3.9659999999999997,0.0,False,True,1,-0.020000000000000018,,
Lamb_office_Peggy,2017-12-14,previous_week,8.9,3.9659999999999997,0.0,False,False,0,-0.010000000000000009,2.6293999999999995,0.0
Lamb_office_Peggy,2017-12-14,ridge,8.9,3.9659999999999997,0.0,False,True,9,-1.0,,
Lamb_office_Peggy,2017-12-14,gradient_boosting,8.9,3.9659999999999997,0.0,False,True,6,-1.8199999999999998,,
Lamb_office_Peggy,2017-12-14,perfect_foresight,8.9,3.9659999999999997,0.0,False,False,0,0.0,2.61,0.0
Lamb_office_Peggy,2017-12-15,previous_day,8.9,3.9668,0.0,False,True,2,-0.020000000000000018,,
Lamb_office_Peggy,2017-12-15,previous_week,8.9,3.9668,0.0,False,True,1,-0.020000000000000018,,
Lamb_office_Peggy,2017-12-15,ridge,8.9,3.9668,0.0,False,True,10,-0.7999999999999999,,
Lamb_office_Peggy,2017-12-15,gradient_boosting,8.9,3.9668,0.0,False,True,6,-1.8199999999999998,,
Lamb_office_Peggy,2017-12-15,perfect_foresight,8.9,3.9668,0.0,False,False,0,0.0,2.6111999999999997,0.0
Lamb_office_Peggy,2017-12-16,previous_day,8.9,3.9712,0.0,False,False,0,-0.010000000000000009,2.6245999999999996,0.0
Lamb_office_Peggy,2017-12-16,previous_week,8.9,3.9712,0.0,False,True,1,-0.020000000000000018,,
Lamb_office_Peggy,2017-12-16,ridge,8.9,3.9712,0.0,False,True,11,-0.59,,
Lamb_office_Peggy,2017-12-16,gradient_boosting,8.9,3.9712,0.0,False,True,6,-1.8199999999999998,,
Lamb_office_Peggy,2017-12-16,perfect_foresight,8.9,3.9712,0.0,False,False,0,0.0,2.6124,0.0
Lamb_office_Peggy,2017-12-17,previous_day,8.9,3.9810000000000003,0.0,False,False,0,-0.010000000000000009,2.6322,0.0
Lamb_office_Peggy,2017-12-17,previous_week,8.9,3.9810000000000003,0.0,False,False,0,-0.010000000000000009,2.6311999999999998,0.0
Lamb_office_Peggy,2017-12-17,ridge,8.9,3.9810000000000003,0.0,False,True,12,-0.5399999999999999,,
Lamb_office_Peggy,2017-12-17,gradient_boosting,8.9,3.9810000000000003,0.0,False,True,6,-1.8199999999999998,,
Lamb_office_Peggy,2017-12-17,perfect_foresight,8.9,3.9810000000000003,0.0,False,False,0,0.0,2.6184,0.0
Lamb_office_Peggy,2017-12-18,previous_day,8.9,3.9663999999999993,0.0,False,True,1,-0.020000000000000018,,
Lamb_office_Peggy,2017-12-18,previous_week,8.9,3.9663999999999993,0.0,False,True,2,-0.020000000000000018,,
Lamb_office_Peggy,2017-12-18,ridge,8.9,3.9663999999999993,0.0,False,True,11,-0.6900000000000001,,
Lamb_office_Peggy,2017-12-18,gradient_boosting,8.9,3.9663999999999993,0.0,False,True,6,-1.81,,
Lamb_office_Peggy,2017-12-18,perfect_foresight,8.9,3.9663999999999993,0.0,False,False,0,0.0,2.6088,0.0
Lamb_office_Peggy,2017-12-19,previous_day,8.9,3.9812000000000003,0.0,False,False,0,-0.010000000000000009,2.6296,0.0
Lamb_office_Peggy,2017-12-19,previous_week,8.9,3.9812000000000003,0.0,False,False,0,-0.010000000000000009,2.6323999999999996,0.0
Lamb_office_Peggy,2017-12-19,ridge,8.9,3.9812000000000003,0.0,False,True,9,-0.92,,
Lamb_office_Peggy,2017-12-19,gradient_boosting,8.9,3.9812000000000003,0.0,False,True,6,-1.8199999999999998,,
Lamb_office_Peggy,2017-12-19,perfect_foresight,8.9,3.9812000000000003,0.0,False,False,0,0.0,2.6195999999999997,0.0
Lamb_office_Peggy,2017-12-20,previous_day,8.9,3.962,0.0,False,True,3,-0.030000000000000027,,
Lamb_office_Peggy,2017-12-20,previous_week,8.9,3.962,0.0,False,True,2,-0.030000000000000027,,
Lamb_office_Peggy,2017-12-20,ridge,8.9,3.962,0.0,False,True,8,-1.06,,
Lamb_office_Peggy,2017-12-20,gradient_boosting,8.9,3.962,0.0,False,True,6,-1.8199999999999998,,
Lamb_office_Peggy,2017-12-20,perfect_foresight,8.9,3.962,0.0,False,False,0,0.0,2.6052,0.0
Lamb_office_Peggy,2017-12-21,previous_day,8.9,3.9518,0.0,False,True,1,-0.020000000000000018,,
Lamb_office_Peggy,2017-12-21,previous_week,8.9,3.9518,0.0,False,True,3,-0.020000000000000018,,
Lamb_office_Peggy,2017-12-21,ridge,8.9,3.9518,0.0,False,True,9,-1.0100000000000002,,
Lamb_office_Peggy,2017-12-21,gradient_boosting,8.9,3.9518,0.0,False,True,6,-1.8199999999999998,,
Lamb_office_Peggy,2017-12-21,perfect_foresight,8.9,3.9518,0.0,False,False,0,0.0,2.6004,0.0
Lamb_office_Peggy,2017-12-22,previous_day,8.9,4.268,0.0,False,False,0,-0.010000000000000009,2.9186,0.0
Lamb_office_Peggy,2017-12-22,previous_week,8.9,4.268,0.0,False,False,0,-0.010000000000000009,2.9164000000000003,0.0
Lamb_office_Peggy,2017-12-22,ridge,8.9,4.268,0.0,False,True,10,-0.7800000000000001,,
Lamb_office_Peggy,2017-12-22,gradient_boosting,8.9,4.268,0.0,False,True,6,-1.79,,
Lamb_office_Peggy,2017-12-22,perfect_foresight,8.9,4.268,0.0,False,False,0,0.0,2.7792,0.0
Lamb_office_Peggy,2017-12-23,previous_day,8.9,4.4822,0.0,False,True,2,-0.09000000000000008,,
Lamb_office_Peggy,2017-12-23,previous_week,8.9,4.4822,0.0,False,False,0,0.08999999999999997,3.1233999999999993,0.0
Lamb_office_Peggy,2017-12-23,ridge,8.9,4.4822,0.0,False,True,11,-0.5,,
Lamb_office_Peggy,2017-12-23,gradient_boosting,8.9,4.4822,0.0,False,True,6,-1.71,,
Lamb_office_Peggy,2017-12-23,perfect_foresight,8.9,4.4822,0.0,False,False,0,0.0,2.9692000000000003,0.0
Lamb_office_Peggy,2017-12-24,previous_day,8.9,4.4926,0.0,False,False,0,-0.010000000000000009,2.9856,0.0
Lamb_office_Peggy,2017-12-24,previous_week,8.9,4.4926,0.0,False,False,0,0.08999999999999997,3.1299999999999986,0.0
Lamb_office_Peggy,2017-12-24,ridge,8.9,4.4926,0.0,False,True,11,-0.47,,
Lamb_office_Peggy,2017-12-24,gradient_boosting,8.9,4.4926,0.0,False,True,6,-1.71,,
Lamb_office_Peggy,2017-12-24,perfect_foresight,8.9,4.4926,0.0,False,False,0,0.0,2.9776,0.0
Lamb_office_Peggy,2017-12-25,previous_day,8.9,4.5040000000000004,0.0,False,False,0,-0.010000000000000009,2.9950000000000006,0.0
Lamb_office_Peggy,2017-12-25,previous_week,8.9,4.5040000000000004,0.0,False,False,0,0.09999999999999998,3.146399999999999,0.0
Lamb_office_Peggy,2017-12-25,ridge,8.9,4.5040000000000004,0.0,False,True,10,-0.6100000000000001,,
Lamb_office_Peggy,2017-12-25,gradient_boosting,8.9,4.5040000000000004,0.0,False,True,6,-1.71,,
Lamb_office_Peggy,2017-12-25,perfect_foresight,8.9,4.5040000000000004,0.0,False,False,0,0.0,2.986,0.0
Lamb_office_Peggy,2017-12-26,previous_day,8.9,4.498600000000001,0.0,False,False,0,-0.019999999999999907,2.9986000000000006,0.0
Lamb_office_Peggy,2017-12-26,previous_week,8.9,4.498600000000001,0.0,False,False,0,0.09000000000000008,3.1369999999999996,0.0
Lamb_office_Peggy,2017-12-26,ridge,8.9,4.498600000000001,0.0,False,True,9,-0.8300000000000001,,
Lamb_office_Peggy,2017-12-26,gradient_boosting,8.9,4.498600000000001,0.0,False,True,6,-1.7,,
Lamb_office_Peggy,2017-12-26,perfect_foresight,8.9,4.498600000000001,0.0,False,False,0,0.0,2.9836,0.0
Lamb_office_Peggy,2017-12-27,previous_day,8.9,4.4948,0.0,False,False,0,-0.010000000000000009,2.9938,0.0
Lamb_office_Peggy,2017-12-27,previous_week,8.9,4.4948,0.0,False,False,0,0.09999999999999998,3.1379999999999995,0.0
Lamb_office_Peggy,2017-12-27,ridge,8.9,4.4948,0.0,False,True,8,-0.98,,
Lamb_office_Peggy,2017-12-27,gradient_boosting,8.9,4.4948,0.0,False,True,6,-1.71,,
Lamb_office_Peggy,2017-12-27,perfect_foresight,8.9,4.4948,0.0,False,False,0,0.0,2.9808,0.0
Lamb_office_Peggy,2017-12-28,previous_day,8.9,4.487000000000001,0.0,False,False,0,-0.010000000000000009,2.9870000000000005,0.0
Lamb_office_Peggy,2017-12-28,previous_week,8.9,4.487000000000001,0.0,False,False,0,0.09999999999999998,3.1355999999999993,0.0
Lamb_office_Peggy,2017-12-28,ridge,8.9,4.487000000000001,0.0,False,True,8,-0.9200000000000002,,
Lamb_office_Peggy,2017-12-28,gradient_boosting,8.9,4.487000000000001,0.0,False,True,6,-1.71,,
Lamb_office_Peggy,2017-12-28,perfect_foresight,8.9,4.487000000000001,0.0,False,False,0,0.0,2.9739999999999998,0.0
Lamb_office_Peggy,2017-12-29,previous_day,8.9,4.498600000000001,0.0,False,False,0,-0.010000000000000009,2.9895999999999994,0.0
Lamb_office_Peggy,2017-12-29,previous_week,8.9,4.498600000000001,0.0,False,True,3,-0.08000000000000007,,
Lamb_office_Peggy,2017-12-29,ridge,8.9,4.498600000000001,0.0,False,True,9,-0.79,,
Lamb_office_Peggy,2017-12-29,gradient_boosting,8.9,4.498600000000001,0.0,False,True,6,-1.71,,
Lamb_office_Peggy,2017-12-29,perfect_foresight,8.9,4.498600000000001,0.0,False,False,0,0.0,2.9835999999999996,0.0
Lamb_office_Peggy,2017-12-30,previous_day,8.9,4.510800000000001,0.0,False,False,0,-0.010000000000000009,3.0008000000000004,0.0
Lamb_office_Peggy,2017-12-30,previous_week,8.9,4.510800000000001,0.0,False,False,0,0.0,2.9978000000000007,0.0
Lamb_office_Peggy,2017-12-30,ridge,8.9,4.510800000000001,0.0,False,True,11,-0.56,,
Lamb_office_Peggy,2017-12-30,gradient_boosting,8.9,4.510800000000001,0.0,False,True,6,-1.71,,
Lamb_office_Peggy,2017-12-30,perfect_foresight,8.9,4.510800000000001,0.0,False,False,0,0.0,2.9948,0.0
Lamb_office_Peggy,2017-12-31,previous_day,8.9,4.5132,0.0,False,False,0,-0.010000000000000009,3.0012,0.0
Lamb_office_Peggy,2017-12-31,previous_week,8.9,4.5132,0.0,False,False,0,-0.010000000000000009,3.0022000000000006,0.0
Lamb_office_Peggy,2017-12-31,ridge,8.9,4.5132,0.0,False,True,11,-0.51,,
Lamb_office_Peggy,2017-12-31,gradient_boosting,8.9,4.5132,0.0,False,True,6,-1.7,,
Lamb_office_Peggy,2017-12-31,perfect_foresight,8.9,4.5132,0.0,False,False,0,0.0,2.9951999999999996,0.0
